DATE_SK,FULL_DATE,DAY_OF_WEEK,WEEK_START_DATE,MONTH,QUARTER,YEAR,IS_WEEKEND
20180711,2018-07-11,Wed,2018-07-08,7,3,2018,FALSE
20180712,2018-07-12,Thu,2018-07-08,7,3,2018,FALSE
20180713,2018-07-13,Fri,2018-07-08,7,3,2018,TRUE
20180714,2018-07-14,Sat,2018-07-08,7,3,2018,TRUE
20180715,2018-07-15,Sun,2018-07-15,7,3,2018,FALSE
20180716,2018-07-16,Mon,2018-07-15,7,3,2018,FALSE
20180717,2018-07-17,Tue,2018-07-15,7,3,2018,FALSE
20180718,2018-07-18,Wed,2018-07-15,7,3,2018,FALSE
20180719,2018-07-19,Thu,2018-07-15,7,3,2018,FALSE
20180720,2018-07-20,Fri,2018-07-15,7,3,2018,TRUE
20180721,2018-07-21,Sat,2018-07-15,7,3,2018,TRUE
20180722,2018-07-22,Sun,2018-07-22,7,3,2018,FALSE
20180723,2018-07-23,Mon,2018-07-22,7,3,2018,FALSE
20180724,2018-07-24,Tue,2018-07-22,7,3,2018,FALSE
20180725,2018-07-25,Wed,2018-07-22,7,3,2018,FALSE
20180726,2018-07-26,Thu,2018-07-22,7,3,2018,FALSE
20180727,2018-07-27,Fri,2018-07-22,7,3,2018,TRUE
20180728,2018-07-28,Sat,2018-07-22,7,3,2018,TRUE
20180729,2018-07-29,Sun,2018-07-29,7,3,2018,FALSE
20180730,2018-07-30,Mon,2018-07-29,7,3,2018,FALSE
20180731,2018-07-31,Tue,2018-07-29,7,3,2018,FALSE
20180801,2018-08-01,Wed,2018-07-29,8,3,2018,FALSE
20180802,2018-08-02,Thu,2018-07-29,8,3,2018,FALSE
20180803,2018-08-03,Fri,2018-07-29,8,3,2018,TRUE
20180804,2018-08-04,Sat,2018-07-29,8,3,2018,TRUE
20180805,2018-08-05,Sun,2018-08-05,8,3,2018,FALSE
20180806,2018-08-06,Mon,2018-08-05,8,3,2018,FALSE
20180807,2018-08-07,Tue,2018-08-05,8,3,2018,FALSE
20180808,2018-08-08,Wed,2018-08-05,8,3,2018,FALSE
20180809,2018-08-09,Thu,2018-08-05,8,3,2018,FALSE
20180810,2018-08-10,Fri,2018-08-05,8,3,2018,TRUE
20180811,2018-08-11,Sat,2018-08-05,8,3,2018,TRUE
20180812,2018-08-12,Sun,2018-08-12,8,3,2018,FALSE
20180813,2018-08-13,Mon,2018-08-12,8,3,2018,FALSE
20180814,2018-08-14,Tue,2018-08-12,8,3,2018,FALSE
20180815,2018-08-15,Wed,2018-08-12,8,3,2018,FALSE
20180816,2018-08-16,Thu,2018-08-12,8,3,2018,FALSE
20180817,2018-08-17,Fri,2018-08-12,8,3,2018,TRUE
20180818,2018-08-18,Sat,2018-08-12,8,3,2018,TRUE
20180819,2018-08-19,Sun,2018-08-19,8,3,2018,FALSE
20180820,2018-08-20,Mon,2018-08-19,8,3,2018,FALSE
20180821,2018-08-21,Tue,2018-08-19,8,3,2018,FALSE
20180822,2018-08-22,Wed,2018-08-19,8,3,2018,FALSE
20180823,2018-08-23,Thu,2018-08-19,8,3,2018,FALSE
20180824,2018-08-24,Fri,2018-08-19,8,3,2018,TRUE
20180825,2018-08-25,Sat,2018-08-19,8,3,2018,TRUE
20180826,2018-08-26,Sun,2018-08-26,8,3,2018,FALSE
20180827,2018-08-27,Mon,2018-08-26,8,3,2018,FALSE
20180828,2018-08-28,Tue,2018-08-26,8,3,2018,FALSE
20180829,2018-08-29,Wed,2018-08-26,8,3,2018,FALSE
20180830,2018-08-30,Thu,2018-08-26,8,3,2018,FALSE
20180831,2018-08-31,Fri,2018-08-26,8,3,2018,TRUE
20180901,2018-09-01,Sat,2018-08-26,9,3,2018,TRUE
20180902,2018-09-02,Sun,2018-09-02,9,3,2018,FALSE
20180903,2018-09-03,Mon,2018-09-02,9,3,2018,FALSE
20180904,2018-09-04,Tue,2018-09-02,9,3,2018,FALSE
20180905,2018-09-05,Wed,2018-09-02,9,3,2018,FALSE
20180906,2018-09-06,Thu,2018-09-02,9,3,2018,FALSE
20180907,2018-09-07,Fri,2018-09-02,9,3,2018,TRUE
20180908,2018-09-08,Sat,2018-09-02,9,3,2018,TRUE
20180909,2018-09-09,Sun,2018-09-09,9,3,2018,FALSE
20180910,2018-09-10,Mon,2018-09-09,9,3,2018,FALSE
20180911,2018-09-11,Tue,2018-09-09,9,3,2018,FALSE
20180912,2018-09-12,Wed,2018-09-09,9,3,2018,FALSE
20180913,2018-09-13,Thu,2018-09-09,9,3,2018,FALSE
20180914,2018-09-14,Fri,2018-09-09,9,3,2018,TRUE
20180915,2018-09-15,Sat,2018-09-09,9,3,2018,TRUE
20180916,2018-09-16,Sun,2018-09-16,9,3,2018,FALSE
20180917,2018-09-17,Mon,2018-09-16,9,3,2018,FALSE
20180918,2018-09-18,Tue,2018-09-16,9,3,2018,FALSE
20180919,2018-09-19,Wed,2018-09-16,9,3,2018,FALSE
20180920,2018-09-20,Thu,2018-09-16,9,3,2018,FALSE
20180921,2018-09-21,Fri,2018-09-16,9,3,2018,TRUE
20180922,2018-09-22,Sat,2018-09-16,9,3,2018,TRUE
20180923,2018-09-23,Sun,2018-09-23,9,3,2018,FALSE
20180924,2018-09-24,Mon,2018-09-23,9,3,2018,FALSE
20180925,2018-09-25,Tue,2018-09-23,9,3,2018,FALSE
20180926,2018-09-26,Wed,2018-09-23,9,3,2018,FALSE
20180927,2018-09-27,Thu,2018-09-23,9,3,2018,FALSE
20180928,2018-09-28,Fri,2018-09-23,9,3,2018,TRUE
20180929,2018-09-29,Sat,2018-09-23,9,3,2018,TRUE
20180930,2018-09-30,Sun,2018-09-30,9,3,2018,FALSE
20181001,2018-10-01,Mon,2018-09-30,10,4,2018,FALSE
20181002,2018-10-02,Tue,2018-09-30,10,4,2018,FALSE
20181003,2018-10-03,Wed,2018-09-30,10,4,2018,FALSE
20181004,2018-10-04,Thu,2018-09-30,10,4,2018,FALSE
20181005,2018-10-05,Fri,2018-09-30,10,4,2018,TRUE
20181006,2018-10-06,Sat,2018-09-30,10,4,2018,TRUE
20181007,2018-10-07,Sun,2018-10-07,10,4,2018,FALSE
20181008,2018-10-08,Mon,2018-10-07,10,4,2018,FALSE
20181009,2018-10-09,Tue,2018-10-07,10,4,2018,FALSE
20181010,2018-10-10,Wed,2018-10-07,10,4,2018,FALSE
20181011,2018-10-11,Thu,2018-10-07,10,4,2018,FALSE
20181012,2018-10-12,Fri,2018-10-07,10,4,2018,TRUE
20181013,2018-10-13,Sat,2018-10-07,10,4,2018,TRUE
20181014,2018-10-14,Sun,2018-10-14,10,4,2018,FALSE
20181015,2018-10-15,Mon,2018-10-14,10,4,2018,FALSE
20181016,2018-10-16,Tue,2018-10-14,10,4,2018,FALSE
20181017,2018-10-17,Wed,2018-10-14,10,4,2018,FALSE
20181018,2018-10-18,Thu,2018-10-14,10,4,2018,FALSE
20181019,2018-10-19,Fri,2018-10-14,10,4,2018,TRUE
20181020,2018-10-20,Sat,2018-10-14,10,4,2018,TRUE
20181021,2018-10-21,Sun,2018-10-21,10,4,2018,FALSE
20181022,2018-10-22,Mon,2018-10-21,10,4,2018,FALSE
20181023,2018-10-23,Tue,2018-10-21,10,4,2018,FALSE
20181024,2018-10-24,Wed,2018-10-21,10,4,2018,FALSE
20181025,2018-10-25,Thu,2018-10-21,10,4,2018,FALSE
20181026,2018-10-26,Fri,2018-10-21,10,4,2018,TRUE
20181027,2018-10-27,Sat,2018-10-21,10,4,2018,TRUE
20181028,2018-10-28,Sun,2018-10-28,10,4,2018,FALSE
20181029,2018-10-29,Mon,2018-10-28,10,4,2018,FALSE
20181030,2018-10-30,Tue,2018-10-28,10,4,2018,FALSE
20181031,2018-10-31,Wed,2018-10-28,10,4,2018,FALSE
20181101,2018-11-01,Thu,2018-10-28,11,4,2018,FALSE
20181102,2018-11-02,Fri,2018-10-28,11,4,2018,TRUE
20181103,2018-11-03,Sat,2018-10-28,11,4,2018,TRUE
20181104,2018-11-04,Sun,2018-11-04,11,4,2018,FALSE
20181105,2018-11-05,Mon,2018-11-04,11,4,2018,FALSE
20181106,2018-11-06,Tue,2018-11-04,11,4,2018,FALSE
20181107,2018-11-07,Wed,2018-11-04,11,4,2018,FALSE
20181108,2018-11-08,Thu,2018-11-04,11,4,2018,FALSE
20181109,2018-11-09,Fri,2018-11-04,11,4,2018,TRUE
20181110,2018-11-10,Sat,2018-11-04,11,4,2018,TRUE
20181111,2018-11-11,Sun,2018-11-11,11,4,2018,FALSE
20181112,2018-11-12,Mon,2018-11-11,11,4,2018,FALSE
20181113,2018-11-13,Tue,2018-11-11,11,4,2018,FALSE
20181114,2018-11-14,Wed,2018-11-11,11,4,2018,FALSE
20181115,2018-11-15,Thu,2018-11-11,11,4,2018,FALSE
20181116,2018-11-16,Fri,2018-11-11,11,4,2018,TRUE
20181117,2018-11-17,Sat,2018-11-11,11,4,2018,TRUE
20181118,2018-11-18,Sun,2018-11-18,11,4,2018,FALSE
20181119,2018-11-19,Mon,2018-11-18,11,4,2018,FALSE
20181120,2018-11-20,Tue,2018-11-18,11,4,2018,FALSE
20181121,2018-11-21,Wed,2018-11-18,11,4,2018,FALSE
20181122,2018-11-22,Thu,2018-11-18,11,4,2018,FALSE
20181123,2018-11-23,Fri,2018-11-18,11,4,2018,TRUE
20181124,2018-11-24,Sat,2018-11-18,11,4,2018,TRUE
20181125,2018-11-25,Sun,2018-11-25,11,4,2018,FALSE
20181126,2018-11-26,Mon,2018-11-25,11,4,2018,FALSE
20181127,2018-11-27,Tue,2018-11-25,11,4,2018,FALSE
20181128,2018-11-28,Wed,2018-11-25,11,4,2018,FALSE
20181129,2018-11-29,Thu,2018-11-25,11,4,2018,FALSE
20181130,2018-11-30,Fri,2018-11-25,11,4,2018,TRUE
20181201,2018-12-01,Sat,2018-11-25,12,4,2018,TRUE
20181202,2018-12-02,Sun,2018-12-02,12,4,2018,FALSE
20181203,2018-12-03,Mon,2018-12-02,12,4,2018,FALSE
20181204,2018-12-04,Tue,2018-12-02,12,4,2018,FALSE
20181205,2018-12-05,Wed,2018-12-02,12,4,2018,FALSE
20181206,2018-12-06,Thu,2018-12-02,12,4,2018,FALSE
20181207,2018-12-07,Fri,2018-12-02,12,4,2018,TRUE
20181208,2018-12-08,Sat,2018-12-02,12,4,2018,TRUE
20181209,2018-12-09,Sun,2018-12-09,12,4,2018,FALSE
20181210,2018-12-10,Mon,2018-12-09,12,4,2018,FALSE
20181211,2018-12-11,Tue,2018-12-09,12,4,2018,FALSE
20181212,2018-12-12,Wed,2018-12-09,12,4,2018,FALSE
20181213,2018-12-13,Thu,2018-12-09,12,4,2018,FALSE
20181214,2018-12-14,Fri,2018-12-09,12,4,2018,TRUE
20181215,2018-12-15,Sat,2018-12-09,12,4,2018,TRUE
20181216,2018-12-16,Sun,2018-12-16,12,4,2018,FALSE
20181217,2018-12-17,Mon,2018-12-16,12,4,2018,FALSE
20181218,2018-12-18,Tue,2018-12-16,12,4,2018,FALSE
20181219,2018-12-19,Wed,2018-12-16,12,4,2018,FALSE
20181220,2018-12-20,Thu,2018-12-16,12,4,2018,FALSE
20181221,2018-12-21,Fri,2018-12-16,12,4,2018,TRUE
20181222,2018-12-22,Sat,2018-12-16,12,4,2018,TRUE
20181223,2018-12-23,Sun,2018-12-23,12,4,2018,FALSE
20181224,2018-12-24,Mon,2018-12-23,12,4,2018,FALSE
20181225,2018-12-25,Tue,2018-12-23,12,4,2018,FALSE
20181226,2018-12-26,Wed,2018-12-23,12,4,2018,FALSE
20181227,2018-12-27,Thu,2018-12-23,12,4,2018,FALSE
20181228,2018-12-28,Fri,2018-12-23,12,4,2018,TRUE
20181229,2018-12-29,Sat,2018-12-23,12,4,2018,TRUE
20181230,2018-12-30,Sun,2018-12-30,12,4,2018,FALSE
20181231,2018-12-31,Mon,2018-12-30,12,4,2018,FALSE
20190101,2019-01-01,Tue,2018-12-30,1,1,2019,FALSE
20190102,2019-01-02,Wed,2018-12-30,1,1,2019,FALSE
20190103,2019-01-03,Thu,2018-12-30,1,1,2019,FALSE
20190104,2019-01-04,Fri,2018-12-30,1,1,2019,TRUE
20190105,2019-01-05,Sat,2018-12-30,1,1,2019,TRUE
20190106,2019-01-06,Sun,2019-01-06,1,1,2019,FALSE
20190107,2019-01-07,Mon,2019-01-06,1,1,2019,FALSE
20190108,2019-01-08,Tue,2019-01-06,1,1,2019,FALSE
20190109,2019-01-09,Wed,2019-01-06,1,1,2019,FALSE
20190110,2019-01-10,Thu,2019-01-06,1,1,2019,FALSE
20190111,2019-01-11,Fri,2019-01-06,1,1,2019,TRUE
20190112,2019-01-12,Sat,2019-01-06,1,1,2019,TRUE
20190113,2019-01-13,Sun,2019-01-13,1,1,2019,FALSE
20190114,2019-01-14,Mon,2019-01-13,1,1,2019,FALSE
20190115,2019-01-15,Tue,2019-01-13,1,1,2019,FALSE
20190116,2019-01-16,Wed,2019-01-13,1,1,2019,FALSE
20190117,2019-01-17,Thu,2019-01-13,1,1,2019,FALSE
20190118,2019-01-18,Fri,2019-01-13,1,1,2019,TRUE
20190119,2019-01-19,Sat,2019-01-13,1,1,2019,TRUE
20190120,2019-01-20,Sun,2019-01-20,1,1,2019,FALSE
20190121,2019-01-21,Mon,2019-01-20,1,1,2019,FALSE
20190122,2019-01-22,Tue,2019-01-20,1,1,2019,FALSE
20190123,2019-01-23,Wed,2019-01-20,1,1,2019,FALSE
20190124,2019-01-24,Thu,2019-01-20,1,1,2019,FALSE
20190125,2019-01-25,Fri,2019-01-20,1,1,2019,TRUE
20190126,2019-01-26,Sat,2019-01-20,1,1,2019,TRUE
20190127,2019-01-27,Sun,2019-01-27,1,1,2019,FALSE
20190128,2019-01-28,Mon,2019-01-27,1,1,2019,FALSE
20190129,2019-01-29,Tue,2019-01-27,1,1,2019,FALSE
20190130,2019-01-30,Wed,2019-01-27,1,1,2019,FALSE
20190131,2019-01-31,Thu,2019-01-27,1,1,2019,FALSE
20190201,2019-02-01,Fri,2019-01-27,2,1,2019,TRUE
20190202,2019-02-02,Sat,2019-01-27,2,1,2019,TRUE
20190203,2019-02-03,Sun,2019-02-03,2,1,2019,FALSE
20190204,2019-02-04,Mon,2019-02-03,2,1,2019,FALSE
20190205,2019-02-05,Tue,2019-02-03,2,1,2019,FALSE
20190206,2019-02-06,Wed,2019-02-03,2,1,2019,FALSE
20190207,2019-02-07,Thu,2019-02-03,2,1,2019,FALSE
20190208,2019-02-08,Fri,2019-02-03,2,1,2019,TRUE
20190209,2019-02-09,Sat,2019-02-03,2,1,2019,TRUE
20190210,2019-02-10,Sun,2019-02-10,2,1,2019,FALSE
20190211,2019-02-11,Mon,2019-02-10,2,1,2019,FALSE
20190212,2019-02-12,Tue,2019-02-10,2,1,2019,FALSE
20190213,2019-02-13,Wed,2019-02-10,2,1,2019,FALSE
20190214,2019-02-14,Thu,2019-02-10,2,1,2019,FALSE
20190215,2019-02-15,Fri,2019-02-10,2,1,2019,TRUE
20190216,2019-02-16,Sat,2019-02-10,2,1,2019,TRUE
20190217,2019-02-17,Sun,2019-02-17,2,1,2019,FALSE
20190218,2019-02-18,Mon,2019-02-17,2,1,2019,FALSE
20190219,2019-02-19,Tue,2019-02-17,2,1,2019,FALSE
20190220,2019-02-20,Wed,2019-02-17,2,1,2019,FALSE
20190221,2019-02-21,Thu,2019-02-17,2,1,2019,FALSE
20190222,2019-02-22,Fri,2019-02-17,2,1,2019,TRUE
20190223,2019-02-23,Sat,2019-02-17,2,1,2019,TRUE
20190224,2019-02-24,Sun,2019-02-24,2,1,2019,FALSE
20190225,2019-02-25,Mon,2019-02-24,2,1,2019,FALSE
20190226,2019-02-26,Tue,2019-02-24,2,1,2019,FALSE
20190227,2019-02-27,Wed,2019-02-24,2,1,2019,FALSE
20190228,2019-02-28,Thu,2019-02-24,2,1,2019,FALSE
20190301,2019-03-01,Fri,2019-02-24,3,1,2019,TRUE
20190302,2019-03-02,Sat,2019-02-24,3,1,2019,TRUE
20190303,2019-03-03,Sun,2019-03-03,3,1,2019,FALSE
20190304,2019-03-04,Mon,2019-03-03,3,1,2019,FALSE
20190305,2019-03-05,Tue,2019-03-03,3,1,2019,FALSE
20190306,2019-03-06,Wed,2019-03-03,3,1,2019,FALSE
20190307,2019-03-07,Thu,2019-03-03,3,1,2019,FALSE
20190308,2019-03-08,Fri,2019-03-03,3,1,2019,TRUE
20190309,2019-03-09,Sat,2019-03-03,3,1,2019,TRUE
20190310,2019-03-10,Sun,2019-03-10,3,1,2019,FALSE
20190311,2019-03-11,Mon,2019-03-10,3,1,2019,FALSE
20190312,2019-03-12,Tue,2019-03-10,3,1,2019,FALSE
20190313,2019-03-13,Wed,2019-03-10,3,1,2019,FALSE
20190314,2019-03-14,Thu,2019-03-10,3,1,2019,FALSE
20190315,2019-03-15,Fri,2019-03-10,3,1,2019,TRUE
20190316,2019-03-16,Sat,2019-03-10,3,1,2019,TRUE
20190317,2019-03-17,Sun,2019-03-17,3,1,2019,FALSE
20190318,2019-03-18,Mon,2019-03-17,3,1,2019,FALSE
20190319,2019-03-19,Tue,2019-03-17,3,1,2019,FALSE
20190320,2019-03-20,Wed,2019-03-17,3,1,2019,FALSE
20190321,2019-03-21,Thu,2019-03-17,3,1,2019,FALSE
20190322,2019-03-22,Fri,2019-03-17,3,1,2019,TRUE
20190323,2019-03-23,Sat,2019-03-17,3,1,2019,TRUE
20190324,2019-03-24,Sun,2019-03-24,3,1,2019,FALSE
20190325,2019-03-25,Mon,2019-03-24,3,1,2019,FALSE
20190326,2019-03-26,Tue,2019-03-24,3,1,2019,FALSE
20190327,2019-03-27,Wed,2019-03-24,3,1,2019,FALSE
20190328,2019-03-28,Thu,2019-03-24,3,1,2019,FALSE
20190329,2019-03-29,Fri,2019-03-24,3,1,2019,TRUE
20190330,2019-03-30,Sat,2019-03-24,3,1,2019,TRUE
20190331,2019-03-31,Sun,2019-03-31,3,1,2019,FALSE
20190401,2019-04-01,Mon,2019-03-31,4,2,2019,FALSE
20190402,2019-04-02,Tue,2019-03-31,4,2,2019,FALSE
20190403,2019-04-03,Wed,2019-03-31,4,2,2019,FALSE
20190404,2019-04-04,Thu,2019-03-31,4,2,2019,FALSE
20190405,2019-04-05,Fri,2019-03-31,4,2,2019,TRUE
20190406,2019-04-06,Sat,2019-03-31,4,2,2019,TRUE
20190407,2019-04-07,Sun,2019-04-07,4,2,2019,FALSE
20190408,2019-04-08,Mon,2019-04-07,4,2,2019,FALSE
20190409,2019-04-09,Tue,2019-04-07,4,2,2019,FALSE
20190410,2019-04-10,Wed,2019-04-07,4,2,2019,FALSE
20190411,2019-04-11,Thu,2019-04-07,4,2,2019,FALSE
20190412,2019-04-12,Fri,2019-04-07,4,2,2019,TRUE
20190413,2019-04-13,Sat,2019-04-07,4,2,2019,TRUE
20190414,2019-04-14,Sun,2019-04-14,4,2,2019,FALSE
20190415,2019-04-15,Mon,2019-04-14,4,2,2019,FALSE
20190416,2019-04-16,Tue,2019-04-14,4,2,2019,FALSE
20190417,2019-04-17,Wed,2019-04-14,4,2,2019,FALSE
20190418,2019-04-18,Thu,2019-04-14,4,2,2019,FALSE
20190419,2019-04-19,Fri,2019-04-14,4,2,2019,TRUE
20190420,2019-04-20,Sat,2019-04-14,4,2,2019,TRUE
20190421,2019-04-21,Sun,2019-04-21,4,2,2019,FALSE
20190422,2019-04-22,Mon,2019-04-21,4,2,2019,FALSE
20190423,2019-04-23,Tue,2019-04-21,4,2,2019,FALSE
20190424,2019-04-24,Wed,2019-04-21,4,2,2019,FALSE
20190425,2019-04-25,Thu,2019-04-21,4,2,2019,FALSE
20190426,2019-04-26,Fri,2019-04-21,4,2,2019,TRUE
20190427,2019-04-27,Sat,2019-04-21,4,2,2019,TRUE
20190428,2019-04-28,Sun,2019-04-28,4,2,2019,FALSE
20190429,2019-04-29,Mon,2019-04-28,4,2,2019,FALSE
20190430,2019-04-30,Tue,2019-04-28,4,2,2019,FALSE
20190501,2019-05-01,Wed,2019-04-28,5,2,2019,FALSE
20190502,2019-05-02,Thu,2019-04-28,5,2,2019,FALSE
20190503,2019-05-03,Fri,2019-04-28,5,2,2019,TRUE
20190504,2019-05-04,Sat,2019-04-28,5,2,2019,TRUE
20190505,2019-05-05,Sun,2019-05-05,5,2,2019,FALSE
20190506,2019-05-06,Mon,2019-05-05,5,2,2019,FALSE
20190507,2019-05-07,Tue,2019-05-05,5,2,2019,FALSE
20190508,2019-05-08,Wed,2019-05-05,5,2,2019,FALSE
20190509,2019-05-09,Thu,2019-05-05,5,2,2019,FALSE
20190510,2019-05-10,Fri,2019-05-05,5,2,2019,TRUE
20190511,2019-05-11,Sat,2019-05-05,5,2,2019,TRUE
20190512,2019-05-12,Sun,2019-05-12,5,2,2019,FALSE
20190513,2019-05-13,Mon,2019-05-12,5,2,2019,FALSE
20190514,2019-05-14,Tue,2019-05-12,5,2,2019,FALSE
20190515,2019-05-15,Wed,2019-05-12,5,2,2019,FALSE
20190516,2019-05-16,Thu,2019-05-12,5,2,2019,FALSE
20190517,2019-05-17,Fri,2019-05-12,5,2,2019,TRUE
20190518,2019-05-18,Sat,2019-05-12,5,2,2019,TRUE
20190519,2019-05-19,Sun,2019-05-19,5,2,2019,FALSE
20190520,2019-05-20,Mon,2019-05-19,5,2,2019,FALSE
20190521,2019-05-21,Tue,2019-05-19,5,2,2019,FALSE
20190522,2019-05-22,Wed,2019-05-19,5,2,2019,FALSE
20190523,2019-05-23,Thu,2019-05-19,5,2,2019,FALSE
20190524,2019-05-24,Fri,2019-05-19,5,2,2019,TRUE
20190525,2019-05-25,Sat,2019-05-19,5,2,2019,TRUE
20190526,2019-05-26,Sun,2019-05-26,5,2,2019,FALSE
20190527,2019-05-27,Mon,2019-05-26,5,2,2019,FALSE
20190528,2019-05-28,Tue,2019-05-26,5,2,2019,FALSE
20190529,2019-05-29,Wed,2019-05-26,5,2,2019,FALSE
20190530,2019-05-30,Thu,2019-05-26,5,2,2019,FALSE
20190531,2019-05-31,Fri,2019-05-26,5,2,2019,TRUE
20190601,2019-06-01,Sat,2019-05-26,6,2,2019,TRUE
20190602,2019-06-02,Sun,2019-06-02,6,2,2019,FALSE
20190603,2019-06-03,Mon,2019-06-02,6,2,2019,FALSE
20190604,2019-06-04,Tue,2019-06-02,6,2,2019,FALSE
20190605,2019-06-05,Wed,2019-06-02,6,2,2019,FALSE
20190606,2019-06-06,Thu,2019-06-02,6,2,2019,FALSE
20190607,2019-06-07,Fri,2019-06-02,6,2,2019,TRUE
20190608,2019-06-08,Sat,2019-06-02,6,2,2019,TRUE
20190609,2019-06-09,Sun,2019-06-09,6,2,2019,FALSE
20190610,2019-06-10,Mon,2019-06-09,6,2,2019,FALSE
20190611,2019-06-11,Tue,2019-06-09,6,2,2019,FALSE
20190612,2019-06-12,Wed,2019-06-09,6,2,2019,FALSE
20190613,2019-06-13,Thu,2019-06-09,6,2,2019,FALSE
20190614,2019-06-14,Fri,2019-06-09,6,2,2019,TRUE
20190615,2019-06-15,Sat,2019-06-09,6,2,2019,TRUE
20190616,2019-06-16,Sun,2019-06-16,6,2,2019,FALSE
20190617,2019-06-17,Mon,2019-06-16,6,2,2019,FALSE
20190618,2019-06-18,Tue,2019-06-16,6,2,2019,FALSE
20190619,2019-06-19,Wed,2019-06-16,6,2,2019,FALSE
20190620,2019-06-20,Thu,2019-06-16,6,2,2019,FALSE
20190621,2019-06-21,Fri,2019-06-16,6,2,2019,TRUE
20190622,2019-06-22,Sat,2019-06-16,6,2,2019,TRUE
20190623,2019-06-23,Sun,2019-06-23,6,2,2019,FALSE
20190624,2019-06-24,Mon,2019-06-23,6,2,2019,FALSE
20190625,2019-06-25,Tue,2019-06-23,6,2,2019,FALSE
20190626,2019-06-26,Wed,2019-06-23,6,2,2019,FALSE
20190627,2019-06-27,Thu,2019-06-23,6,2,2019,FALSE
20190628,2019-06-28,Fri,2019-06-23,6,2,2019,TRUE
20190629,2019-06-29,Sat,2019-06-23,6,2,2019,TRUE
20190630,2019-06-30,Sun,2019-06-30,6,2,2019,FALSE
20190701,2019-07-01,Mon,2019-06-30,7,3,2019,FALSE
20190702,2019-07-02,Tue,2019-06-30,7,3,2019,FALSE
20190703,2019-07-03,Wed,2019-06-30,7,3,2019,FALSE
20190704,2019-07-04,Thu,2019-06-30,7,3,2019,FALSE
20190705,2019-07-05,Fri,2019-06-30,7,3,2019,TRUE
20190706,2019-07-06,Sat,2019-06-30,7,3,2019,TRUE
20190707,2019-07-07,Sun,2019-07-07,7,3,2019,FALSE
20190708,2019-07-08,Mon,2019-07-07,7,3,2019,FALSE
20190709,2019-07-09,Tue,2019-07-07,7,3,2019,FALSE
20190710,2019-07-10,Wed,2019-07-07,7,3,2019,FALSE
20190711,2019-07-11,Thu,2019-07-07,7,3,2019,FALSE
20190712,2019-07-12,Fri,2019-07-07,7,3,2019,TRUE
20190713,2019-07-13,Sat,2019-07-07,7,3,2019,TRUE
20190714,2019-07-14,Sun,2019-07-14,7,3,2019,FALSE
20190715,2019-07-15,Mon,2019-07-14,7,3,2019,FALSE
20190716,2019-07-16,Tue,2019-07-14,7,3,2019,FALSE
20190717,2019-07-17,Wed,2019-07-14,7,3,2019,FALSE
20190718,2019-07-18,Thu,2019-07-14,7,3,2019,FALSE
20190719,2019-07-19,Fri,2019-07-14,7,3,2019,TRUE
20190720,2019-07-20,Sat,2019-07-14,7,3,2019,TRUE
20190721,2019-07-21,Sun,2019-07-21,7,3,2019,FALSE
20190722,2019-07-22,Mon,2019-07-21,7,3,2019,FALSE
20190723,2019-07-23,Tue,2019-07-21,7,3,2019,FALSE
20190724,2019-07-24,Wed,2019-07-21,7,3,2019,FALSE
20190725,2019-07-25,Thu,2019-07-21,7,3,2019,FALSE
20190726,2019-07-26,Fri,2019-07-21,7,3,2019,TRUE
20190727,2019-07-27,Sat,2019-07-21,7,3,2019,TRUE
20190728,2019-07-28,Sun,2019-07-28,7,3,2019,FALSE
20190729,2019-07-29,Mon,2019-07-28,7,3,2019,FALSE
20190730,2019-07-30,Tue,2019-07-28,7,3,2019,FALSE
20190731,2019-07-31,Wed,2019-07-28,7,3,2019,FALSE
20190801,2019-08-01,Thu,2019-07-28,8,3,2019,FALSE
20190802,2019-08-02,Fri,2019-07-28,8,3,2019,TRUE
20190803,2019-08-03,Sat,2019-07-28,8,3,2019,TRUE
20190804,2019-08-04,Sun,2019-08-04,8,3,2019,FALSE
20190805,2019-08-05,Mon,2019-08-04,8,3,2019,FALSE
20190806,2019-08-06,Tue,2019-08-04,8,3,2019,FALSE
20190807,2019-08-07,Wed,2019-08-04,8,3,2019,FALSE
20190808,2019-08-08,Thu,2019-08-04,8,3,2019,FALSE
20190809,2019-08-09,Fri,2019-08-04,8,3,2019,TRUE
20190810,2019-08-10,Sat,2019-08-04,8,3,2019,TRUE
20190811,2019-08-11,Sun,2019-08-11,8,3,2019,FALSE
20190812,2019-08-12,Mon,2019-08-11,8,3,2019,FALSE
20190813,2019-08-13,Tue,2019-08-11,8,3,2019,FALSE
20190814,2019-08-14,Wed,2019-08-11,8,3,2019,FALSE
20190815,2019-08-15,Thu,2019-08-11,8,3,2019,FALSE
20190816,2019-08-16,Fri,2019-08-11,8,3,2019,TRUE
20190817,2019-08-17,Sat,2019-08-11,8,3,2019,TRUE
20190818,2019-08-18,Sun,2019-08-18,8,3,2019,FALSE
20190819,2019-08-19,Mon,2019-08-18,8,3,2019,FALSE
20190820,2019-08-20,Tue,2019-08-18,8,3,2019,FALSE
20190821,2019-08-21,Wed,2019-08-18,8,3,2019,FALSE
20190822,2019-08-22,Thu,2019-08-18,8,3,2019,FALSE
20190823,2019-08-23,Fri,2019-08-18,8,3,2019,TRUE
20190824,2019-08-24,Sat,2019-08-18,8,3,2019,TRUE
20190825,2019-08-25,Sun,2019-08-25,8,3,2019,FALSE
20190826,2019-08-26,Mon,2019-08-25,8,3,2019,FALSE
20190827,2019-08-27,Tue,2019-08-25,8,3,2019,FALSE
20190828,2019-08-28,Wed,2019-08-25,8,3,2019,FALSE
20190829,2019-08-29,Thu,2019-08-25,8,3,2019,FALSE
20190830,2019-08-30,Fri,2019-08-25,8,3,2019,TRUE
20190831,2019-08-31,Sat,2019-08-25,8,3,2019,TRUE
20190901,2019-09-01,Sun,2019-09-01,9,3,2019,FALSE
20190902,2019-09-02,Mon,2019-09-01,9,3,2019,FALSE
20190903,2019-09-03,Tue,2019-09-01,9,3,2019,FALSE
20190904,2019-09-04,Wed,2019-09-01,9,3,2019,FALSE
20190905,2019-09-05,Thu,2019-09-01,9,3,2019,FALSE
20190906,2019-09-06,Fri,2019-09-01,9,3,2019,TRUE
20190907,2019-09-07,Sat,2019-09-01,9,3,2019,TRUE
20190908,2019-09-08,Sun,2019-09-08,9,3,2019,FALSE
20190909,2019-09-09,Mon,2019-09-08,9,3,2019,FALSE
20190910,2019-09-10,Tue,2019-09-08,9,3,2019,FALSE
20190911,2019-09-11,Wed,2019-09-08,9,3,2019,FALSE
20190912,2019-09-12,Thu,2019-09-08,9,3,2019,FALSE
20190913,2019-09-13,Fri,2019-09-08,9,3,2019,TRUE
20190914,2019-09-14,Sat,2019-09-08,9,3,2019,TRUE
20190915,2019-09-15,Sun,2019-09-15,9,3,2019,FALSE
20190916,2019-09-16,Mon,2019-09-15,9,3,2019,FALSE
20190917,2019-09-17,Tue,2019-09-15,9,3,2019,FALSE
20190918,2019-09-18,Wed,2019-09-15,9,3,2019,FALSE
20190919,2019-09-19,Thu,2019-09-15,9,3,2019,FALSE
20190920,2019-09-20,Fri,2019-09-15,9,3,2019,TRUE
20190921,2019-09-21,Sat,2019-09-15,9,3,2019,TRUE
20190922,2019-09-22,Sun,2019-09-22,9,3,2019,FALSE
20190923,2019-09-23,Mon,2019-09-22,9,3,2019,FALSE
20190924,2019-09-24,Tue,2019-09-22,9,3,2019,FALSE
20190925,2019-09-25,Wed,2019-09-22,9,3,2019,FALSE
20190926,2019-09-26,Thu,2019-09-22,9,3,2019,FALSE
20190927,2019-09-27,Fri,2019-09-22,9,3,2019,TRUE
20190928,2019-09-28,Sat,2019-09-22,9,3,2019,TRUE
20190929,2019-09-29,Sun,2019-09-29,9,3,2019,FALSE
20190930,2019-09-30,Mon,2019-09-29,9,3,2019,FALSE
20191001,2019-10-01,Tue,2019-09-29,10,4,2019,FALSE
20191002,2019-10-02,Wed,2019-09-29,10,4,2019,FALSE
20191003,2019-10-03,Thu,2019-09-29,10,4,2019,FALSE
20191004,2019-10-04,Fri,2019-09-29,10,4,2019,TRUE
20191005,2019-10-05,Sat,2019-09-29,10,4,2019,TRUE
20191006,2019-10-06,Sun,2019-10-06,10,4,2019,FALSE
20191007,2019-10-07,Mon,2019-10-06,10,4,2019,FALSE
20191008,2019-10-08,Tue,2019-10-06,10,4,2019,FALSE
20191009,2019-10-09,Wed,2019-10-06,10,4,2019,FALSE
20191010,2019-10-10,Thu,2019-10-06,10,4,2019,FALSE
20191011,2019-10-11,Fri,2019-10-06,10,4,2019,TRUE
20191012,2019-10-12,Sat,2019-10-06,10,4,2019,TRUE
20191013,2019-10-13,Sun,2019-10-13,10,4,2019,FALSE
20191014,2019-10-14,Mon,2019-10-13,10,4,2019,FALSE
20191015,2019-10-15,Tue,2019-10-13,10,4,2019,FALSE
20191016,2019-10-16,Wed,2019-10-13,10,4,2019,FALSE
20191017,2019-10-17,Thu,2019-10-13,10,4,2019,FALSE
20191018,2019-10-18,Fri,2019-10-13,10,4,2019,TRUE
20191019,2019-10-19,Sat,2019-10-13,10,4,2019,TRUE
20191020,2019-10-20,Sun,2019-10-20,10,4,2019,FALSE
20191021,2019-10-21,Mon,2019-10-20,10,4,2019,FALSE
20191022,2019-10-22,Tue,2019-10-20,10,4,2019,FALSE
20191023,2019-10-23,Wed,2019-10-20,10,4,2019,FALSE
20191024,2019-10-24,Thu,2019-10-20,10,4,2019,FALSE
20191025,2019-10-25,Fri,2019-10-20,10,4,2019,TRUE
20191026,2019-10-26,Sat,2019-10-20,10,4,2019,TRUE
20191027,2019-10-27,Sun,2019-10-27,10,4,2019,FALSE
20191028,2019-10-28,Mon,2019-10-27,10,4,2019,FALSE
20191029,2019-10-29,Tue,2019-10-27,10,4,2019,FALSE
20191030,2019-10-30,Wed,2019-10-27,10,4,2019,FALSE
20191031,2019-10-31,Thu,2019-10-27,10,4,2019,FALSE
20191101,2019-11-01,Fri,2019-10-27,11,4,2019,TRUE
20191102,2019-11-02,Sat,2019-10-27,11,4,2019,TRUE
20191103,2019-11-03,Sun,2019-11-03,11,4,2019,FALSE
20191104,2019-11-04,Mon,2019-11-03,11,4,2019,FALSE
20191105,2019-11-05,Tue,2019-11-03,11,4,2019,FALSE
20191106,2019-11-06,Wed,2019-11-03,11,4,2019,FALSE
20191107,2019-11-07,Thu,2019-11-03,11,4,2019,FALSE
20191108,2019-11-08,Fri,2019-11-03,11,4,2019,TRUE
20191109,2019-11-09,Sat,2019-11-03,11,4,2019,TRUE
20191110,2019-11-10,Sun,2019-11-10,11,4,2019,FALSE
20191111,2019-11-11,Mon,2019-11-10,11,4,2019,FALSE
20191112,2019-11-12,Tue,2019-11-10,11,4,2019,FALSE
20191113,2019-11-13,Wed,2019-11-10,11,4,2019,FALSE
20191114,2019-11-14,Thu,2019-11-10,11,4,2019,FALSE
20191115,2019-11-15,Fri,2019-11-10,11,4,2019,TRUE
20191116,2019-11-16,Sat,2019-11-10,11,4,2019,TRUE
20191117,2019-11-17,Sun,2019-11-17,11,4,2019,FALSE
20191118,2019-11-18,Mon,2019-11-17,11,4,2019,FALSE
20191119,2019-11-19,Tue,2019-11-17,11,4,2019,FALSE
20191120,2019-11-20,Wed,2019-11-17,11,4,2019,FALSE
20191121,2019-11-21,Thu,2019-11-17,11,4,2019,FALSE
20191122,2019-11-22,Fri,2019-11-17,11,4,2019,TRUE
20191123,2019-11-23,Sat,2019-11-17,11,4,2019,TRUE
20191124,2019-11-24,Sun,2019-11-24,11,4,2019,FALSE
20191125,2019-11-25,Mon,2019-11-24,11,4,2019,FALSE
20191126,2019-11-26,Tue,2019-11-24,11,4,2019,FALSE
20191127,2019-11-27,Wed,2019-11-24,11,4,2019,FALSE
20191128,2019-11-28,Thu,2019-11-24,11,4,2019,FALSE
20191129,2019-11-29,Fri,2019-11-24,11,4,2019,TRUE
20191130,2019-11-30,Sat,2019-11-24,11,4,2019,TRUE
20191201,2019-12-01,Sun,2019-12-01,12,4,2019,FALSE
20191202,2019-12-02,Mon,2019-12-01,12,4,2019,FALSE
20191203,2019-12-03,Tue,2019-12-01,12,4,2019,FALSE
20191204,2019-12-04,Wed,2019-12-01,12,4,2019,FALSE
20191205,2019-12-05,Thu,2019-12-01,12,4,2019,FALSE
20191206,2019-12-06,Fri,2019-12-01,12,4,2019,TRUE
20191207,2019-12-07,Sat,2019-12-01,12,4,2019,TRUE
20191208,2019-12-08,Sun,2019-12-08,12,4,2019,FALSE
20191209,2019-12-09,Mon,2019-12-08,12,4,2019,FALSE
20191210,2019-12-10,Tue,2019-12-08,12,4,2019,FALSE
20191211,2019-12-11,Wed,2019-12-08,12,4,2019,FALSE
20191212,2019-12-12,Thu,2019-12-08,12,4,2019,FALSE
20191213,2019-12-13,Fri,2019-12-08,12,4,2019,TRUE
20191214,2019-12-14,Sat,2019-12-08,12,4,2019,TRUE
20191215,2019-12-15,Sun,2019-12-15,12,4,2019,FALSE
20191216,2019-12-16,Mon,2019-12-15,12,4,2019,FALSE
20191217,2019-12-17,Tue,2019-12-15,12,4,2019,FALSE
20191218,2019-12-18,Wed,2019-12-15,12,4,2019,FALSE
20191219,2019-12-19,Thu,2019-12-15,12,4,2019,FALSE
20191220,2019-12-20,Fri,2019-12-15,12,4,2019,TRUE
20191221,2019-12-21,Sat,2019-12-15,12,4,2019,TRUE
20191222,2019-12-22,Sun,2019-12-22,12,4,2019,FALSE
20191223,2019-12-23,Mon,2019-12-22,12,4,2019,FALSE
20191224,2019-12-24,Tue,2019-12-22,12,4,2019,FALSE
20191225,2019-12-25,Wed,2019-12-22,12,4,2019,FALSE
20191226,2019-12-26,Thu,2019-12-22,12,4,2019,FALSE
20191227,2019-12-27,Fri,2019-12-22,12,4,2019,TRUE
20191228,2019-12-28,Sat,2019-12-22,12,4,2019,TRUE
20191229,2019-12-29,Sun,2019-12-29,12,4,2019,FALSE
20191230,2019-12-30,Mon,2019-12-29,12,4,2019,FALSE
20191231,2019-12-31,Tue,2019-12-29,12,4,2019,FALSE
20200101,2020-01-01,Wed,2019-12-29,1,1,2020,FALSE
20200102,2020-01-02,Thu,2019-12-29,1,1,2020,FALSE
20200103,2020-01-03,Fri,2019-12-29,1,1,2020,TRUE
20200104,2020-01-04,Sat,2019-12-29,1,1,2020,TRUE
20200105,2020-01-05,Sun,2020-01-05,1,1,2020,FALSE
20200106,2020-01-06,Mon,2020-01-05,1,1,2020,FALSE
20200107,2020-01-07,Tue,2020-01-05,1,1,2020,FALSE
20200108,2020-01-08,Wed,2020-01-05,1,1,2020,FALSE
20200109,2020-01-09,Thu,2020-01-05,1,1,2020,FALSE
20200110,2020-01-10,Fri,2020-01-05,1,1,2020,TRUE
20200111,2020-01-11,Sat,2020-01-05,1,1,2020,TRUE
20200112,2020-01-12,Sun,2020-01-12,1,1,2020,FALSE
20200113,2020-01-13,Mon,2020-01-12,1,1,2020,FALSE
20200114,2020-01-14,Tue,2020-01-12,1,1,2020,FALSE
20200115,2020-01-15,Wed,2020-01-12,1,1,2020,FALSE
20200116,2020-01-16,Thu,2020-01-12,1,1,2020,FALSE
20200117,2020-01-17,Fri,2020-01-12,1,1,2020,TRUE
20200118,2020-01-18,Sat,2020-01-12,1,1,2020,TRUE
20200119,2020-01-19,Sun,2020-01-19,1,1,2020,FALSE
20200120,2020-01-20,Mon,2020-01-19,1,1,2020,FALSE
20200121,2020-01-21,Tue,2020-01-19,1,1,2020,FALSE
20200122,2020-01-22,Wed,2020-01-19,1,1,2020,FALSE
20200123,2020-01-23,Thu,2020-01-19,1,1,2020,FALSE
20200124,2020-01-24,Fri,2020-01-19,1,1,2020,TRUE
20200125,2020-01-25,Sat,2020-01-19,1,1,2020,TRUE
20200126,2020-01-26,Sun,2020-01-26,1,1,2020,FALSE
20200127,2020-01-27,Mon,2020-01-26,1,1,2020,FALSE
20200128,2020-01-28,Tue,2020-01-26,1,1,2020,FALSE
20200129,2020-01-29,Wed,2020-01-26,1,1,2020,FALSE
20200130,2020-01-30,Thu,2020-01-26,1,1,2020,FALSE
20200131,2020-01-31,Fri,2020-01-26,1,1,2020,TRUE
20200201,2020-02-01,Sat,2020-01-26,2,1,2020,TRUE
20200202,2020-02-02,Sun,2020-02-02,2,1,2020,FALSE
20200203,2020-02-03,Mon,2020-02-02,2,1,2020,FALSE
20200204,2020-02-04,Tue,2020-02-02,2,1,2020,FALSE
20200205,2020-02-05,Wed,2020-02-02,2,1,2020,FALSE
20200206,2020-02-06,Thu,2020-02-02,2,1,2020,FALSE
20200207,2020-02-07,Fri,2020-02-02,2,1,2020,TRUE
20200208,2020-02-08,Sat,2020-02-02,2,1,2020,TRUE
20200209,2020-02-09,Sun,2020-02-09,2,1,2020,FALSE
20200210,2020-02-10,Mon,2020-02-09,2,1,2020,FALSE
20200211,2020-02-11,Tue,2020-02-09,2,1,2020,FALSE
20200212,2020-02-12,Wed,2020-02-09,2,1,2020,FALSE
20200213,2020-02-13,Thu,2020-02-09,2,1,2020,FALSE
20200214,2020-02-14,Fri,2020-02-09,2,1,2020,TRUE
20200215,2020-02-15,Sat,2020-02-09,2,1,2020,TRUE
20200216,2020-02-16,Sun,2020-02-16,2,1,2020,FALSE
20200217,2020-02-17,Mon,2020-02-16,2,1,2020,FALSE
20200218,2020-02-18,Tue,2020-02-16,2,1,2020,FALSE
20200219,2020-02-19,Wed,2020-02-16,2,1,2020,FALSE
20200220,2020-02-20,Thu,2020-02-16,2,1,2020,FALSE
20200221,2020-02-21,Fri,2020-02-16,2,1,2020,TRUE
20200222,2020-02-22,Sat,2020-02-16,2,1,2020,TRUE
20200223,2020-02-23,Sun,2020-02-23,2,1,2020,FALSE
20200224,2020-02-24,Mon,2020-02-23,2,1,2020,FALSE
20200225,2020-02-25,Tue,2020-02-23,2,1,2020,FALSE
20200226,2020-02-26,Wed,2020-02-23,2,1,2020,FALSE
20200227,2020-02-27,Thu,2020-02-23,2,1,2020,FALSE
20200228,2020-02-28,Fri,2020-02-23,2,1,2020,TRUE
20200229,2020-02-29,Sat,2020-02-23,2,1,2020,TRUE
20200301,2020-03-01,Sun,2020-03-01,3,1,2020,FALSE
20200302,2020-03-02,Mon,2020-03-01,3,1,2020,FALSE
20200303,2020-03-03,Tue,2020-03-01,3,1,2020,FALSE
20200304,2020-03-04,Wed,2020-03-01,3,1,2020,FALSE
20200305,2020-03-05,Thu,2020-03-01,3,1,2020,FALSE
20200306,2020-03-06,Fri,2020-03-01,3,1,2020,TRUE
20200307,2020-03-07,Sat,2020-03-01,3,1,2020,TRUE
20200308,2020-03-08,Sun,2020-03-08,3,1,2020,FALSE
20200309,2020-03-09,Mon,2020-03-08,3,1,2020,FALSE
20200310,2020-03-10,Tue,2020-03-08,3,1,2020,FALSE
20200311,2020-03-11,Wed,2020-03-08,3,1,2020,FALSE
20200312,2020-03-12,Thu,2020-03-08,3,1,2020,FALSE
20200313,2020-03-13,Fri,2020-03-08,3,1,2020,TRUE
20200314,2020-03-14,Sat,2020-03-08,3,1,2020,TRUE
20200315,2020-03-15,Sun,2020-03-15,3,1,2020,FALSE
20200316,2020-03-16,Mon,2020-03-15,3,1,2020,FALSE
20200317,2020-03-17,Tue,2020-03-15,3,1,2020,FALSE
20200318,2020-03-18,Wed,2020-03-15,3,1,2020,FALSE
20200319,2020-03-19,Thu,2020-03-15,3,1,2020,FALSE
20200320,2020-03-20,Fri,2020-03-15,3,1,2020,TRUE
20200321,2020-03-21,Sat,2020-03-15,3,1,2020,TRUE
20200322,2020-03-22,Sun,2020-03-22,3,1,2020,FALSE
20200323,2020-03-23,Mon,2020-03-22,3,1,2020,FALSE
20200324,2020-03-24,Tue,2020-03-22,3,1,2020,FALSE
20200325,2020-03-25,Wed,2020-03-22,3,1,2020,FALSE
20200326,2020-03-26,Thu,2020-03-22,3,1,2020,FALSE
20200327,2020-03-27,Fri,2020-03-22,3,1,2020,TRUE
20200328,2020-03-28,Sat,2020-03-22,3,1,2020,TRUE
20200329,2020-03-29,Sun,2020-03-29,3,1,2020,FALSE
20200330,2020-03-30,Mon,2020-03-29,3,1,2020,FALSE
20200331,2020-03-31,Tue,2020-03-29,3,1,2020,FALSE
20200401,2020-04-01,Wed,2020-03-29,4,2,2020,FALSE
20200402,2020-04-02,Thu,2020-03-29,4,2,2020,FALSE
20200403,2020-04-03,Fri,2020-03-29,4,2,2020,TRUE
20200404,2020-04-04,Sat,2020-03-29,4,2,2020,TRUE
20200405,2020-04-05,Sun,2020-04-05,4,2,2020,FALSE
20200406,2020-04-06,Mon,2020-04-05,4,2,2020,FALSE
20200407,2020-04-07,Tue,2020-04-05,4,2,2020,FALSE
20200408,2020-04-08,Wed,2020-04-05,4,2,2020,FALSE
20200409,2020-04-09,Thu,2020-04-05,4,2,2020,FALSE
20200410,2020-04-10,Fri,2020-04-05,4,2,2020,TRUE
20200411,2020-04-11,Sat,2020-04-05,4,2,2020,TRUE
20200412,2020-04-12,Sun,2020-04-12,4,2,2020,FALSE
20200413,2020-04-13,Mon,2020-04-12,4,2,2020,FALSE
20200414,2020-04-14,Tue,2020-04-12,4,2,2020,FALSE
20200415,2020-04-15,Wed,2020-04-12,4,2,2020,FALSE
20200416,2020-04-16,Thu,2020-04-12,4,2,2020,FALSE
20200417,2020-04-17,Fri,2020-04-12,4,2,2020,TRUE
20200418,2020-04-18,Sat,2020-04-12,4,2,2020,TRUE
20200419,2020-04-19,Sun,2020-04-19,4,2,2020,FALSE
20200420,2020-04-20,Mon,2020-04-19,4,2,2020,FALSE
20200421,2020-04-21,Tue,2020-04-19,4,2,2020,FALSE
20200422,2020-04-22,Wed,2020-04-19,4,2,2020,FALSE
20200423,2020-04-23,Thu,2020-04-19,4,2,2020,FALSE
20200424,2020-04-24,Fri,2020-04-19,4,2,2020,TRUE
20200425,2020-04-25,Sat,2020-04-19,4,2,2020,TRUE
20200426,2020-04-26,Sun,2020-04-26,4,2,2020,FALSE
20200427,2020-04-27,Mon,2020-04-26,4,2,2020,FALSE
20200428,2020-04-28,Tue,2020-04-26,4,2,2020,FALSE
20200429,2020-04-29,Wed,2020-04-26,4,2,2020,FALSE
20200430,2020-04-30,Thu,2020-04-26,4,2,2020,FALSE
20200501,2020-05-01,Fri,2020-04-26,5,2,2020,TRUE
20200502,2020-05-02,Sat,2020-04-26,5,2,2020,TRUE
20200503,2020-05-03,Sun,2020-05-03,5,2,2020,FALSE
20200504,2020-05-04,Mon,2020-05-03,5,2,2020,FALSE
20200505,2020-05-05,Tue,2020-05-03,5,2,2020,FALSE
20200506,2020-05-06,Wed,2020-05-03,5,2,2020,FALSE
20200507,2020-05-07,Thu,2020-05-03,5,2,2020,FALSE
20200508,2020-05-08,Fri,2020-05-03,5,2,2020,TRUE
20200509,2020-05-09,Sat,2020-05-03,5,2,2020,TRUE
20200510,2020-05-10,Sun,2020-05-10,5,2,2020,FALSE
20200511,2020-05-11,Mon,2020-05-10,5,2,2020,FALSE
20200512,2020-05-12,Tue,2020-05-10,5,2,2020,FALSE
20200513,2020-05-13,Wed,2020-05-10,5,2,2020,FALSE
20200514,2020-05-14,Thu,2020-05-10,5,2,2020,FALSE
20200515,2020-05-15,Fri,2020-05-10,5,2,2020,TRUE
20200516,2020-05-16,Sat,2020-05-10,5,2,2020,TRUE
20200517,2020-05-17,Sun,2020-05-17,5,2,2020,FALSE
20200518,2020-05-18,Mon,2020-05-17,5,2,2020,FALSE
20200519,2020-05-19,Tue,2020-05-17,5,2,2020,FALSE
20200520,2020-05-20,Wed,2020-05-17,5,2,2020,FALSE
20200521,2020-05-21,Thu,2020-05-17,5,2,2020,FALSE
20200522,2020-05-22,Fri,2020-05-17,5,2,2020,TRUE
20200523,2020-05-23,Sat,2020-05-17,5,2,2020,TRUE
20200524,2020-05-24,Sun,2020-05-24,5,2,2020,FALSE
20200525,2020-05-25,Mon,2020-05-24,5,2,2020,FALSE
20200526,2020-05-26,Tue,2020-05-24,5,2,2020,FALSE
20200527,2020-05-27,Wed,2020-05-24,5,2,2020,FALSE
20200528,2020-05-28,Thu,2020-05-24,5,2,2020,FALSE
20200529,2020-05-29,Fri,2020-05-24,5,2,2020,TRUE
20200530,2020-05-30,Sat,2020-05-24,5,2,2020,TRUE
20200531,2020-05-31,Sun,2020-05-31,5,2,2020,FALSE
20200601,2020-06-01,Mon,2020-05-31,6,2,2020,FALSE
20200602,2020-06-02,Tue,2020-05-31,6,2,2020,FALSE
20200603,2020-06-03,Wed,2020-05-31,6,2,2020,FALSE
20200604,2020-06-04,Thu,2020-05-31,6,2,2020,FALSE
20200605,2020-06-05,Fri,2020-05-31,6,2,2020,TRUE
20200606,2020-06-06,Sat,2020-05-31,6,2,2020,TRUE
20200607,2020-06-07,Sun,2020-06-07,6,2,2020,FALSE
20200608,2020-06-08,Mon,2020-06-07,6,2,2020,FALSE
20200609,2020-06-09,Tue,2020-06-07,6,2,2020,FALSE
20200610,2020-06-10,Wed,2020-06-07,6,2,2020,FALSE
20200611,2020-06-11,Thu,2020-06-07,6,2,2020,FALSE
20200612,2020-06-12,Fri,2020-06-07,6,2,2020,TRUE
20200613,2020-06-13,Sat,2020-06-07,6,2,2020,TRUE
20200614,2020-06-14,Sun,2020-06-14,6,2,2020,FALSE
20200615,2020-06-15,Mon,2020-06-14,6,2,2020,FALSE
20200616,2020-06-16,Tue,2020-06-14,6,2,2020,FALSE
20200617,2020-06-17,Wed,2020-06-14,6,2,2020,FALSE
20200618,2020-06-18,Thu,2020-06-14,6,2,2020,FALSE
20200619,2020-06-19,Fri,2020-06-14,6,2,2020,TRUE
20200620,2020-06-20,Sat,2020-06-14,6,2,2020,TRUE
20200621,2020-06-21,Sun,2020-06-21,6,2,2020,FALSE
20200622,2020-06-22,Mon,2020-06-21,6,2,2020,FALSE
20200623,2020-06-23,Tue,2020-06-21,6,2,2020,FALSE
20200624,2020-06-24,Wed,2020-06-21,6,2,2020,FALSE
20200625,2020-06-25,Thu,2020-06-21,6,2,2020,FALSE
20200626,2020-06-26,Fri,2020-06-21,6,2,2020,TRUE
20200627,2020-06-27,Sat,2020-06-21,6,2,2020,TRUE
20200628,2020-06-28,Sun,2020-06-28,6,2,2020,FALSE
20200629,2020-06-29,Mon,2020-06-28,6,2,2020,FALSE
20200630,2020-06-30,Tue,2020-06-28,6,2,2020,FALSE
20200701,2020-07-01,Wed,2020-06-28,7,3,2020,FALSE
20200702,2020-07-02,Thu,2020-06-28,7,3,2020,FALSE
20200703,2020-07-03,Fri,2020-06-28,7,3,2020,TRUE
20200704,2020-07-04,Sat,2020-06-28,7,3,2020,TRUE
20200705,2020-07-05,Sun,2020-07-05,7,3,2020,FALSE
20200706,2020-07-06,Mon,2020-07-05,7,3,2020,FALSE
20200707,2020-07-07,Tue,2020-07-05,7,3,2020,FALSE
20200708,2020-07-08,Wed,2020-07-05,7,3,2020,FALSE
20200709,2020-07-09,Thu,2020-07-05,7,3,2020,FALSE
20200710,2020-07-10,Fri,2020-07-05,7,3,2020,TRUE
20200711,2020-07-11,Sat,2020-07-05,7,3,2020,TRUE
20200712,2020-07-12,Sun,2020-07-12,7,3,2020,FALSE
20200713,2020-07-13,Mon,2020-07-12,7,3,2020,FALSE
20200714,2020-07-14,Tue,2020-07-12,7,3,2020,FALSE
20200715,2020-07-15,Wed,2020-07-12,7,3,2020,FALSE
20200716,2020-07-16,Thu,2020-07-12,7,3,2020,FALSE
20200717,2020-07-17,Fri,2020-07-12,7,3,2020,TRUE
20200718,2020-07-18,Sat,2020-07-12,7,3,2020,TRUE
20200719,2020-07-19,Sun,2020-07-19,7,3,2020,FALSE
20200720,2020-07-20,Mon,2020-07-19,7,3,2020,FALSE
20200721,2020-07-21,Tue,2020-07-19,7,3,2020,FALSE
20200722,2020-07-22,Wed,2020-07-19,7,3,2020,FALSE
20200723,2020-07-23,Thu,2020-07-19,7,3,2020,FALSE
20200724,2020-07-24,Fri,2020-07-19,7,3,2020,TRUE
20200725,2020-07-25,Sat,2020-07-19,7,3,2020,TRUE
20200726,2020-07-26,Sun,2020-07-26,7,3,2020,FALSE
20200727,2020-07-27,Mon,2020-07-26,7,3,2020,FALSE
20200728,2020-07-28,Tue,2020-07-26,7,3,2020,FALSE
20200729,2020-07-29,Wed,2020-07-26,7,3,2020,FALSE
20200730,2020-07-30,Thu,2020-07-26,7,3,2020,FALSE
20200731,2020-07-31,Fri,2020-07-26,7,3,2020,TRUE
20200801,2020-08-01,Sat,2020-07-26,8,3,2020,TRUE
20200802,2020-08-02,Sun,2020-08-02,8,3,2020,FALSE
20200803,2020-08-03,Mon,2020-08-02,8,3,2020,FALSE
20200804,2020-08-04,Tue,2020-08-02,8,3,2020,FALSE
20200805,2020-08-05,Wed,2020-08-02,8,3,2020,FALSE
20200806,2020-08-06,Thu,2020-08-02,8,3,2020,FALSE
20200807,2020-08-07,Fri,2020-08-02,8,3,2020,TRUE
20200808,2020-08-08,Sat,2020-08-02,8,3,2020,TRUE
20200809,2020-08-09,Sun,2020-08-09,8,3,2020,FALSE
20200810,2020-08-10,Mon,2020-08-09,8,3,2020,FALSE
20200811,2020-08-11,Tue,2020-08-09,8,3,2020,FALSE
20200812,2020-08-12,Wed,2020-08-09,8,3,2020,FALSE
20200813,2020-08-13,Thu,2020-08-09,8,3,2020,FALSE
20200814,2020-08-14,Fri,2020-08-09,8,3,2020,TRUE
20200815,2020-08-15,Sat,2020-08-09,8,3,2020,TRUE
20200816,2020-08-16,Sun,2020-08-16,8,3,2020,FALSE
20200817,2020-08-17,Mon,2020-08-16,8,3,2020,FALSE
20200818,2020-08-18,Tue,2020-08-16,8,3,2020,FALSE
20200819,2020-08-19,Wed,2020-08-16,8,3,2020,FALSE
20200820,2020-08-20,Thu,2020-08-16,8,3,2020,FALSE
20200821,2020-08-21,Fri,2020-08-16,8,3,2020,TRUE
20200822,2020-08-22,Sat,2020-08-16,8,3,2020,TRUE
20200823,2020-08-23,Sun,2020-08-23,8,3,2020,FALSE
20200824,2020-08-24,Mon,2020-08-23,8,3,2020,FALSE
20200825,2020-08-25,Tue,2020-08-23,8,3,2020,FALSE
20200826,2020-08-26,Wed,2020-08-23,8,3,2020,FALSE
20200827,2020-08-27,Thu,2020-08-23,8,3,2020,FALSE
20200828,2020-08-28,Fri,2020-08-23,8,3,2020,TRUE
20200829,2020-08-29,Sat,2020-08-23,8,3,2020,TRUE
20200830,2020-08-30,Sun,2020-08-30,8,3,2020,FALSE
20200831,2020-08-31,Mon,2020-08-30,8,3,2020,FALSE
20200901,2020-09-01,Tue,2020-08-30,9,3,2020,FALSE
20200902,2020-09-02,Wed,2020-08-30,9,3,2020,FALSE
20200903,2020-09-03,Thu,2020-08-30,9,3,2020,FALSE
20200904,2020-09-04,Fri,2020-08-30,9,3,2020,TRUE
20200905,2020-09-05,Sat,2020-08-30,9,3,2020,TRUE
20200906,2020-09-06,Sun,2020-09-06,9,3,2020,FALSE
20200907,2020-09-07,Mon,2020-09-06,9,3,2020,FALSE
20200908,2020-09-08,Tue,2020-09-06,9,3,2020,FALSE
20200909,2020-09-09,Wed,2020-09-06,9,3,2020,FALSE
20200910,2020-09-10,Thu,2020-09-06,9,3,2020,FALSE
20200911,2020-09-11,Fri,2020-09-06,9,3,2020,TRUE
20200912,2020-09-12,Sat,2020-09-06,9,3,2020,TRUE
20200913,2020-09-13,Sun,2020-09-13,9,3,2020,FALSE
20200914,2020-09-14,Mon,2020-09-13,9,3,2020,FALSE
20200915,2020-09-15,Tue,2020-09-13,9,3,2020,FALSE
20200916,2020-09-16,Wed,2020-09-13,9,3,2020,FALSE
20200917,2020-09-17,Thu,2020-09-13,9,3,2020,FALSE
20200918,2020-09-18,Fri,2020-09-13,9,3,2020,TRUE
20200919,2020-09-19,Sat,2020-09-13,9,3,2020,TRUE
20200920,2020-09-20,Sun,2020-09-20,9,3,2020,FALSE
20200921,2020-09-21,Mon,2020-09-20,9,3,2020,FALSE
20200922,2020-09-22,Tue,2020-09-20,9,3,2020,FALSE
20200923,2020-09-23,Wed,2020-09-20,9,3,2020,FALSE
20200924,2020-09-24,Thu,2020-09-20,9,3,2020,FALSE
20200925,2020-09-25,Fri,2020-09-20,9,3,2020,TRUE
20200926,2020-09-26,Sat,2020-09-20,9,3,2020,TRUE
20200927,2020-09-27,Sun,2020-09-27,9,3,2020,FALSE
20200928,2020-09-28,Mon,2020-09-27,9,3,2020,FALSE
20200929,2020-09-29,Tue,2020-09-27,9,3,2020,FALSE
20200930,2020-09-30,Wed,2020-09-27,9,3,2020,FALSE
20201001,2020-10-01,Thu,2020-09-27,10,4,2020,FALSE
20201002,2020-10-02,Fri,2020-09-27,10,4,2020,TRUE
20201003,2020-10-03,Sat,2020-09-27,10,4,2020,TRUE
20201004,2020-10-04,Sun,2020-10-04,10,4,2020,FALSE
20201005,2020-10-05,Mon,2020-10-04,10,4,2020,FALSE
20201006,2020-10-06,Tue,2020-10-04,10,4,2020,FALSE
20201007,2020-10-07,Wed,2020-10-04,10,4,2020,FALSE
20201008,2020-10-08,Thu,2020-10-04,10,4,2020,FALSE
20201009,2020-10-09,Fri,2020-10-04,10,4,2020,TRUE
20201010,2020-10-10,Sat,2020-10-04,10,4,2020,TRUE
20201011,2020-10-11,Sun,2020-10-11,10,4,2020,FALSE
20201012,2020-10-12,Mon,2020-10-11,10,4,2020,FALSE
20201013,2020-10-13,Tue,2020-10-11,10,4,2020,FALSE
20201014,2020-10-14,Wed,2020-10-11,10,4,2020,FALSE
20201015,2020-10-15,Thu,2020-10-11,10,4,2020,FALSE
20201016,2020-10-16,Fri,2020-10-11,10,4,2020,TRUE
20201017,2020-10-17,Sat,2020-10-11,10,4,2020,TRUE
20201018,2020-10-18,Sun,2020-10-18,10,4,2020,FALSE
20201019,2020-10-19,Mon,2020-10-18,10,4,2020,FALSE
20201020,2020-10-20,Tue,2020-10-18,10,4,2020,FALSE
20201021,2020-10-21,Wed,2020-10-18,10,4,2020,FALSE
20201022,2020-10-22,Thu,2020-10-18,10,4,2020,FALSE
20201023,2020-10-23,Fri,2020-10-18,10,4,2020,TRUE
20201024,2020-10-24,Sat,2020-10-18,10,4,2020,TRUE
20201025,2020-10-25,Sun,2020-10-25,10,4,2020,FALSE
20201026,2020-10-26,Mon,2020-10-25,10,4,2020,FALSE
20201027,2020-10-27,Tue,2020-10-25,10,4,2020,FALSE
20201028,2020-10-28,Wed,2020-10-25,10,4,2020,FALSE
20201029,2020-10-29,Thu,2020-10-25,10,4,2020,FALSE
20201030,2020-10-30,Fri,2020-10-25,10,4,2020,TRUE
20201031,2020-10-31,Sat,2020-10-25,10,4,2020,TRUE
20201101,2020-11-01,Sun,2020-11-01,11,4,2020,FALSE
20201102,2020-11-02,Mon,2020-11-01,11,4,2020,FALSE
20201103,2020-11-03,Tue,2020-11-01,11,4,2020,FALSE
20201104,2020-11-04,Wed,2020-11-01,11,4,2020,FALSE
20201105,2020-11-05,Thu,2020-11-01,11,4,2020,FALSE
20201106,2020-11-06,Fri,2020-11-01,11,4,2020,TRUE
20201107,2020-11-07,Sat,2020-11-01,11,4,2020,TRUE
20201108,2020-11-08,Sun,2020-11-08,11,4,2020,FALSE
20201109,2020-11-09,Mon,2020-11-08,11,4,2020,FALSE
20201110,2020-11-10,Tue,2020-11-08,11,4,2020,FALSE
20201111,2020-11-11,Wed,2020-11-08,11,4,2020,FALSE
20201112,2020-11-12,Thu,2020-11-08,11,4,2020,FALSE
20201113,2020-11-13,Fri,2020-11-08,11,4,2020,TRUE
20201114,2020-11-14,Sat,2020-11-08,11,4,2020,TRUE
20201115,2020-11-15,Sun,2020-11-15,11,4,2020,FALSE
20201116,2020-11-16,Mon,2020-11-15,11,4,2020,FALSE
20201117,2020-11-17,Tue,2020-11-15,11,4,2020,FALSE
20201118,2020-11-18,Wed,2020-11-15,11,4,2020,FALSE
20201119,2020-11-19,Thu,2020-11-15,11,4,2020,FALSE
20201120,2020-11-20,Fri,2020-11-15,11,4,2020,TRUE
20201121,2020-11-21,Sat,2020-11-15,11,4,2020,TRUE
20201122,2020-11-22,Sun,2020-11-22,11,4,2020,FALSE
20201123,2020-11-23,Mon,2020-11-22,11,4,2020,FALSE
20201124,2020-11-24,Tue,2020-11-22,11,4,2020,FALSE
20201125,2020-11-25,Wed,2020-11-22,11,4,2020,FALSE
20201126,2020-11-26,Thu,2020-11-22,11,4,2020,FALSE
20201127,2020-11-27,Fri,2020-11-22,11,4,2020,TRUE
20201128,2020-11-28,Sat,2020-11-22,11,4,2020,TRUE
20201129,2020-11-29,Sun,2020-11-29,11,4,2020,FALSE
20201130,2020-11-30,Mon,2020-11-29,11,4,2020,FALSE
20201201,2020-12-01,Tue,2020-11-29,12,4,2020,FALSE
20201202,2020-12-02,Wed,2020-11-29,12,4,2020,FALSE
20201203,2020-12-03,Thu,2020-11-29,12,4,2020,FALSE
20201204,2020-12-04,Fri,2020-11-29,12,4,2020,TRUE
20201205,2020-12-05,Sat,2020-11-29,12,4,2020,TRUE
20201206,2020-12-06,Sun,2020-12-06,12,4,2020,FALSE
20201207,2020-12-07,Mon,2020-12-06,12,4,2020,FALSE
20201208,2020-12-08,Tue,2020-12-06,12,4,2020,FALSE
20201209,2020-12-09,Wed,2020-12-06,12,4,2020,FALSE
20201210,2020-12-10,Thu,2020-12-06,12,4,2020,FALSE
20201211,2020-12-11,Fri,2020-12-06,12,4,2020,TRUE
20201212,2020-12-12,Sat,2020-12-06,12,4,2020,TRUE
20201213,2020-12-13,Sun,2020-12-13,12,4,2020,FALSE
20201214,2020-12-14,Mon,2020-12-13,12,4,2020,FALSE
20201215,2020-12-15,Tue,2020-12-13,12,4,2020,FALSE
20201216,2020-12-16,Wed,2020-12-13,12,4,2020,FALSE
20201217,2020-12-17,Thu,2020-12-13,12,4,2020,FALSE
20201218,2020-12-18,Fri,2020-12-13,12,4,2020,TRUE
20201219,2020-12-19,Sat,2020-12-13,12,4,2020,TRUE
20201220,2020-12-20,Sun,2020-12-20,12,4,2020,FALSE
20201221,2020-12-21,Mon,2020-12-20,12,4,2020,FALSE
20201222,2020-12-22,Tue,2020-12-20,12,4,2020,FALSE
20201223,2020-12-23,Wed,2020-12-20,12,4,2020,FALSE
20201224,2020-12-24,Thu,2020-12-20,12,4,2020,FALSE
20201225,2020-12-25,Fri,2020-12-20,12,4,2020,TRUE
20201226,2020-12-26,Sat,2020-12-20,12,4,2020,TRUE
20201227,2020-12-27,Sun,2020-12-27,12,4,2020,FALSE
20201228,2020-12-28,Mon,2020-12-27,12,4,2020,FALSE
20201229,2020-12-29,Tue,2020-12-27,12,4,2020,FALSE
20201230,2020-12-30,Wed,2020-12-27,12,4,2020,FALSE
20201231,2020-12-31,Thu,2020-12-27,12,4,2020,FALSE
20210101,2021-01-01,Fri,2020-12-27,1,1,2021,TRUE
20210102,2021-01-02,Sat,2020-12-27,1,1,2021,TRUE
20210103,2021-01-03,Sun,2021-01-03,1,1,2021,FALSE
20210104,2021-01-04,Mon,2021-01-03,1,1,2021,FALSE
20210105,2021-01-05,Tue,2021-01-03,1,1,2021,FALSE
20210106,2021-01-06,Wed,2021-01-03,1,1,2021,FALSE
20210107,2021-01-07,Thu,2021-01-03,1,1,2021,FALSE
20210108,2021-01-08,Fri,2021-01-03,1,1,2021,TRUE
20210109,2021-01-09,Sat,2021-01-03,1,1,2021,TRUE
20210110,2021-01-10,Sun,2021-01-10,1,1,2021,FALSE
20210111,2021-01-11,Mon,2021-01-10,1,1,2021,FALSE
20210112,2021-01-12,Tue,2021-01-10,1,1,2021,FALSE
20210113,2021-01-13,Wed,2021-01-10,1,1,2021,FALSE
20210114,2021-01-14,Thu,2021-01-10,1,1,2021,FALSE
20210115,2021-01-15,Fri,2021-01-10,1,1,2021,TRUE
20210116,2021-01-16,Sat,2021-01-10,1,1,2021,TRUE
20210117,2021-01-17,Sun,2021-01-17,1,1,2021,FALSE
20210118,2021-01-18,Mon,2021-01-17,1,1,2021,FALSE
20210119,2021-01-19,Tue,2021-01-17,1,1,2021,FALSE
20210120,2021-01-20,Wed,2021-01-17,1,1,2021,FALSE
20210121,2021-01-21,Thu,2021-01-17,1,1,2021,FALSE
20210122,2021-01-22,Fri,2021-01-17,1,1,2021,TRUE
20210123,2021-01-23,Sat,2021-01-17,1,1,2021,TRUE
20210124,2021-01-24,Sun,2021-01-24,1,1,2021,FALSE
20210125,2021-01-25,Mon,2021-01-24,1,1,2021,FALSE
20210126,2021-01-26,Tue,2021-01-24,1,1,2021,FALSE
20210127,2021-01-27,Wed,2021-01-24,1,1,2021,FALSE
20210128,2021-01-28,Thu,2021-01-24,1,1,2021,FALSE
20210129,2021-01-29,Fri,2021-01-24,1,1,2021,TRUE
20210130,2021-01-30,Sat,2021-01-24,1,1,2021,TRUE
20210131,2021-01-31,Sun,2021-01-31,1,1,2021,FALSE
20210201,2021-02-01,Mon,2021-01-31,2,1,2021,FALSE
20210202,2021-02-02,Tue,2021-01-31,2,1,2021,FALSE
20210203,2021-02-03,Wed,2021-01-31,2,1,2021,FALSE
20210204,2021-02-04,Thu,2021-01-31,2,1,2021,FALSE
20210205,2021-02-05,Fri,2021-01-31,2,1,2021,TRUE
20210206,2021-02-06,Sat,2021-01-31,2,1,2021,TRUE
20210207,2021-02-07,Sun,2021-02-07,2,1,2021,FALSE
20210208,2021-02-08,Mon,2021-02-07,2,1,2021,FALSE
20210209,2021-02-09,Tue,2021-02-07,2,1,2021,FALSE
20210210,2021-02-10,Wed,2021-02-07,2,1,2021,FALSE
20210211,2021-02-11,Thu,2021-02-07,2,1,2021,FALSE
20210212,2021-02-12,Fri,2021-02-07,2,1,2021,TRUE
20210213,2021-02-13,Sat,2021-02-07,2,1,2021,TRUE
20210214,2021-02-14,Sun,2021-02-14,2,1,2021,FALSE
20210215,2021-02-15,Mon,2021-02-14,2,1,2021,FALSE
20210216,2021-02-16,Tue,2021-02-14,2,1,2021,FALSE
20210217,2021-02-17,Wed,2021-02-14,2,1,2021,FALSE
20210218,2021-02-18,Thu,2021-02-14,2,1,2021,FALSE
20210219,2021-02-19,Fri,2021-02-14,2,1,2021,TRUE
20210220,2021-02-20,Sat,2021-02-14,2,1,2021,TRUE
20210221,2021-02-21,Sun,2021-02-21,2,1,2021,FALSE
20210222,2021-02-22,Mon,2021-02-21,2,1,2021,FALSE
20210223,2021-02-23,Tue,2021-02-21,2,1,2021,FALSE
20210224,2021-02-24,Wed,2021-02-21,2,1,2021,FALSE
20210225,2021-02-25,Thu,2021-02-21,2,1,2021,FALSE
20210226,2021-02-26,Fri,2021-02-21,2,1,2021,TRUE
20210227,2021-02-27,Sat,2021-02-21,2,1,2021,TRUE
20210228,2021-02-28,Sun,2021-02-28,2,1,2021,FALSE
20210301,2021-03-01,Mon,2021-02-28,3,1,2021,FALSE
20210302,2021-03-02,Tue,2021-02-28,3,1,2021,FALSE
20210303,2021-03-03,Wed,2021-02-28,3,1,2021,FALSE
20210304,2021-03-04,Thu,2021-02-28,3,1,2021,FALSE
20210305,2021-03-05,Fri,2021-02-28,3,1,2021,TRUE
20210306,2021-03-06,Sat,2021-02-28,3,1,2021,TRUE
20210307,2021-03-07,Sun,2021-03-07,3,1,2021,FALSE
20210308,2021-03-08,Mon,2021-03-07,3,1,2021,FALSE
20210309,2021-03-09,Tue,2021-03-07,3,1,2021,FALSE
20210310,2021-03-10,Wed,2021-03-07,3,1,2021,FALSE
20210311,2021-03-11,Thu,2021-03-07,3,1,2021,FALSE
20210312,2021-03-12,Fri,2021-03-07,3,1,2021,TRUE
20210313,2021-03-13,Sat,2021-03-07,3,1,2021,TRUE
20210314,2021-03-14,Sun,2021-03-14,3,1,2021,FALSE
20210315,2021-03-15,Mon,2021-03-14,3,1,2021,FALSE
20210316,2021-03-16,Tue,2021-03-14,3,1,2021,FALSE
20210317,2021-03-17,Wed,2021-03-14,3,1,2021,FALSE
20210318,2021-03-18,Thu,2021-03-14,3,1,2021,FALSE
20210319,2021-03-19,Fri,2021-03-14,3,1,2021,TRUE
20210320,2021-03-20,Sat,2021-03-14,3,1,2021,TRUE
20210321,2021-03-21,Sun,2021-03-21,3,1,2021,FALSE
20210322,2021-03-22,Mon,2021-03-21,3,1,2021,FALSE
20210323,2021-03-23,Tue,2021-03-21,3,1,2021,FALSE
20210324,2021-03-24,Wed,2021-03-21,3,1,2021,FALSE
20210325,2021-03-25,Thu,2021-03-21,3,1,2021,FALSE
20210326,2021-03-26,Fri,2021-03-21,3,1,2021,TRUE
20210327,2021-03-27,Sat,2021-03-21,3,1,2021,TRUE
20210328,2021-03-28,Sun,2021-03-28,3,1,2021,FALSE
20210329,2021-03-29,Mon,2021-03-28,3,1,2021,FALSE
20210330,2021-03-30,Tue,2021-03-28,3,1,2021,FALSE
20210331,2021-03-31,Wed,2021-03-28,3,1,2021,FALSE
20210401,2021-04-01,Thu,2021-03-28,4,2,2021,FALSE
20210402,2021-04-02,Fri,2021-03-28,4,2,2021,TRUE
20210403,2021-04-03,Sat,2021-03-28,4,2,2021,TRUE
20210404,2021-04-04,Sun,2021-04-04,4,2,2021,FALSE
20210405,2021-04-05,Mon,2021-04-04,4,2,2021,FALSE
20210406,2021-04-06,Tue,2021-04-04,4,2,2021,FALSE
20210407,2021-04-07,Wed,2021-04-04,4,2,2021,FALSE
20210408,2021-04-08,Thu,2021-04-04,4,2,2021,FALSE
20210409,2021-04-09,Fri,2021-04-04,4,2,2021,TRUE
20210410,2021-04-10,Sat,2021-04-04,4,2,2021,TRUE
20210411,2021-04-11,Sun,2021-04-11,4,2,2021,FALSE
20210412,2021-04-12,Mon,2021-04-11,4,2,2021,FALSE
20210413,2021-04-13,Tue,2021-04-11,4,2,2021,FALSE
20210414,2021-04-14,Wed,2021-04-11,4,2,2021,FALSE
20210415,2021-04-15,Thu,2021-04-11,4,2,2021,FALSE
20210416,2021-04-16,Fri,2021-04-11,4,2,2021,TRUE
20210417,2021-04-17,Sat,2021-04-11,4,2,2021,TRUE
20210418,2021-04-18,Sun,2021-04-18,4,2,2021,FALSE
20210419,2021-04-19,Mon,2021-04-18,4,2,2021,FALSE
20210420,2021-04-20,Tue,2021-04-18,4,2,2021,FALSE
20210421,2021-04-21,Wed,2021-04-18,4,2,2021,FALSE
20210422,2021-04-22,Thu,2021-04-18,4,2,2021,FALSE
20210423,2021-04-23,Fri,2021-04-18,4,2,2021,TRUE
20210424,2021-04-24,Sat,2021-04-18,4,2,2021,TRUE
20210425,2021-04-25,Sun,2021-04-25,4,2,2021,FALSE
20210426,2021-04-26,Mon,2021-04-25,4,2,2021,FALSE
20210427,2021-04-27,Tue,2021-04-25,4,2,2021,FALSE
20210428,2021-04-28,Wed,2021-04-25,4,2,2021,FALSE
20210429,2021-04-29,Thu,2021-04-25,4,2,2021,FALSE
20210430,2021-04-30,Fri,2021-04-25,4,2,2021,TRUE
20210501,2021-05-01,Sat,2021-04-25,5,2,2021,TRUE
20210502,2021-05-02,Sun,2021-05-02,5,2,2021,FALSE
20210503,2021-05-03,Mon,2021-05-02,5,2,2021,FALSE
20210504,2021-05-04,Tue,2021-05-02,5,2,2021,FALSE
20210505,2021-05-05,Wed,2021-05-02,5,2,2021,FALSE
20210506,2021-05-06,Thu,2021-05-02,5,2,2021,FALSE
20210507,2021-05-07,Fri,2021-05-02,5,2,2021,TRUE
20210508,2021-05-08,Sat,2021-05-02,5,2,2021,TRUE
20210509,2021-05-09,Sun,2021-05-09,5,2,2021,FALSE
20210510,2021-05-10,Mon,2021-05-09,5,2,2021,FALSE
20210511,2021-05-11,Tue,2021-05-09,5,2,2021,FALSE
20210512,2021-05-12,Wed,2021-05-09,5,2,2021,FALSE
20210513,2021-05-13,Thu,2021-05-09,5,2,2021,FALSE
20210514,2021-05-14,Fri,2021-05-09,5,2,2021,TRUE
20210515,2021-05-15,Sat,2021-05-09,5,2,2021,TRUE
20210516,2021-05-16,Sun,2021-05-16,5,2,2021,FALSE
20210517,2021-05-17,Mon,2021-05-16,5,2,2021,FALSE
20210518,2021-05-18,Tue,2021-05-16,5,2,2021,FALSE
20210519,2021-05-19,Wed,2021-05-16,5,2,2021,FALSE
20210520,2021-05-20,Thu,2021-05-16,5,2,2021,FALSE
20210521,2021-05-21,Fri,2021-05-16,5,2,2021,TRUE
20210522,2021-05-22,Sat,2021-05-16,5,2,2021,TRUE
20210523,2021-05-23,Sun,2021-05-23,5,2,2021,FALSE
20210524,2021-05-24,Mon,2021-05-23,5,2,2021,FALSE
20210525,2021-05-25,Tue,2021-05-23,5,2,2021,FALSE
20210526,2021-05-26,Wed,2021-05-23,5,2,2021,FALSE
20210527,2021-05-27,Thu,2021-05-23,5,2,2021,FALSE
20210528,2021-05-28,Fri,2021-05-23,5,2,2021,TRUE
20210529,2021-05-29,Sat,2021-05-23,5,2,2021,TRUE
20210530,2021-05-30,Sun,2021-05-30,5,2,2021,FALSE
20210531,2021-05-31,Mon,2021-05-30,5,2,2021,FALSE
20210601,2021-06-01,Tue,2021-05-30,6,2,2021,FALSE
20210602,2021-06-02,Wed,2021-05-30,6,2,2021,FALSE
20210603,2021-06-03,Thu,2021-05-30,6,2,2021,FALSE
20210604,2021-06-04,Fri,2021-05-30,6,2,2021,TRUE
20210605,2021-06-05,Sat,2021-05-30,6,2,2021,TRUE
20210606,2021-06-06,Sun,2021-06-06,6,2,2021,FALSE
20210607,2021-06-07,Mon,2021-06-06,6,2,2021,FALSE
20210608,2021-06-08,Tue,2021-06-06,6,2,2021,FALSE
20210609,2021-06-09,Wed,2021-06-06,6,2,2021,FALSE
20210610,2021-06-10,Thu,2021-06-06,6,2,2021,FALSE
20210611,2021-06-11,Fri,2021-06-06,6,2,2021,TRUE
20210612,2021-06-12,Sat,2021-06-06,6,2,2021,TRUE
20210613,2021-06-13,Sun,2021-06-13,6,2,2021,FALSE
20210614,2021-06-14,Mon,2021-06-13,6,2,2021,FALSE
20210615,2021-06-15,Tue,2021-06-13,6,2,2021,FALSE
20210616,2021-06-16,Wed,2021-06-13,6,2,2021,FALSE
20210617,2021-06-17,Thu,2021-06-13,6,2,2021,FALSE
20210618,2021-06-18,Fri,2021-06-13,6,2,2021,TRUE
20210619,2021-06-19,Sat,2021-06-13,6,2,2021,TRUE
20210620,2021-06-20,Sun,2021-06-20,6,2,2021,FALSE
20210621,2021-06-21,Mon,2021-06-20,6,2,2021,FALSE
20210622,2021-06-22,Tue,2021-06-20,6,2,2021,FALSE
20210623,2021-06-23,Wed,2021-06-20,6,2,2021,FALSE
20210624,2021-06-24,Thu,2021-06-20,6,2,2021,FALSE
20210625,2021-06-25,Fri,2021-06-20,6,2,2021,TRUE
20210626,2021-06-26,Sat,2021-06-20,6,2,2021,TRUE
20210627,2021-06-27,Sun,2021-06-27,6,2,2021,FALSE
20210628,2021-06-28,Mon,2021-06-27,6,2,2021,FALSE
20210629,2021-06-29,Tue,2021-06-27,6,2,2021,FALSE
20210630,2021-06-30,Wed,2021-06-27,6,2,2021,FALSE
20210701,2021-07-01,Thu,2021-06-27,7,3,2021,FALSE
20210702,2021-07-02,Fri,2021-06-27,7,3,2021,TRUE
20210703,2021-07-03,Sat,2021-06-27,7,3,2021,TRUE
20210704,2021-07-04,Sun,2021-07-04,7,3,2021,FALSE
20210705,2021-07-05,Mon,2021-07-04,7,3,2021,FALSE
20210706,2021-07-06,Tue,2021-07-04,7,3,2021,FALSE
20210707,2021-07-07,Wed,2021-07-04,7,3,2021,FALSE
20210708,2021-07-08,Thu,2021-07-04,7,3,2021,FALSE
20210709,2021-07-09,Fri,2021-07-04,7,3,2021,TRUE
20210710,2021-07-10,Sat,2021-07-04,7,3,2021,TRUE
20210711,2021-07-11,Sun,2021-07-11,7,3,2021,FALSE
20210712,2021-07-12,Mon,2021-07-11,7,3,2021,FALSE
20210713,2021-07-13,Tue,2021-07-11,7,3,2021,FALSE
20210714,2021-07-14,Wed,2021-07-11,7,3,2021,FALSE
20210715,2021-07-15,Thu,2021-07-11,7,3,2021,FALSE
20210716,2021-07-16,Fri,2021-07-11,7,3,2021,TRUE
20210717,2021-07-17,Sat,2021-07-11,7,3,2021,TRUE
20210718,2021-07-18,Sun,2021-07-18,7,3,2021,FALSE
20210719,2021-07-19,Mon,2021-07-18,7,3,2021,FALSE
20210720,2021-07-20,Tue,2021-07-18,7,3,2021,FALSE
20210721,2021-07-21,Wed,2021-07-18,7,3,2021,FALSE
20210722,2021-07-22,Thu,2021-07-18,7,3,2021,FALSE
20210723,2021-07-23,Fri,2021-07-18,7,3,2021,TRUE
20210724,2021-07-24,Sat,2021-07-18,7,3,2021,TRUE
20210725,2021-07-25,Sun,2021-07-25,7,3,2021,FALSE
20210726,2021-07-26,Mon,2021-07-25,7,3,2021,FALSE
20210727,2021-07-27,Tue,2021-07-25,7,3,2021,FALSE
20210728,2021-07-28,Wed,2021-07-25,7,3,2021,FALSE
20210729,2021-07-29,Thu,2021-07-25,7,3,2021,FALSE
20210730,2021-07-30,Fri,2021-07-25,7,3,2021,TRUE
20210731,2021-07-31,Sat,2021-07-25,7,3,2021,TRUE
20210801,2021-08-01,Sun,2021-08-01,8,3,2021,FALSE
20210802,2021-08-02,Mon,2021-08-01,8,3,2021,FALSE
20210803,2021-08-03,Tue,2021-08-01,8,3,2021,FALSE
20210804,2021-08-04,Wed,2021-08-01,8,3,2021,FALSE
20210805,2021-08-05,Thu,2021-08-01,8,3,2021,FALSE
20210806,2021-08-06,Fri,2021-08-01,8,3,2021,TRUE
20210807,2021-08-07,Sat,2021-08-01,8,3,2021,TRUE
20210808,2021-08-08,Sun,2021-08-08,8,3,2021,FALSE
20210809,2021-08-09,Mon,2021-08-08,8,3,2021,FALSE
20210810,2021-08-10,Tue,2021-08-08,8,3,2021,FALSE
20210811,2021-08-11,Wed,2021-08-08,8,3,2021,FALSE
20210812,2021-08-12,Thu,2021-08-08,8,3,2021,FALSE
20210813,2021-08-13,Fri,2021-08-08,8,3,2021,TRUE
20210814,2021-08-14,Sat,2021-08-08,8,3,2021,TRUE
20210815,2021-08-15,Sun,2021-08-15,8,3,2021,FALSE
20210816,2021-08-16,Mon,2021-08-15,8,3,2021,FALSE
20210817,2021-08-17,Tue,2021-08-15,8,3,2021,FALSE
20210818,2021-08-18,Wed,2021-08-15,8,3,2021,FALSE
20210819,2021-08-19,Thu,2021-08-15,8,3,2021,FALSE
20210820,2021-08-20,Fri,2021-08-15,8,3,2021,TRUE
20210821,2021-08-21,Sat,2021-08-15,8,3,2021,TRUE
20210822,2021-08-22,Sun,2021-08-22,8,3,2021,FALSE
20210823,2021-08-23,Mon,2021-08-22,8,3,2021,FALSE
20210824,2021-08-24,Tue,2021-08-22,8,3,2021,FALSE
20210825,2021-08-25,Wed,2021-08-22,8,3,2021,FALSE
20210826,2021-08-26,Thu,2021-08-22,8,3,2021,FALSE
20210827,2021-08-27,Fri,2021-08-22,8,3,2021,TRUE
20210828,2021-08-28,Sat,2021-08-22,8,3,2021,TRUE
20210829,2021-08-29,Sun,2021-08-29,8,3,2021,FALSE
20210830,2021-08-30,Mon,2021-08-29,8,3,2021,FALSE
20210831,2021-08-31,Tue,2021-08-29,8,3,2021,FALSE
20210901,2021-09-01,Wed,2021-08-29,9,3,2021,FALSE
20210902,2021-09-02,Thu,2021-08-29,9,3,2021,FALSE
20210903,2021-09-03,Fri,2021-08-29,9,3,2021,TRUE
20210904,2021-09-04,Sat,2021-08-29,9,3,2021,TRUE
20210905,2021-09-05,Sun,2021-09-05,9,3,2021,FALSE
20210906,2021-09-06,Mon,2021-09-05,9,3,2021,FALSE
20210907,2021-09-07,Tue,2021-09-05,9,3,2021,FALSE
20210908,2021-09-08,Wed,2021-09-05,9,3,2021,FALSE
20210909,2021-09-09,Thu,2021-09-05,9,3,2021,FALSE
20210910,2021-09-10,Fri,2021-09-05,9,3,2021,TRUE
20210911,2021-09-11,Sat,2021-09-05,9,3,2021,TRUE
20210912,2021-09-12,Sun,2021-09-12,9,3,2021,FALSE
20210913,2021-09-13,Mon,2021-09-12,9,3,2021,FALSE
20210914,2021-09-14,Tue,2021-09-12,9,3,2021,FALSE
20210915,2021-09-15,Wed,2021-09-12,9,3,2021,FALSE
20210916,2021-09-16,Thu,2021-09-12,9,3,2021,FALSE
20210917,2021-09-17,Fri,2021-09-12,9,3,2021,TRUE
20210918,2021-09-18,Sat,2021-09-12,9,3,2021,TRUE
20210919,2021-09-19,Sun,2021-09-19,9,3,2021,FALSE
20210920,2021-09-20,Mon,2021-09-19,9,3,2021,FALSE
20210921,2021-09-21,Tue,2021-09-19,9,3,2021,FALSE
20210922,2021-09-22,Wed,2021-09-19,9,3,2021,FALSE
20210923,2021-09-23,Thu,2021-09-19,9,3,2021,FALSE
20210924,2021-09-24,Fri,2021-09-19,9,3,2021,TRUE
20210925,2021-09-25,Sat,2021-09-19,9,3,2021,TRUE
20210926,2021-09-26,Sun,2021-09-26,9,3,2021,FALSE
20210927,2021-09-27,Mon,2021-09-26,9,3,2021,FALSE
20210928,2021-09-28,Tue,2021-09-26,9,3,2021,FALSE
20210929,2021-09-29,Wed,2021-09-26,9,3,2021,FALSE
20210930,2021-09-30,Thu,2021-09-26,9,3,2021,FALSE
20211001,2021-10-01,Fri,2021-09-26,10,4,2021,TRUE
20211002,2021-10-02,Sat,2021-09-26,10,4,2021,TRUE
20211003,2021-10-03,Sun,2021-10-03,10,4,2021,FALSE
20211004,2021-10-04,Mon,2021-10-03,10,4,2021,FALSE
20211005,2021-10-05,Tue,2021-10-03,10,4,2021,FALSE
20211006,2021-10-06,Wed,2021-10-03,10,4,2021,FALSE
20211007,2021-10-07,Thu,2021-10-03,10,4,2021,FALSE
20211008,2021-10-08,Fri,2021-10-03,10,4,2021,TRUE
20211009,2021-10-09,Sat,2021-10-03,10,4,2021,TRUE
20211010,2021-10-10,Sun,2021-10-10,10,4,2021,FALSE
20211011,2021-10-11,Mon,2021-10-10,10,4,2021,FALSE
20211012,2021-10-12,Tue,2021-10-10,10,4,2021,FALSE
20211013,2021-10-13,Wed,2021-10-10,10,4,2021,FALSE
20211014,2021-10-14,Thu,2021-10-10,10,4,2021,FALSE
20211015,2021-10-15,Fri,2021-10-10,10,4,2021,TRUE
20211016,2021-10-16,Sat,2021-10-10,10,4,2021,TRUE
20211017,2021-10-17,Sun,2021-10-17,10,4,2021,FALSE
20211018,2021-10-18,Mon,2021-10-17,10,4,2021,FALSE
20211019,2021-10-19,Tue,2021-10-17,10,4,2021,FALSE
20211020,2021-10-20,Wed,2021-10-17,10,4,2021,FALSE
20211021,2021-10-21,Thu,2021-10-17,10,4,2021,FALSE
20211022,2021-10-22,Fri,2021-10-17,10,4,2021,TRUE
20211023,2021-10-23,Sat,2021-10-17,10,4,2021,TRUE
20211024,2021-10-24,Sun,2021-10-24,10,4,2021,FALSE
20211025,2021-10-25,Mon,2021-10-24,10,4,2021,FALSE
20211026,2021-10-26,Tue,2021-10-24,10,4,2021,FALSE
20211027,2021-10-27,Wed,2021-10-24,10,4,2021,FALSE
20211028,2021-10-28,Thu,2021-10-24,10,4,2021,FALSE
20211029,2021-10-29,Fri,2021-10-24,10,4,2021,TRUE
20211030,2021-10-30,Sat,2021-10-24,10,4,2021,TRUE
20211031,2021-10-31,Sun,2021-10-31,10,4,2021,FALSE
20211101,2021-11-01,Mon,2021-10-31,11,4,2021,FALSE
20211102,2021-11-02,Tue,2021-10-31,11,4,2021,FALSE
20211103,2021-11-03,Wed,2021-10-31,11,4,2021,FALSE
20211104,2021-11-04,Thu,2021-10-31,11,4,2021,FALSE
20211105,2021-11-05,Fri,2021-10-31,11,4,2021,TRUE
20211106,2021-11-06,Sat,2021-10-31,11,4,2021,TRUE
20211107,2021-11-07,Sun,2021-11-07,11,4,2021,FALSE
20211108,2021-11-08,Mon,2021-11-07,11,4,2021,FALSE
20211109,2021-11-09,Tue,2021-11-07,11,4,2021,FALSE
20211110,2021-11-10,Wed,2021-11-07,11,4,2021,FALSE
20211111,2021-11-11,Thu,2021-11-07,11,4,2021,FALSE
20211112,2021-11-12,Fri,2021-11-07,11,4,2021,TRUE
20211113,2021-11-13,Sat,2021-11-07,11,4,2021,TRUE
20211114,2021-11-14,Sun,2021-11-14,11,4,2021,FALSE
20211115,2021-11-15,Mon,2021-11-14,11,4,2021,FALSE
20211116,2021-11-16,Tue,2021-11-14,11,4,2021,FALSE
20211117,2021-11-17,Wed,2021-11-14,11,4,2021,FALSE
20211118,2021-11-18,Thu,2021-11-14,11,4,2021,FALSE
20211119,2021-11-19,Fri,2021-11-14,11,4,2021,TRUE
20211120,2021-11-20,Sat,2021-11-14,11,4,2021,TRUE
20211121,2021-11-21,Sun,2021-11-21,11,4,2021,FALSE
20211122,2021-11-22,Mon,2021-11-21,11,4,2021,FALSE
20211123,2021-11-23,Tue,2021-11-21,11,4,2021,FALSE
20211124,2021-11-24,Wed,2021-11-21,11,4,2021,FALSE
20211125,2021-11-25,Thu,2021-11-21,11,4,2021,FALSE
20211126,2021-11-26,Fri,2021-11-21,11,4,2021,TRUE
20211127,2021-11-27,Sat,2021-11-21,11,4,2021,TRUE
20211128,2021-11-28,Sun,2021-11-28,11,4,2021,FALSE
20211129,2021-11-29,Mon,2021-11-28,11,4,2021,FALSE
20211130,2021-11-30,Tue,2021-11-28,11,4,2021,FALSE
20211201,2021-12-01,Wed,2021-11-28,12,4,2021,FALSE
20211202,2021-12-02,Thu,2021-11-28,12,4,2021,FALSE
20211203,2021-12-03,Fri,2021-11-28,12,4,2021,TRUE
20211204,2021-12-04,Sat,2021-11-28,12,4,2021,TRUE
20211205,2021-12-05,Sun,2021-12-05,12,4,2021,FALSE
20211206,2021-12-06,Mon,2021-12-05,12,4,2021,FALSE
20211207,2021-12-07,Tue,2021-12-05,12,4,2021,FALSE
20211208,2021-12-08,Wed,2021-12-05,12,4,2021,FALSE
20211209,2021-12-09,Thu,2021-12-05,12,4,2021,FALSE
20211210,2021-12-10,Fri,2021-12-05,12,4,2021,TRUE
20211211,2021-12-11,Sat,2021-12-05,12,4,2021,TRUE
20211212,2021-12-12,Sun,2021-12-12,12,4,2021,FALSE
20211213,2021-12-13,Mon,2021-12-12,12,4,2021,FALSE
20211214,2021-12-14,Tue,2021-12-12,12,4,2021,FALSE
20211215,2021-12-15,Wed,2021-12-12,12,4,2021,FALSE
20211216,2021-12-16,Thu,2021-12-12,12,4,2021,FALSE
20211217,2021-12-17,Fri,2021-12-12,12,4,2021,TRUE
20211218,2021-12-18,Sat,2021-12-12,12,4,2021,TRUE
20211219,2021-12-19,Sun,2021-12-19,12,4,2021,FALSE
20211220,2021-12-20,Mon,2021-12-19,12,4,2021,FALSE
20211221,2021-12-21,Tue,2021-12-19,12,4,2021,FALSE
20211222,2021-12-22,Wed,2021-12-19,12,4,2021,FALSE
20211223,2021-12-23,Thu,2021-12-19,12,4,2021,FALSE
20211224,2021-12-24,Fri,2021-12-19,12,4,2021,TRUE
20211225,2021-12-25,Sat,2021-12-19,12,4,2021,TRUE
20211226,2021-12-26,Sun,2021-12-26,12,4,2021,FALSE
20211227,2021-12-27,Mon,2021-12-26,12,4,2021,FALSE
20211228,2021-12-28,Tue,2021-12-26,12,4,2021,FALSE
20211229,2021-12-29,Wed,2021-12-26,12,4,2021,FALSE
20211230,2021-12-30,Thu,2021-12-26,12,4,2021,FALSE
20211231,2021-12-31,Fri,2021-12-26,12,4,2021,TRUE
20220101,2022-01-01,Sat,2021-12-26,1,1,2022,TRUE
20220102,2022-01-02,Sun,2022-01-02,1,1,2022,FALSE
20220103,2022-01-03,Mon,2022-01-02,1,1,2022,FALSE
20220104,2022-01-04,Tue,2022-01-02,1,1,2022,FALSE
20220105,2022-01-05,Wed,2022-01-02,1,1,2022,FALSE
20220106,2022-01-06,Thu,2022-01-02,1,1,2022,FALSE
20220107,2022-01-07,Fri,2022-01-02,1,1,2022,TRUE
20220108,2022-01-08,Sat,2022-01-02,1,1,2022,TRUE
20220109,2022-01-09,Sun,2022-01-09,1,1,2022,FALSE
20220110,2022-01-10,Mon,2022-01-09,1,1,2022,FALSE
20220111,2022-01-11,Tue,2022-01-09,1,1,2022,FALSE
20220112,2022-01-12,Wed,2022-01-09,1,1,2022,FALSE
20220113,2022-01-13,Thu,2022-01-09,1,1,2022,FALSE
20220114,2022-01-14,Fri,2022-01-09,1,1,2022,TRUE
20220115,2022-01-15,Sat,2022-01-09,1,1,2022,TRUE
20220116,2022-01-16,Sun,2022-01-16,1,1,2022,FALSE
20220117,2022-01-17,Mon,2022-01-16,1,1,2022,FALSE
20220118,2022-01-18,Tue,2022-01-16,1,1,2022,FALSE
20220119,2022-01-19,Wed,2022-01-16,1,1,2022,FALSE
20220120,2022-01-20,Thu,2022-01-16,1,1,2022,FALSE
20220121,2022-01-21,Fri,2022-01-16,1,1,2022,TRUE
20220122,2022-01-22,Sat,2022-01-16,1,1,2022,TRUE
20220123,2022-01-23,Sun,2022-01-23,1,1,2022,FALSE
20220124,2022-01-24,Mon,2022-01-23,1,1,2022,FALSE
20220125,2022-01-25,Tue,2022-01-23,1,1,2022,FALSE
20220126,2022-01-26,Wed,2022-01-23,1,1,2022,FALSE
20220127,2022-01-27,Thu,2022-01-23,1,1,2022,FALSE
20220128,2022-01-28,Fri,2022-01-23,1,1,2022,TRUE
20220129,2022-01-29,Sat,2022-01-23,1,1,2022,TRUE
20220130,2022-01-30,Sun,2022-01-30,1,1,2022,FALSE
20220131,2022-01-31,Mon,2022-01-30,1,1,2022,FALSE
20220201,2022-02-01,Tue,2022-01-30,2,1,2022,FALSE
20220202,2022-02-02,Wed,2022-01-30,2,1,2022,FALSE
20220203,2022-02-03,Thu,2022-01-30,2,1,2022,FALSE
20220204,2022-02-04,Fri,2022-01-30,2,1,2022,TRUE
20220205,2022-02-05,Sat,2022-01-30,2,1,2022,TRUE
20220206,2022-02-06,Sun,2022-02-06,2,1,2022,FALSE
20220207,2022-02-07,Mon,2022-02-06,2,1,2022,FALSE
20220208,2022-02-08,Tue,2022-02-06,2,1,2022,FALSE
20220209,2022-02-09,Wed,2022-02-06,2,1,2022,FALSE
20220210,2022-02-10,Thu,2022-02-06,2,1,2022,FALSE
20220211,2022-02-11,Fri,2022-02-06,2,1,2022,TRUE
20220212,2022-02-12,Sat,2022-02-06,2,1,2022,TRUE
20220213,2022-02-13,Sun,2022-02-13,2,1,2022,FALSE
20220214,2022-02-14,Mon,2022-02-13,2,1,2022,FALSE
20220215,2022-02-15,Tue,2022-02-13,2,1,2022,FALSE
20220216,2022-02-16,Wed,2022-02-13,2,1,2022,FALSE
20220217,2022-02-17,Thu,2022-02-13,2,1,2022,FALSE
20220218,2022-02-18,Fri,2022-02-13,2,1,2022,TRUE
20220219,2022-02-19,Sat,2022-02-13,2,1,2022,TRUE
20220220,2022-02-20,Sun,2022-02-20,2,1,2022,FALSE
20220221,2022-02-21,Mon,2022-02-20,2,1,2022,FALSE
20220222,2022-02-22,Tue,2022-02-20,2,1,2022,FALSE
20220223,2022-02-23,Wed,2022-02-20,2,1,2022,FALSE
20220224,2022-02-24,Thu,2022-02-20,2,1,2022,FALSE
20220225,2022-02-25,Fri,2022-02-20,2,1,2022,TRUE
20220226,2022-02-26,Sat,2022-02-20,2,1,2022,TRUE
20220227,2022-02-27,Sun,2022-02-27,2,1,2022,FALSE
20220228,2022-02-28,Mon,2022-02-27,2,1,2022,FALSE
20220301,2022-03-01,Tue,2022-02-27,3,1,2022,FALSE
20220302,2022-03-02,Wed,2022-02-27,3,1,2022,FALSE
20220303,2022-03-03,Thu,2022-02-27,3,1,2022,FALSE
20220304,2022-03-04,Fri,2022-02-27,3,1,2022,TRUE
20220305,2022-03-05,Sat,2022-02-27,3,1,2022,TRUE
20220306,2022-03-06,Sun,2022-03-06,3,1,2022,FALSE
20220307,2022-03-07,Mon,2022-03-06,3,1,2022,FALSE
20220308,2022-03-08,Tue,2022-03-06,3,1,2022,FALSE
20220309,2022-03-09,Wed,2022-03-06,3,1,2022,FALSE
20220310,2022-03-10,Thu,2022-03-06,3,1,2022,FALSE
20220311,2022-03-11,Fri,2022-03-06,3,1,2022,TRUE
20220312,2022-03-12,Sat,2022-03-06,3,1,2022,TRUE
20220313,2022-03-13,Sun,2022-03-13,3,1,2022,FALSE
20220314,2022-03-14,Mon,2022-03-13,3,1,2022,FALSE
20220315,2022-03-15,Tue,2022-03-13,3,1,2022,FALSE
20220316,2022-03-16,Wed,2022-03-13,3,1,2022,FALSE
20220317,2022-03-17,Thu,2022-03-13,3,1,2022,FALSE
20220318,2022-03-18,Fri,2022-03-13,3,1,2022,TRUE
20220319,2022-03-19,Sat,2022-03-13,3,1,2022,TRUE
20220320,2022-03-20,Sun,2022-03-20,3,1,2022,FALSE
20220321,2022-03-21,Mon,2022-03-20,3,1,2022,FALSE
20220322,2022-03-22,Tue,2022-03-20,3,1,2022,FALSE
20220323,2022-03-23,Wed,2022-03-20,3,1,2022,FALSE
20220324,2022-03-24,Thu,2022-03-20,3,1,2022,FALSE
20220325,2022-03-25,Fri,2022-03-20,3,1,2022,TRUE
20220326,2022-03-26,Sat,2022-03-20,3,1,2022,TRUE
20220327,2022-03-27,Sun,2022-03-27,3,1,2022,FALSE
20220328,2022-03-28,Mon,2022-03-27,3,1,2022,FALSE
20220329,2022-03-29,Tue,2022-03-27,3,1,2022,FALSE
20220330,2022-03-30,Wed,2022-03-27,3,1,2022,FALSE
20220331,2022-03-31,Thu,2022-03-27,3,1,2022,FALSE
20220401,2022-04-01,Fri,2022-03-27,4,2,2022,TRUE
20220402,2022-04-02,Sat,2022-03-27,4,2,2022,TRUE
20220403,2022-04-03,Sun,2022-04-03,4,2,2022,FALSE
20220404,2022-04-04,Mon,2022-04-03,4,2,2022,FALSE
20220405,2022-04-05,Tue,2022-04-03,4,2,2022,FALSE
20220406,2022-04-06,Wed,2022-04-03,4,2,2022,FALSE
20220407,2022-04-07,Thu,2022-04-03,4,2,2022,FALSE
20220408,2022-04-08,Fri,2022-04-03,4,2,2022,TRUE
20220409,2022-04-09,Sat,2022-04-03,4,2,2022,TRUE
20220410,2022-04-10,Sun,2022-04-10,4,2,2022,FALSE
20220411,2022-04-11,Mon,2022-04-10,4,2,2022,FALSE
20220412,2022-04-12,Tue,2022-04-10,4,2,2022,FALSE
20220413,2022-04-13,Wed,2022-04-10,4,2,2022,FALSE
20220414,2022-04-14,Thu,2022-04-10,4,2,2022,FALSE
20220415,2022-04-15,Fri,2022-04-10,4,2,2022,TRUE
20220416,2022-04-16,Sat,2022-04-10,4,2,2022,TRUE
20220417,2022-04-17,Sun,2022-04-17,4,2,2022,FALSE
20220418,2022-04-18,Mon,2022-04-17,4,2,2022,FALSE
20220419,2022-04-19,Tue,2022-04-17,4,2,2022,FALSE
20220420,2022-04-20,Wed,2022-04-17,4,2,2022,FALSE
20220421,2022-04-21,Thu,2022-04-17,4,2,2022,FALSE
20220422,2022-04-22,Fri,2022-04-17,4,2,2022,TRUE
20220423,2022-04-23,Sat,2022-04-17,4,2,2022,TRUE
20220424,2022-04-24,Sun,2022-04-24,4,2,2022,FALSE
20220425,2022-04-25,Mon,2022-04-24,4,2,2022,FALSE
20220426,2022-04-26,Tue,2022-04-24,4,2,2022,FALSE
20220427,2022-04-27,Wed,2022-04-24,4,2,2022,FALSE
20220428,2022-04-28,Thu,2022-04-24,4,2,2022,FALSE
20220429,2022-04-29,Fri,2022-04-24,4,2,2022,TRUE
20220430,2022-04-30,Sat,2022-04-24,4,2,2022,TRUE
20220501,2022-05-01,Sun,2022-05-01,5,2,2022,FALSE
20220502,2022-05-02,Mon,2022-05-01,5,2,2022,FALSE
20220503,2022-05-03,Tue,2022-05-01,5,2,2022,FALSE
20220504,2022-05-04,Wed,2022-05-01,5,2,2022,FALSE
20220505,2022-05-05,Thu,2022-05-01,5,2,2022,FALSE
20220506,2022-05-06,Fri,2022-05-01,5,2,2022,TRUE
20220507,2022-05-07,Sat,2022-05-01,5,2,2022,TRUE
20220508,2022-05-08,Sun,2022-05-08,5,2,2022,FALSE
20220509,2022-05-09,Mon,2022-05-08,5,2,2022,FALSE
20220510,2022-05-10,Tue,2022-05-08,5,2,2022,FALSE
20220511,2022-05-11,Wed,2022-05-08,5,2,2022,FALSE
20220512,2022-05-12,Thu,2022-05-08,5,2,2022,FALSE
20220513,2022-05-13,Fri,2022-05-08,5,2,2022,TRUE
20220514,2022-05-14,Sat,2022-05-08,5,2,2022,TRUE
20220515,2022-05-15,Sun,2022-05-15,5,2,2022,FALSE
20220516,2022-05-16,Mon,2022-05-15,5,2,2022,FALSE
20220517,2022-05-17,Tue,2022-05-15,5,2,2022,FALSE
20220518,2022-05-18,Wed,2022-05-15,5,2,2022,FALSE
20220519,2022-05-19,Thu,2022-05-15,5,2,2022,FALSE
20220520,2022-05-20,Fri,2022-05-15,5,2,2022,TRUE
20220521,2022-05-21,Sat,2022-05-15,5,2,2022,TRUE
20220522,2022-05-22,Sun,2022-05-22,5,2,2022,FALSE
20220523,2022-05-23,Mon,2022-05-22,5,2,2022,FALSE
20220524,2022-05-24,Tue,2022-05-22,5,2,2022,FALSE
20220525,2022-05-25,Wed,2022-05-22,5,2,2022,FALSE
20220526,2022-05-26,Thu,2022-05-22,5,2,2022,FALSE
20220527,2022-05-27,Fri,2022-05-22,5,2,2022,TRUE
20220528,2022-05-28,Sat,2022-05-22,5,2,2022,TRUE
20220529,2022-05-29,Sun,2022-05-29,5,2,2022,FALSE
20220530,2022-05-30,Mon,2022-05-29,5,2,2022,FALSE
20220531,2022-05-31,Tue,2022-05-29,5,2,2022,FALSE
20220601,2022-06-01,Wed,2022-05-29,6,2,2022,FALSE
20220602,2022-06-02,Thu,2022-05-29,6,2,2022,FALSE
20220603,2022-06-03,Fri,2022-05-29,6,2,2022,TRUE
20220604,2022-06-04,Sat,2022-05-29,6,2,2022,TRUE
20220605,2022-06-05,Sun,2022-06-05,6,2,2022,FALSE
20220606,2022-06-06,Mon,2022-06-05,6,2,2022,FALSE
20220607,2022-06-07,Tue,2022-06-05,6,2,2022,FALSE
20220608,2022-06-08,Wed,2022-06-05,6,2,2022,FALSE
20220609,2022-06-09,Thu,2022-06-05,6,2,2022,FALSE
20220610,2022-06-10,Fri,2022-06-05,6,2,2022,TRUE
20220611,2022-06-11,Sat,2022-06-05,6,2,2022,TRUE
20220612,2022-06-12,Sun,2022-06-12,6,2,2022,FALSE
20220613,2022-06-13,Mon,2022-06-12,6,2,2022,FALSE
20220614,2022-06-14,Tue,2022-06-12,6,2,2022,FALSE
20220615,2022-06-15,Wed,2022-06-12,6,2,2022,FALSE
20220616,2022-06-16,Thu,2022-06-12,6,2,2022,FALSE
20220617,2022-06-17,Fri,2022-06-12,6,2,2022,TRUE
20220618,2022-06-18,Sat,2022-06-12,6,2,2022,TRUE
20220619,2022-06-19,Sun,2022-06-19,6,2,2022,FALSE
20220620,2022-06-20,Mon,2022-06-19,6,2,2022,FALSE
20220621,2022-06-21,Tue,2022-06-19,6,2,2022,FALSE
20220622,2022-06-22,Wed,2022-06-19,6,2,2022,FALSE
20220623,2022-06-23,Thu,2022-06-19,6,2,2022,FALSE
20220624,2022-06-24,Fri,2022-06-19,6,2,2022,TRUE
20220625,2022-06-25,Sat,2022-06-19,6,2,2022,TRUE
20220626,2022-06-26,Sun,2022-06-26,6,2,2022,FALSE
20220627,2022-06-27,Mon,2022-06-26,6,2,2022,FALSE
20220628,2022-06-28,Tue,2022-06-26,6,2,2022,FALSE
20220629,2022-06-29,Wed,2022-06-26,6,2,2022,FALSE
20220630,2022-06-30,Thu,2022-06-26,6,2,2022,FALSE
20220701,2022-07-01,Fri,2022-06-26,7,3,2022,TRUE
20220702,2022-07-02,Sat,2022-06-26,7,3,2022,TRUE
20220703,2022-07-03,Sun,2022-07-03,7,3,2022,FALSE
20220704,2022-07-04,Mon,2022-07-03,7,3,2022,FALSE
20220705,2022-07-05,Tue,2022-07-03,7,3,2022,FALSE
20220706,2022-07-06,Wed,2022-07-03,7,3,2022,FALSE
20220707,2022-07-07,Thu,2022-07-03,7,3,2022,FALSE
20220708,2022-07-08,Fri,2022-07-03,7,3,2022,TRUE
20220709,2022-07-09,Sat,2022-07-03,7,3,2022,TRUE
20220710,2022-07-10,Sun,2022-07-10,7,3,2022,FALSE
20220711,2022-07-11,Mon,2022-07-10,7,3,2022,FALSE
20220712,2022-07-12,Tue,2022-07-10,7,3,2022,FALSE
20220713,2022-07-13,Wed,2022-07-10,7,3,2022,FALSE
20220714,2022-07-14,Thu,2022-07-10,7,3,2022,FALSE
20220715,2022-07-15,Fri,2022-07-10,7,3,2022,TRUE
20220716,2022-07-16,Sat,2022-07-10,7,3,2022,TRUE
20220717,2022-07-17,Sun,2022-07-17,7,3,2022,FALSE
20220718,2022-07-18,Mon,2022-07-17,7,3,2022,FALSE
20220719,2022-07-19,Tue,2022-07-17,7,3,2022,FALSE
20220720,2022-07-20,Wed,2022-07-17,7,3,2022,FALSE
20220721,2022-07-21,Thu,2022-07-17,7,3,2022,FALSE
20220722,2022-07-22,Fri,2022-07-17,7,3,2022,TRUE
20220723,2022-07-23,Sat,2022-07-17,7,3,2022,TRUE
20220724,2022-07-24,Sun,2022-07-24,7,3,2022,FALSE
20220725,2022-07-25,Mon,2022-07-24,7,3,2022,FALSE
20220726,2022-07-26,Tue,2022-07-24,7,3,2022,FALSE
20220727,2022-07-27,Wed,2022-07-24,7,3,2022,FALSE
20220728,2022-07-28,Thu,2022-07-24,7,3,2022,FALSE
20220729,2022-07-29,Fri,2022-07-24,7,3,2022,TRUE
20220730,2022-07-30,Sat,2022-07-24,7,3,2022,TRUE
20220731,2022-07-31,Sun,2022-07-31,7,3,2022,FALSE
20220801,2022-08-01,Mon,2022-07-31,8,3,2022,FALSE
20220802,2022-08-02,Tue,2022-07-31,8,3,2022,FALSE
20220803,2022-08-03,Wed,2022-07-31,8,3,2022,FALSE
20220804,2022-08-04,Thu,2022-07-31,8,3,2022,FALSE
20220805,2022-08-05,Fri,2022-07-31,8,3,2022,TRUE
20220806,2022-08-06,Sat,2022-07-31,8,3,2022,TRUE
20220807,2022-08-07,Sun,2022-08-07,8,3,2022,FALSE
20220808,2022-08-08,Mon,2022-08-07,8,3,2022,FALSE
20220809,2022-08-09,Tue,2022-08-07,8,3,2022,FALSE
20220810,2022-08-10,Wed,2022-08-07,8,3,2022,FALSE
20220811,2022-08-11,Thu,2022-08-07,8,3,2022,FALSE
20220812,2022-08-12,Fri,2022-08-07,8,3,2022,TRUE
20220813,2022-08-13,Sat,2022-08-07,8,3,2022,TRUE
20220814,2022-08-14,Sun,2022-08-14,8,3,2022,FALSE
20220815,2022-08-15,Mon,2022-08-14,8,3,2022,FALSE
20220816,2022-08-16,Tue,2022-08-14,8,3,2022,FALSE
20220817,2022-08-17,Wed,2022-08-14,8,3,2022,FALSE
20220818,2022-08-18,Thu,2022-08-14,8,3,2022,FALSE
20220819,2022-08-19,Fri,2022-08-14,8,3,2022,TRUE
20220820,2022-08-20,Sat,2022-08-14,8,3,2022,TRUE
20220821,2022-08-21,Sun,2022-08-21,8,3,2022,FALSE
20220822,2022-08-22,Mon,2022-08-21,8,3,2022,FALSE
20220823,2022-08-23,Tue,2022-08-21,8,3,2022,FALSE
20220824,2022-08-24,Wed,2022-08-21,8,3,2022,FALSE
20220825,2022-08-25,Thu,2022-08-21,8,3,2022,FALSE
20220826,2022-08-26,Fri,2022-08-21,8,3,2022,TRUE
20220827,2022-08-27,Sat,2022-08-21,8,3,2022,TRUE
20220828,2022-08-28,Sun,2022-08-28,8,3,2022,FALSE
20220829,2022-08-29,Mon,2022-08-28,8,3,2022,FALSE
20220830,2022-08-30,Tue,2022-08-28,8,3,2022,FALSE
20220831,2022-08-31,Wed,2022-08-28,8,3,2022,FALSE
20220901,2022-09-01,Thu,2022-08-28,9,3,2022,FALSE
20220902,2022-09-02,Fri,2022-08-28,9,3,2022,TRUE
20220903,2022-09-03,Sat,2022-08-28,9,3,2022,TRUE
20220904,2022-09-04,Sun,2022-09-04,9,3,2022,FALSE
20220905,2022-09-05,Mon,2022-09-04,9,3,2022,FALSE
20220906,2022-09-06,Tue,2022-09-04,9,3,2022,FALSE
20220907,2022-09-07,Wed,2022-09-04,9,3,2022,FALSE
20220908,2022-09-08,Thu,2022-09-04,9,3,2022,FALSE
20220909,2022-09-09,Fri,2022-09-04,9,3,2022,TRUE
20220910,2022-09-10,Sat,2022-09-04,9,3,2022,TRUE
20220911,2022-09-11,Sun,2022-09-11,9,3,2022,FALSE
20220912,2022-09-12,Mon,2022-09-11,9,3,2022,FALSE
20220913,2022-09-13,Tue,2022-09-11,9,3,2022,FALSE
20220914,2022-09-14,Wed,2022-09-11,9,3,2022,FALSE
20220915,2022-09-15,Thu,2022-09-11,9,3,2022,FALSE
20220916,2022-09-16,Fri,2022-09-11,9,3,2022,TRUE
20220917,2022-09-17,Sat,2022-09-11,9,3,2022,TRUE
20220918,2022-09-18,Sun,2022-09-18,9,3,2022,FALSE
20220919,2022-09-19,Mon,2022-09-18,9,3,2022,FALSE
20220920,2022-09-20,Tue,2022-09-18,9,3,2022,FALSE
20220921,2022-09-21,Wed,2022-09-18,9,3,2022,FALSE
20220922,2022-09-22,Thu,2022-09-18,9,3,2022,FALSE
20220923,2022-09-23,Fri,2022-09-18,9,3,2022,TRUE
20220924,2022-09-24,Sat,2022-09-18,9,3,2022,TRUE
20220925,2022-09-25,Sun,2022-09-25,9,3,2022,FALSE
20220926,2022-09-26,Mon,2022-09-25,9,3,2022,FALSE
20220927,2022-09-27,Tue,2022-09-25,9,3,2022,FALSE
20220928,2022-09-28,Wed,2022-09-25,9,3,2022,FALSE
20220929,2022-09-29,Thu,2022-09-25,9,3,2022,FALSE
20220930,2022-09-30,Fri,2022-09-25,9,3,2022,TRUE
20221001,2022-10-01,Sat,2022-09-25,10,4,2022,TRUE
20221002,2022-10-02,Sun,2022-10-02,10,4,2022,FALSE
20221003,2022-10-03,Mon,2022-10-02,10,4,2022,FALSE
20221004,2022-10-04,Tue,2022-10-02,10,4,2022,FALSE
20221005,2022-10-05,Wed,2022-10-02,10,4,2022,FALSE
20221006,2022-10-06,Thu,2022-10-02,10,4,2022,FALSE
20221007,2022-10-07,Fri,2022-10-02,10,4,2022,TRUE
20221008,2022-10-08,Sat,2022-10-02,10,4,2022,TRUE
20221009,2022-10-09,Sun,2022-10-09,10,4,2022,FALSE
20221010,2022-10-10,Mon,2022-10-09,10,4,2022,FALSE
20221011,2022-10-11,Tue,2022-10-09,10,4,2022,FALSE
20221012,2022-10-12,Wed,2022-10-09,10,4,2022,FALSE
20221013,2022-10-13,Thu,2022-10-09,10,4,2022,FALSE
20221014,2022-10-14,Fri,2022-10-09,10,4,2022,TRUE
20221015,2022-10-15,Sat,2022-10-09,10,4,2022,TRUE
20221016,2022-10-16,Sun,2022-10-16,10,4,2022,FALSE
20221017,2022-10-17,Mon,2022-10-16,10,4,2022,FALSE
20221018,2022-10-18,Tue,2022-10-16,10,4,2022,FALSE
20221019,2022-10-19,Wed,2022-10-16,10,4,2022,FALSE
20221020,2022-10-20,Thu,2022-10-16,10,4,2022,FALSE
20221021,2022-10-21,Fri,2022-10-16,10,4,2022,TRUE
20221022,2022-10-22,Sat,2022-10-16,10,4,2022,TRUE
20221023,2022-10-23,Sun,2022-10-23,10,4,2022,FALSE
20221024,2022-10-24,Mon,2022-10-23,10,4,2022,FALSE
20221025,2022-10-25,Tue,2022-10-23,10,4,2022,FALSE
20221026,2022-10-26,Wed,2022-10-23,10,4,2022,FALSE
20221027,2022-10-27,Thu,2022-10-23,10,4,2022,FALSE
20221028,2022-10-28,Fri,2022-10-23,10,4,2022,TRUE
20221029,2022-10-29,Sat,2022-10-23,10,4,2022,TRUE
20221030,2022-10-30,Sun,2022-10-30,10,4,2022,FALSE
20221031,2022-10-31,Mon,2022-10-30,10,4,2022,FALSE
20221101,2022-11-01,Tue,2022-10-30,11,4,2022,FALSE
20221102,2022-11-02,Wed,2022-10-30,11,4,2022,FALSE
20221103,2022-11-03,Thu,2022-10-30,11,4,2022,FALSE
20221104,2022-11-04,Fri,2022-10-30,11,4,2022,TRUE
20221105,2022-11-05,Sat,2022-10-30,11,4,2022,TRUE
20221106,2022-11-06,Sun,2022-11-06,11,4,2022,FALSE
20221107,2022-11-07,Mon,2022-11-06,11,4,2022,FALSE
20221108,2022-11-08,Tue,2022-11-06,11,4,2022,FALSE
20221109,2022-11-09,Wed,2022-11-06,11,4,2022,FALSE
20221110,2022-11-10,Thu,2022-11-06,11,4,2022,FALSE
20221111,2022-11-11,Fri,2022-11-06,11,4,2022,TRUE
20221112,2022-11-12,Sat,2022-11-06,11,4,2022,TRUE
20221113,2022-11-13,Sun,2022-11-13,11,4,2022,FALSE
20221114,2022-11-14,Mon,2022-11-13,11,4,2022,FALSE
20221115,2022-11-15,Tue,2022-11-13,11,4,2022,FALSE
20221116,2022-11-16,Wed,2022-11-13,11,4,2022,FALSE
20221117,2022-11-17,Thu,2022-11-13,11,4,2022,FALSE
20221118,2022-11-18,Fri,2022-11-13,11,4,2022,TRUE
20221119,2022-11-19,Sat,2022-11-13,11,4,2022,TRUE
20221120,2022-11-20,Sun,2022-11-20,11,4,2022,FALSE
20221121,2022-11-21,Mon,2022-11-20,11,4,2022,FALSE
20221122,2022-11-22,Tue,2022-11-20,11,4,2022,FALSE
20221123,2022-11-23,Wed,2022-11-20,11,4,2022,FALSE
20221124,2022-11-24,Thu,2022-11-20,11,4,2022,FALSE
20221125,2022-11-25,Fri,2022-11-20,11,4,2022,TRUE
20221126,2022-11-26,Sat,2022-11-20,11,4,2022,TRUE
20221127,2022-11-27,Sun,2022-11-27,11,4,2022,FALSE
20221128,2022-11-28,Mon,2022-11-27,11,4,2022,FALSE
20221129,2022-11-29,Tue,2022-11-27,11,4,2022,FALSE
20221130,2022-11-30,Wed,2022-11-27,11,4,2022,FALSE
20221201,2022-12-01,Thu,2022-11-27,12,4,2022,FALSE
20221202,2022-12-02,Fri,2022-11-27,12,4,2022,TRUE
20221203,2022-12-03,Sat,2022-11-27,12,4,2022,TRUE
20221204,2022-12-04,Sun,2022-12-04,12,4,2022,FALSE
20221205,2022-12-05,Mon,2022-12-04,12,4,2022,FALSE
20221206,2022-12-06,Tue,2022-12-04,12,4,2022,FALSE
20221207,2022-12-07,Wed,2022-12-04,12,4,2022,FALSE
20221208,2022-12-08,Thu,2022-12-04,12,4,2022,FALSE
20221209,2022-12-09,Fri,2022-12-04,12,4,2022,TRUE
20221210,2022-12-10,Sat,2022-12-04,12,4,2022,TRUE
20221211,2022-12-11,Sun,2022-12-11,12,4,2022,FALSE
20221212,2022-12-12,Mon,2022-12-11,12,4,2022,FALSE
20221213,2022-12-13,Tue,2022-12-11,12,4,2022,FALSE
20221214,2022-12-14,Wed,2022-12-11,12,4,2022,FALSE
20221215,2022-12-15,Thu,2022-12-11,12,4,2022,FALSE
20221216,2022-12-16,Fri,2022-12-11,12,4,2022,TRUE
20221217,2022-12-17,Sat,2022-12-11,12,4,2022,TRUE
20221218,2022-12-18,Sun,2022-12-18,12,4,2022,FALSE
20221219,2022-12-19,Mon,2022-12-18,12,4,2022,FALSE
20221220,2022-12-20,Tue,2022-12-18,12,4,2022,FALSE
20221221,2022-12-21,Wed,2022-12-18,12,4,2022,FALSE
20221222,2022-12-22,Thu,2022-12-18,12,4,2022,FALSE
20221223,2022-12-23,Fri,2022-12-18,12,4,2022,TRUE
20221224,2022-12-24,Sat,2022-12-18,12,4,2022,TRUE
20221225,2022-12-25,Sun,2022-12-25,12,4,2022,FALSE
20221226,2022-12-26,Mon,2022-12-25,12,4,2022,FALSE
20221227,2022-12-27,Tue,2022-12-25,12,4,2022,FALSE
20221228,2022-12-28,Wed,2022-12-25,12,4,2022,FALSE
20221229,2022-12-29,Thu,2022-12-25,12,4,2022,FALSE
20221230,2022-12-30,Fri,2022-12-25,12,4,2022,TRUE
20221231,2022-12-31,Sat,2022-12-25,12,4,2022,TRUE
20230101,2023-01-01,Sun,2023-01-01,1,1,2023,FALSE
20230102,2023-01-02,Mon,2023-01-01,1,1,2023,FALSE
20230103,2023-01-03,Tue,2023-01-01,1,1,2023,FALSE
20230104,2023-01-04,Wed,2023-01-01,1,1,2023,FALSE
20230105,2023-01-05,Thu,2023-01-01,1,1,2023,FALSE
20230106,2023-01-06,Fri,2023-01-01,1,1,2023,TRUE
20230107,2023-01-07,Sat,2023-01-01,1,1,2023,TRUE
20230108,2023-01-08,Sun,2023-01-08,1,1,2023,FALSE
20230109,2023-01-09,Mon,2023-01-08,1,1,2023,FALSE
20230110,2023-01-10,Tue,2023-01-08,1,1,2023,FALSE
20230111,2023-01-11,Wed,2023-01-08,1,1,2023,FALSE
20230112,2023-01-12,Thu,2023-01-08,1,1,2023,FALSE
20230113,2023-01-13,Fri,2023-01-08,1,1,2023,TRUE
20230114,2023-01-14,Sat,2023-01-08,1,1,2023,TRUE
20230115,2023-01-15,Sun,2023-01-15,1,1,2023,FALSE
20230116,2023-01-16,Mon,2023-01-15,1,1,2023,FALSE
20230117,2023-01-17,Tue,2023-01-15,1,1,2023,FALSE
20230118,2023-01-18,Wed,2023-01-15,1,1,2023,FALSE
20230119,2023-01-19,Thu,2023-01-15,1,1,2023,FALSE
20230120,2023-01-20,Fri,2023-01-15,1,1,2023,TRUE
20230121,2023-01-21,Sat,2023-01-15,1,1,2023,TRUE
20230122,2023-01-22,Sun,2023-01-22,1,1,2023,FALSE
20230123,2023-01-23,Mon,2023-01-22,1,1,2023,FALSE
20230124,2023-01-24,Tue,2023-01-22,1,1,2023,FALSE
20230125,2023-01-25,Wed,2023-01-22,1,1,2023,FALSE
20230126,2023-01-26,Thu,2023-01-22,1,1,2023,FALSE
20230127,2023-01-27,Fri,2023-01-22,1,1,2023,TRUE
20230128,2023-01-28,Sat,2023-01-22,1,1,2023,TRUE
20230129,2023-01-29,Sun,2023-01-29,1,1,2023,FALSE
20230130,2023-01-30,Mon,2023-01-29,1,1,2023,FALSE
20230131,2023-01-31,Tue,2023-01-29,1,1,2023,FALSE
20230201,2023-02-01,Wed,2023-01-29,2,1,2023,FALSE
20230202,2023-02-02,Thu,2023-01-29,2,1,2023,FALSE
20230203,2023-02-03,Fri,2023-01-29,2,1,2023,TRUE
20230204,2023-02-04,Sat,2023-01-29,2,1,2023,TRUE
20230205,2023-02-05,Sun,2023-02-05,2,1,2023,FALSE
20230206,2023-02-06,Mon,2023-02-05,2,1,2023,FALSE
20230207,2023-02-07,Tue,2023-02-05,2,1,2023,FALSE
20230208,2023-02-08,Wed,2023-02-05,2,1,2023,FALSE
20230209,2023-02-09,Thu,2023-02-05,2,1,2023,FALSE
20230210,2023-02-10,Fri,2023-02-05,2,1,2023,TRUE
20230211,2023-02-11,Sat,2023-02-05,2,1,2023,TRUE
20230212,2023-02-12,Sun,2023-02-12,2,1,2023,FALSE
20230213,2023-02-13,Mon,2023-02-12,2,1,2023,FALSE
20230214,2023-02-14,Tue,2023-02-12,2,1,2023,FALSE
20230215,2023-02-15,Wed,2023-02-12,2,1,2023,FALSE
20230216,2023-02-16,Thu,2023-02-12,2,1,2023,FALSE
20230217,2023-02-17,Fri,2023-02-12,2,1,2023,TRUE
20230218,2023-02-18,Sat,2023-02-12,2,1,2023,TRUE
20230219,2023-02-19,Sun,2023-02-19,2,1,2023,FALSE
20230220,2023-02-20,Mon,2023-02-19,2,1,2023,FALSE
20230221,2023-02-21,Tue,2023-02-19,2,1,2023,FALSE
20230222,2023-02-22,Wed,2023-02-19,2,1,2023,FALSE
20230223,2023-02-23,Thu,2023-02-19,2,1,2023,FALSE
20230224,2023-02-24,Fri,2023-02-19,2,1,2023,TRUE
20230225,2023-02-25,Sat,2023-02-19,2,1,2023,TRUE
20230226,2023-02-26,Sun,2023-02-26,2,1,2023,FALSE
20230227,2023-02-27,Mon,2023-02-26,2,1,2023,FALSE
20230228,2023-02-28,Tue,2023-02-26,2,1,2023,FALSE
20230301,2023-03-01,Wed,2023-02-26,3,1,2023,FALSE
20230302,2023-03-02,Thu,2023-02-26,3,1,2023,FALSE
20230303,2023-03-03,Fri,2023-02-26,3,1,2023,TRUE
20230304,2023-03-04,Sat,2023-02-26,3,1,2023,TRUE
20230305,2023-03-05,Sun,2023-03-05,3,1,2023,FALSE
20230306,2023-03-06,Mon,2023-03-05,3,1,2023,FALSE
20230307,2023-03-07,Tue,2023-03-05,3,1,2023,FALSE
20230308,2023-03-08,Wed,2023-03-05,3,1,2023,FALSE
20230309,2023-03-09,Thu,2023-03-05,3,1,2023,FALSE
20230310,2023-03-10,Fri,2023-03-05,3,1,2023,TRUE
20230311,2023-03-11,Sat,2023-03-05,3,1,2023,TRUE
20230312,2023-03-12,Sun,2023-03-12,3,1,2023,FALSE
20230313,2023-03-13,Mon,2023-03-12,3,1,2023,FALSE
20230314,2023-03-14,Tue,2023-03-12,3,1,2023,FALSE
20230315,2023-03-15,Wed,2023-03-12,3,1,2023,FALSE
20230316,2023-03-16,Thu,2023-03-12,3,1,2023,FALSE
20230317,2023-03-17,Fri,2023-03-12,3,1,2023,TRUE
20230318,2023-03-18,Sat,2023-03-12,3,1,2023,TRUE
20230319,2023-03-19,Sun,2023-03-19,3,1,2023,FALSE
20230320,2023-03-20,Mon,2023-03-19,3,1,2023,FALSE
20230321,2023-03-21,Tue,2023-03-19,3,1,2023,FALSE
20230322,2023-03-22,Wed,2023-03-19,3,1,2023,FALSE
20230323,2023-03-23,Thu,2023-03-19,3,1,2023,FALSE
20230324,2023-03-24,Fri,2023-03-19,3,1,2023,TRUE
20230325,2023-03-25,Sat,2023-03-19,3,1,2023,TRUE
20230326,2023-03-26,Sun,2023-03-26,3,1,2023,FALSE
20230327,2023-03-27,Mon,2023-03-26,3,1,2023,FALSE
20230328,2023-03-28,Tue,2023-03-26,3,1,2023,FALSE
20230329,2023-03-29,Wed,2023-03-26,3,1,2023,FALSE
20230330,2023-03-30,Thu,2023-03-26,3,1,2023,FALSE
20230331,2023-03-31,Fri,2023-03-26,3,1,2023,TRUE
20230401,2023-04-01,Sat,2023-03-26,4,2,2023,TRUE
20230402,2023-04-02,Sun,2023-04-02,4,2,2023,FALSE
20230403,2023-04-03,Mon,2023-04-02,4,2,2023,FALSE
20230404,2023-04-04,Tue,2023-04-02,4,2,2023,FALSE
20230405,2023-04-05,Wed,2023-04-02,4,2,2023,FALSE
20230406,2023-04-06,Thu,2023-04-02,4,2,2023,FALSE
20230407,2023-04-07,Fri,2023-04-02,4,2,2023,TRUE
20230408,2023-04-08,Sat,2023-04-02,4,2,2023,TRUE
20230409,2023-04-09,Sun,2023-04-09,4,2,2023,FALSE
20230410,2023-04-10,Mon,2023-04-09,4,2,2023,FALSE
20230411,2023-04-11,Tue,2023-04-09,4,2,2023,FALSE
20230412,2023-04-12,Wed,2023-04-09,4,2,2023,FALSE
20230413,2023-04-13,Thu,2023-04-09,4,2,2023,FALSE
20230414,2023-04-14,Fri,2023-04-09,4,2,2023,TRUE
20230415,2023-04-15,Sat,2023-04-09,4,2,2023,TRUE
20230416,2023-04-16,Sun,2023-04-16,4,2,2023,FALSE
20230417,2023-04-17,Mon,2023-04-16,4,2,2023,FALSE
20230418,2023-04-18,Tue,2023-04-16,4,2,2023,FALSE
20230419,2023-04-19,Wed,2023-04-16,4,2,2023,FALSE
20230420,2023-04-20,Thu,2023-04-16,4,2,2023,FALSE
20230421,2023-04-21,Fri,2023-04-16,4,2,2023,TRUE
20230422,2023-04-22,Sat,2023-04-16,4,2,2023,TRUE
20230423,2023-04-23,Sun,2023-04-23,4,2,2023,FALSE
20230424,2023-04-24,Mon,2023-04-23,4,2,2023,FALSE
20230425,2023-04-25,Tue,2023-04-23,4,2,2023,FALSE
20230426,2023-04-26,Wed,2023-04-23,4,2,2023,FALSE
20230427,2023-04-27,Thu,2023-04-23,4,2,2023,FALSE
20230428,2023-04-28,Fri,2023-04-23,4,2,2023,TRUE
20230429,2023-04-29,Sat,2023-04-23,4,2,2023,TRUE
20230430,2023-04-30,Sun,2023-04-30,4,2,2023,FALSE
20230501,2023-05-01,Mon,2023-04-30,5,2,2023,FALSE
20230502,2023-05-02,Tue,2023-04-30,5,2,2023,FALSE
20230503,2023-05-03,Wed,2023-04-30,5,2,2023,FALSE
20230504,2023-05-04,Thu,2023-04-30,5,2,2023,FALSE
20230505,2023-05-05,Fri,2023-04-30,5,2,2023,TRUE
20230506,2023-05-06,Sat,2023-04-30,5,2,2023,TRUE
20230507,2023-05-07,Sun,2023-05-07,5,2,2023,FALSE
20230508,2023-05-08,Mon,2023-05-07,5,2,2023,FALSE
20230509,2023-05-09,Tue,2023-05-07,5,2,2023,FALSE
20230510,2023-05-10,Wed,2023-05-07,5,2,2023,FALSE
20230511,2023-05-11,Thu,2023-05-07,5,2,2023,FALSE
20230512,2023-05-12,Fri,2023-05-07,5,2,2023,TRUE
20230513,2023-05-13,Sat,2023-05-07,5,2,2023,TRUE
20230514,2023-05-14,Sun,2023-05-14,5,2,2023,FALSE
20230515,2023-05-15,Mon,2023-05-14,5,2,2023,FALSE
20230516,2023-05-16,Tue,2023-05-14,5,2,2023,FALSE
20230517,2023-05-17,Wed,2023-05-14,5,2,2023,FALSE
20230518,2023-05-18,Thu,2023-05-14,5,2,2023,FALSE
20230519,2023-05-19,Fri,2023-05-14,5,2,2023,TRUE
20230520,2023-05-20,Sat,2023-05-14,5,2,2023,TRUE
20230521,2023-05-21,Sun,2023-05-21,5,2,2023,FALSE
20230522,2023-05-22,Mon,2023-05-21,5,2,2023,FALSE
20230523,2023-05-23,Tue,2023-05-21,5,2,2023,FALSE
20230524,2023-05-24,Wed,2023-05-21,5,2,2023,FALSE
20230525,2023-05-25,Thu,2023-05-21,5,2,2023,FALSE
20230526,2023-05-26,Fri,2023-05-21,5,2,2023,TRUE
20230527,2023-05-27,Sat,2023-05-21,5,2,2023,TRUE
20230528,2023-05-28,Sun,2023-05-28,5,2,2023,FALSE
20230529,2023-05-29,Mon,2023-05-28,5,2,2023,FALSE
20230530,2023-05-30,Tue,2023-05-28,5,2,2023,FALSE
20230531,2023-05-31,Wed,2023-05-28,5,2,2023,FALSE
20230601,2023-06-01,Thu,2023-05-28,6,2,2023,FALSE
20230602,2023-06-02,Fri,2023-05-28,6,2,2023,TRUE
20230603,2023-06-03,Sat,2023-05-28,6,2,2023,TRUE
20230604,2023-06-04,Sun,2023-06-04,6,2,2023,FALSE
20230605,2023-06-05,Mon,2023-06-04,6,2,2023,FALSE
20230606,2023-06-06,Tue,2023-06-04,6,2,2023,FALSE
20230607,2023-06-07,Wed,2023-06-04,6,2,2023,FALSE
20230608,2023-06-08,Thu,2023-06-04,6,2,2023,FALSE
20230609,2023-06-09,Fri,2023-06-04,6,2,2023,TRUE
20230610,2023-06-10,Sat,2023-06-04,6,2,2023,TRUE
20230611,2023-06-11,Sun,2023-06-11,6,2,2023,FALSE
20230612,2023-06-12,Mon,2023-06-11,6,2,2023,FALSE
20230613,2023-06-13,Tue,2023-06-11,6,2,2023,FALSE
20230614,2023-06-14,Wed,2023-06-11,6,2,2023,FALSE
20230615,2023-06-15,Thu,2023-06-11,6,2,2023,FALSE
20230616,2023-06-16,Fri,2023-06-11,6,2,2023,TRUE
20230617,2023-06-17,Sat,2023-06-11,6,2,2023,TRUE
20230618,2023-06-18,Sun,2023-06-18,6,2,2023,FALSE
20230619,2023-06-19,Mon,2023-06-18,6,2,2023,FALSE
20230620,2023-06-20,Tue,2023-06-18,6,2,2023,FALSE
20230621,2023-06-21,Wed,2023-06-18,6,2,2023,FALSE
20230622,2023-06-22,Thu,2023-06-18,6,2,2023,FALSE
20230623,2023-06-23,Fri,2023-06-18,6,2,2023,TRUE
20230624,2023-06-24,Sat,2023-06-18,6,2,2023,TRUE
20230625,2023-06-25,Sun,2023-06-25,6,2,2023,FALSE
20230626,2023-06-26,Mon,2023-06-25,6,2,2023,FALSE
20230627,2023-06-27,Tue,2023-06-25,6,2,2023,FALSE
20230628,2023-06-28,Wed,2023-06-25,6,2,2023,FALSE
20230629,2023-06-29,Thu,2023-06-25,6,2,2023,FALSE
20230630,2023-06-30,Fri,2023-06-25,6,2,2023,TRUE
20230701,2023-07-01,Sat,2023-06-25,7,3,2023,TRUE
20230702,2023-07-02,Sun,2023-07-02,7,3,2023,FALSE
20230703,2023-07-03,Mon,2023-07-02,7,3,2023,FALSE
20230704,2023-07-04,Tue,2023-07-02,7,3,2023,FALSE
20230705,2023-07-05,Wed,2023-07-02,7,3,2023,FALSE
20230706,2023-07-06,Thu,2023-07-02,7,3,2023,FALSE
20230707,2023-07-07,Fri,2023-07-02,7,3,2023,TRUE
20230708,2023-07-08,Sat,2023-07-02,7,3,2023,TRUE
20230709,2023-07-09,Sun,2023-07-09,7,3,2023,FALSE
20230710,2023-07-10,Mon,2023-07-09,7,3,2023,FALSE
20230711,2023-07-11,Tue,2023-07-09,7,3,2023,FALSE
20230712,2023-07-12,Wed,2023-07-09,7,3,2023,FALSE
20230713,2023-07-13,Thu,2023-07-09,7,3,2023,FALSE
20230714,2023-07-14,Fri,2023-07-09,7,3,2023,TRUE
20230715,2023-07-15,Sat,2023-07-09,7,3,2023,TRUE
20230716,2023-07-16,Sun,2023-07-16,7,3,2023,FALSE
20230717,2023-07-17,Mon,2023-07-16,7,3,2023,FALSE
20230718,2023-07-18,Tue,2023-07-16,7,3,2023,FALSE
20230719,2023-07-19,Wed,2023-07-16,7,3,2023,FALSE
20230720,2023-07-20,Thu,2023-07-16,7,3,2023,FALSE
20230721,2023-07-21,Fri,2023-07-16,7,3,2023,TRUE
20230722,2023-07-22,Sat,2023-07-16,7,3,2023,TRUE
20230723,2023-07-23,Sun,2023-07-23,7,3,2023,FALSE
20230724,2023-07-24,Mon,2023-07-23,7,3,2023,FALSE
20230725,2023-07-25,Tue,2023-07-23,7,3,2023,FALSE
20230726,2023-07-26,Wed,2023-07-23,7,3,2023,FALSE
20230727,2023-07-27,Thu,2023-07-23,7,3,2023,FALSE
20230728,2023-07-28,Fri,2023-07-23,7,3,2023,TRUE
20230729,2023-07-29,Sat,2023-07-23,7,3,2023,TRUE
20230730,2023-07-30,Sun,2023-07-30,7,3,2023,FALSE
20230731,2023-07-31,Mon,2023-07-30,7,3,2023,FALSE
20230801,2023-08-01,Tue,2023-07-30,8,3,2023,FALSE
20230802,2023-08-02,Wed,2023-07-30,8,3,2023,FALSE
20230803,2023-08-03,Thu,2023-07-30,8,3,2023,FALSE
20230804,2023-08-04,Fri,2023-07-30,8,3,2023,TRUE
20230805,2023-08-05,Sat,2023-07-30,8,3,2023,TRUE
20230806,2023-08-06,Sun,2023-08-06,8,3,2023,FALSE
20230807,2023-08-07,Mon,2023-08-06,8,3,2023,FALSE
20230808,2023-08-08,Tue,2023-08-06,8,3,2023,FALSE
20230809,2023-08-09,Wed,2023-08-06,8,3,2023,FALSE
20230810,2023-08-10,Thu,2023-08-06,8,3,2023,FALSE
20230811,2023-08-11,Fri,2023-08-06,8,3,2023,TRUE
20230812,2023-08-12,Sat,2023-08-06,8,3,2023,TRUE
20230813,2023-08-13,Sun,2023-08-13,8,3,2023,FALSE
20230814,2023-08-14,Mon,2023-08-13,8,3,2023,FALSE
20230815,2023-08-15,Tue,2023-08-13,8,3,2023,FALSE
20230816,2023-08-16,Wed,2023-08-13,8,3,2023,FALSE
20230817,2023-08-17,Thu,2023-08-13,8,3,2023,FALSE
20230818,2023-08-18,Fri,2023-08-13,8,3,2023,TRUE
20230819,2023-08-19,Sat,2023-08-13,8,3,2023,TRUE
20230820,2023-08-20,Sun,2023-08-20,8,3,2023,FALSE
20230821,2023-08-21,Mon,2023-08-20,8,3,2023,FALSE
20230822,2023-08-22,Tue,2023-08-20,8,3,2023,FALSE
20230823,2023-08-23,Wed,2023-08-20,8,3,2023,FALSE
20230824,2023-08-24,Thu,2023-08-20,8,3,2023,FALSE
20230825,2023-08-25,Fri,2023-08-20,8,3,2023,TRUE
20230826,2023-08-26,Sat,2023-08-20,8,3,2023,TRUE
20230827,2023-08-27,Sun,2023-08-27,8,3,2023,FALSE
20230828,2023-08-28,Mon,2023-08-27,8,3,2023,FALSE
20230829,2023-08-29,Tue,2023-08-27,8,3,2023,FALSE
20230830,2023-08-30,Wed,2023-08-27,8,3,2023,FALSE
20230831,2023-08-31,Thu,2023-08-27,8,3,2023,FALSE
20230901,2023-09-01,Fri,2023-08-27,9,3,2023,TRUE
20230902,2023-09-02,Sat,2023-08-27,9,3,2023,TRUE
20230903,2023-09-03,Sun,2023-09-03,9,3,2023,FALSE
20230904,2023-09-04,Mon,2023-09-03,9,3,2023,FALSE
20230905,2023-09-05,Tue,2023-09-03,9,3,2023,FALSE
20230906,2023-09-06,Wed,2023-09-03,9,3,2023,FALSE
20230907,2023-09-07,Thu,2023-09-03,9,3,2023,FALSE
20230908,2023-09-08,Fri,2023-09-03,9,3,2023,TRUE
20230909,2023-09-09,Sat,2023-09-03,9,3,2023,TRUE
20230910,2023-09-10,Sun,2023-09-10,9,3,2023,FALSE
20230911,2023-09-11,Mon,2023-09-10,9,3,2023,FALSE
20230912,2023-09-12,Tue,2023-09-10,9,3,2023,FALSE
20230913,2023-09-13,Wed,2023-09-10,9,3,2023,FALSE
20230914,2023-09-14,Thu,2023-09-10,9,3,2023,FALSE
20230915,2023-09-15,Fri,2023-09-10,9,3,2023,TRUE
20230916,2023-09-16,Sat,2023-09-10,9,3,2023,TRUE
20230917,2023-09-17,Sun,2023-09-17,9,3,2023,FALSE
20230918,2023-09-18,Mon,2023-09-17,9,3,2023,FALSE
20230919,2023-09-19,Tue,2023-09-17,9,3,2023,FALSE
20230920,2023-09-20,Wed,2023-09-17,9,3,2023,FALSE
20230921,2023-09-21,Thu,2023-09-17,9,3,2023,FALSE
20230922,2023-09-22,Fri,2023-09-17,9,3,2023,TRUE
20230923,2023-09-23,Sat,2023-09-17,9,3,2023,TRUE
20230924,2023-09-24,Sun,2023-09-24,9,3,2023,FALSE
20230925,2023-09-25,Mon,2023-09-24,9,3,2023,FALSE
20230926,2023-09-26,Tue,2023-09-24,9,3,2023,FALSE
20230927,2023-09-27,Wed,2023-09-24,9,3,2023,FALSE
20230928,2023-09-28,Thu,2023-09-24,9,3,2023,FALSE
20230929,2023-09-29,Fri,2023-09-24,9,3,2023,TRUE
20230930,2023-09-30,Sat,2023-09-24,9,3,2023,TRUE
20231001,2023-10-01,Sun,2023-10-01,10,4,2023,FALSE
20231002,2023-10-02,Mon,2023-10-01,10,4,2023,FALSE
20231003,2023-10-03,Tue,2023-10-01,10,4,2023,FALSE
20231004,2023-10-04,Wed,2023-10-01,10,4,2023,FALSE
20231005,2023-10-05,Thu,2023-10-01,10,4,2023,FALSE
20231006,2023-10-06,Fri,2023-10-01,10,4,2023,TRUE
20231007,2023-10-07,Sat,2023-10-01,10,4,2023,TRUE
20231008,2023-10-08,Sun,2023-10-08,10,4,2023,FALSE
20231009,2023-10-09,Mon,2023-10-08,10,4,2023,FALSE
20231010,2023-10-10,Tue,2023-10-08,10,4,2023,FALSE
20231011,2023-10-11,Wed,2023-10-08,10,4,2023,FALSE
20231012,2023-10-12,Thu,2023-10-08,10,4,2023,FALSE
20231013,2023-10-13,Fri,2023-10-08,10,4,2023,TRUE
20231014,2023-10-14,Sat,2023-10-08,10,4,2023,TRUE
20231015,2023-10-15,Sun,2023-10-15,10,4,2023,FALSE
20231016,2023-10-16,Mon,2023-10-15,10,4,2023,FALSE
20231017,2023-10-17,Tue,2023-10-15,10,4,2023,FALSE
20231018,2023-10-18,Wed,2023-10-15,10,4,2023,FALSE
20231019,2023-10-19,Thu,2023-10-15,10,4,2023,FALSE
20231020,2023-10-20,Fri,2023-10-15,10,4,2023,TRUE
20231021,2023-10-21,Sat,2023-10-15,10,4,2023,TRUE
20231022,2023-10-22,Sun,2023-10-22,10,4,2023,FALSE
20231023,2023-10-23,Mon,2023-10-22,10,4,2023,FALSE
20231024,2023-10-24,Tue,2023-10-22,10,4,2023,FALSE
20231025,2023-10-25,Wed,2023-10-22,10,4,2023,FALSE
20231026,2023-10-26,Thu,2023-10-22,10,4,2023,FALSE
20231027,2023-10-27,Fri,2023-10-22,10,4,2023,TRUE
20231028,2023-10-28,Sat,2023-10-22,10,4,2023,TRUE
20231029,2023-10-29,Sun,2023-10-29,10,4,2023,FALSE
20231030,2023-10-30,Mon,2023-10-29,10,4,2023,FALSE
20231031,2023-10-31,Tue,2023-10-29,10,4,2023,FALSE
20231101,2023-11-01,Wed,2023-10-29,11,4,2023,FALSE
20231102,2023-11-02,Thu,2023-10-29,11,4,2023,FALSE
20231103,2023-11-03,Fri,2023-10-29,11,4,2023,TRUE
20231104,2023-11-04,Sat,2023-10-29,11,4,2023,TRUE
20231105,2023-11-05,Sun,2023-11-05,11,4,2023,FALSE
20231106,2023-11-06,Mon,2023-11-05,11,4,2023,FALSE
20231107,2023-11-07,Tue,2023-11-05,11,4,2023,FALSE
20231108,2023-11-08,Wed,2023-11-05,11,4,2023,FALSE
20231109,2023-11-09,Thu,2023-11-05,11,4,2023,FALSE
20231110,2023-11-10,Fri,2023-11-05,11,4,2023,TRUE
20231111,2023-11-11,Sat,2023-11-05,11,4,2023,TRUE
20231112,2023-11-12,Sun,2023-11-12,11,4,2023,FALSE
20231113,2023-11-13,Mon,2023-11-12,11,4,2023,FALSE
20231114,2023-11-14,Tue,2023-11-12,11,4,2023,FALSE
20231115,2023-11-15,Wed,2023-11-12,11,4,2023,FALSE
20231116,2023-11-16,Thu,2023-11-12,11,4,2023,FALSE
20231117,2023-11-17,Fri,2023-11-12,11,4,2023,TRUE
20231118,2023-11-18,Sat,2023-11-12,11,4,2023,TRUE
20231119,2023-11-19,Sun,2023-11-19,11,4,2023,FALSE
20231120,2023-11-20,Mon,2023-11-19,11,4,2023,FALSE
20231121,2023-11-21,Tue,2023-11-19,11,4,2023,FALSE
20231122,2023-11-22,Wed,2023-11-19,11,4,2023,FALSE
20231123,2023-11-23,Thu,2023-11-19,11,4,2023,FALSE
20231124,2023-11-24,Fri,2023-11-19,11,4,2023,TRUE
20231125,2023-11-25,Sat,2023-11-19,11,4,2023,TRUE
20231126,2023-11-26,Sun,2023-11-26,11,4,2023,FALSE
20231127,2023-11-27,Mon,2023-11-26,11,4,2023,FALSE
20231128,2023-11-28,Tue,2023-11-26,11,4,2023,FALSE
20231129,2023-11-29,Wed,2023-11-26,11,4,2023,FALSE
20231130,2023-11-30,Thu,2023-11-26,11,4,2023,FALSE
20231201,2023-12-01,Fri,2023-11-26,12,4,2023,TRUE
20231202,2023-12-02,Sat,2023-11-26,12,4,2023,TRUE
20231203,2023-12-03,Sun,2023-12-03,12,4,2023,FALSE
20231204,2023-12-04,Mon,2023-12-03,12,4,2023,FALSE
20231205,2023-12-05,Tue,2023-12-03,12,4,2023,FALSE
20231206,2023-12-06,Wed,2023-12-03,12,4,2023,FALSE
20231207,2023-12-07,Thu,2023-12-03,12,4,2023,FALSE
20231208,2023-12-08,Fri,2023-12-03,12,4,2023,TRUE
20231209,2023-12-09,Sat,2023-12-03,12,4,2023,TRUE
20231210,2023-12-10,Sun,2023-12-10,12,4,2023,FALSE
20231211,2023-12-11,Mon,2023-12-10,12,4,2023,FALSE
20231212,2023-12-12,Tue,2023-12-10,12,4,2023,FALSE
20231213,2023-12-13,Wed,2023-12-10,12,4,2023,FALSE
20231214,2023-12-14,Thu,2023-12-10,12,4,2023,FALSE
20231215,2023-12-15,Fri,2023-12-10,12,4,2023,TRUE
20231216,2023-12-16,Sat,2023-12-10,12,4,2023,TRUE
20231217,2023-12-17,Sun,2023-12-17,12,4,2023,FALSE
20231218,2023-12-18,Mon,2023-12-17,12,4,2023,FALSE
20231219,2023-12-19,Tue,2023-12-17,12,4,2023,FALSE
20231220,2023-12-20,Wed,2023-12-17,12,4,2023,FALSE
20231221,2023-12-21,Thu,2023-12-17,12,4,2023,FALSE
20231222,2023-12-22,Fri,2023-12-17,12,4,2023,TRUE
20231223,2023-12-23,Sat,2023-12-17,12,4,2023,TRUE
20231224,2023-12-24,Sun,2023-12-24,12,4,2023,FALSE
20231225,2023-12-25,Mon,2023-12-24,12,4,2023,FALSE
20231226,2023-12-26,Tue,2023-12-24,12,4,2023,FALSE
20231227,2023-12-27,Wed,2023-12-24,12,4,2023,FALSE
20231228,2023-12-28,Thu,2023-12-24,12,4,2023,FALSE
20231229,2023-12-29,Fri,2023-12-24,12,4,2023,TRUE
20231230,2023-12-30,Sat,2023-12-24,12,4,2023,TRUE
20231231,2023-12-31,Sun,2023-12-31,12,4,2023,FALSE
20240101,2024-01-01,Mon,2023-12-31,1,1,2024,FALSE
20240102,2024-01-02,Tue,2023-12-31,1,1,2024,FALSE
20240103,2024-01-03,Wed,2023-12-31,1,1,2024,FALSE
20240104,2024-01-04,Thu,2023-12-31,1,1,2024,FALSE
20240105,2024-01-05,Fri,2023-12-31,1,1,2024,TRUE
20240106,2024-01-06,Sat,2023-12-31,1,1,2024,TRUE
20240107,2024-01-07,Sun,2024-01-07,1,1,2024,FALSE
20240108,2024-01-08,Mon,2024-01-07,1,1,2024,FALSE
20240109,2024-01-09,Tue,2024-01-07,1,1,2024,FALSE
20240110,2024-01-10,Wed,2024-01-07,1,1,2024,FALSE
20240111,2024-01-11,Thu,2024-01-07,1,1,2024,FALSE
20240112,2024-01-12,Fri,2024-01-07,1,1,2024,TRUE
20240113,2024-01-13,Sat,2024-01-07,1,1,2024,TRUE
20240114,2024-01-14,Sun,2024-01-14,1,1,2024,FALSE
20240115,2024-01-15,Mon,2024-01-14,1,1,2024,FALSE
20240116,2024-01-16,Tue,2024-01-14,1,1,2024,FALSE
20240117,2024-01-17,Wed,2024-01-14,1,1,2024,FALSE
20240118,2024-01-18,Thu,2024-01-14,1,1,2024,FALSE
20240119,2024-01-19,Fri,2024-01-14,1,1,2024,TRUE
20240120,2024-01-20,Sat,2024-01-14,1,1,2024,TRUE
20240121,2024-01-21,Sun,2024-01-21,1,1,2024,FALSE
20240122,2024-01-22,Mon,2024-01-21,1,1,2024,FALSE
20240123,2024-01-23,Tue,2024-01-21,1,1,2024,FALSE
20240124,2024-01-24,Wed,2024-01-21,1,1,2024,FALSE
20240125,2024-01-25,Thu,2024-01-21,1,1,2024,FALSE
20240126,2024-01-26,Fri,2024-01-21,1,1,2024,TRUE
20240127,2024-01-27,Sat,2024-01-21,1,1,2024,TRUE
20240128,2024-01-28,Sun,2024-01-28,1,1,2024,FALSE
20240129,2024-01-29,Mon,2024-01-28,1,1,2024,FALSE
20240130,2024-01-30,Tue,2024-01-28,1,1,2024,FALSE
20240131,2024-01-31,Wed,2024-01-28,1,1,2024,FALSE
20240201,2024-02-01,Thu,2024-01-28,2,1,2024,FALSE
20240202,2024-02-02,Fri,2024-01-28,2,1,2024,TRUE
20240203,2024-02-03,Sat,2024-01-28,2,1,2024,TRUE
20240204,2024-02-04,Sun,2024-02-04,2,1,2024,FALSE
20240205,2024-02-05,Mon,2024-02-04,2,1,2024,FALSE
20240206,2024-02-06,Tue,2024-02-04,2,1,2024,FALSE
20240207,2024-02-07,Wed,2024-02-04,2,1,2024,FALSE
20240208,2024-02-08,Thu,2024-02-04,2,1,2024,FALSE
20240209,2024-02-09,Fri,2024-02-04,2,1,2024,TRUE
20240210,2024-02-10,Sat,2024-02-04,2,1,2024,TRUE
20240211,2024-02-11,Sun,2024-02-11,2,1,2024,FALSE
20240212,2024-02-12,Mon,2024-02-11,2,1,2024,FALSE
20240213,2024-02-13,Tue,2024-02-11,2,1,2024,FALSE
20240214,2024-02-14,Wed,2024-02-11,2,1,2024,FALSE
20240215,2024-02-15,Thu,2024-02-11,2,1,2024,FALSE
20240216,2024-02-16,Fri,2024-02-11,2,1,2024,TRUE
20240217,2024-02-17,Sat,2024-02-11,2,1,2024,TRUE
20240218,2024-02-18,Sun,2024-02-18,2,1,2024,FALSE
20240219,2024-02-19,Mon,2024-02-18,2,1,2024,FALSE
20240220,2024-02-20,Tue,2024-02-18,2,1,2024,FALSE
20240221,2024-02-21,Wed,2024-02-18,2,1,2024,FALSE
20240222,2024-02-22,Thu,2024-02-18,2,1,2024,FALSE
20240223,2024-02-23,Fri,2024-02-18,2,1,2024,TRUE
20240224,2024-02-24,Sat,2024-02-18,2,1,2024,TRUE
20240225,2024-02-25,Sun,2024-02-25,2,1,2024,FALSE
20240226,2024-02-26,Mon,2024-02-25,2,1,2024,FALSE
20240227,2024-02-27,Tue,2024-02-25,2,1,2024,FALSE
20240228,2024-02-28,Wed,2024-02-25,2,1,2024,FALSE
20240229,2024-02-29,Thu,2024-02-25,2,1,2024,FALSE
20240301,2024-03-01,Fri,2024-02-25,3,1,2024,TRUE
20240302,2024-03-02,Sat,2024-02-25,3,1,2024,TRUE
20240303,2024-03-03,Sun,2024-03-03,3,1,2024,FALSE
20240304,2024-03-04,Mon,2024-03-03,3,1,2024,FALSE
20240305,2024-03-05,Tue,2024-03-03,3,1,2024,FALSE
20240306,2024-03-06,Wed,2024-03-03,3,1,2024,FALSE
20240307,2024-03-07,Thu,2024-03-03,3,1,2024,FALSE
20240308,2024-03-08,Fri,2024-03-03,3,1,2024,TRUE
20240309,2024-03-09,Sat,2024-03-03,3,1,2024,TRUE
20240310,2024-03-10,Sun,2024-03-10,3,1,2024,FALSE
20240311,2024-03-11,Mon,2024-03-10,3,1,2024,FALSE
20240312,2024-03-12,Tue,2024-03-10,3,1,2024,FALSE
20240313,2024-03-13,Wed,2024-03-10,3,1,2024,FALSE
20240314,2024-03-14,Thu,2024-03-10,3,1,2024,FALSE
20240315,2024-03-15,Fri,2024-03-10,3,1,2024,TRUE
20240316,2024-03-16,Sat,2024-03-10,3,1,2024,TRUE
20240317,2024-03-17,Sun,2024-03-17,3,1,2024,FALSE
20240318,2024-03-18,Mon,2024-03-17,3,1,2024,FALSE
20240319,2024-03-19,Tue,2024-03-17,3,1,2024,FALSE
20240320,2024-03-20,Wed,2024-03-17,3,1,2024,FALSE
20240321,2024-03-21,Thu,2024-03-17,3,1,2024,FALSE
20240322,2024-03-22,Fri,2024-03-17,3,1,2024,TRUE
20240323,2024-03-23,Sat,2024-03-17,3,1,2024,TRUE
20240324,2024-03-24,Sun,2024-03-24,3,1,2024,FALSE
20240325,2024-03-25,Mon,2024-03-24,3,1,2024,FALSE
20240326,2024-03-26,Tue,2024-03-24,3,1,2024,FALSE
20240327,2024-03-27,Wed,2024-03-24,3,1,2024,FALSE
20240328,2024-03-28,Thu,2024-03-24,3,1,2024,FALSE
20240329,2024-03-29,Fri,2024-03-24,3,1,2024,TRUE
20240330,2024-03-30,Sat,2024-03-24,3,1,2024,TRUE
20240331,2024-03-31,Sun,2024-03-31,3,1,2024,FALSE
20240401,2024-04-01,Mon,2024-03-31,4,2,2024,FALSE
20240402,2024-04-02,Tue,2024-03-31,4,2,2024,FALSE
20240403,2024-04-03,Wed,2024-03-31,4,2,2024,FALSE
20240404,2024-04-04,Thu,2024-03-31,4,2,2024,FALSE
20240405,2024-04-05,Fri,2024-03-31,4,2,2024,TRUE
20240406,2024-04-06,Sat,2024-03-31,4,2,2024,TRUE
20240407,2024-04-07,Sun,2024-04-07,4,2,2024,FALSE
20240408,2024-04-08,Mon,2024-04-07,4,2,2024,FALSE
20240409,2024-04-09,Tue,2024-04-07,4,2,2024,FALSE
20240410,2024-04-10,Wed,2024-04-07,4,2,2024,FALSE
20240411,2024-04-11,Thu,2024-04-07,4,2,2024,FALSE
20240412,2024-04-12,Fri,2024-04-07,4,2,2024,TRUE
20240413,2024-04-13,Sat,2024-04-07,4,2,2024,TRUE
20240414,2024-04-14,Sun,2024-04-14,4,2,2024,FALSE
20240415,2024-04-15,Mon,2024-04-14,4,2,2024,FALSE
20240416,2024-04-16,Tue,2024-04-14,4,2,2024,FALSE
20240417,2024-04-17,Wed,2024-04-14,4,2,2024,FALSE
20240418,2024-04-18,Thu,2024-04-14,4,2,2024,FALSE
20240419,2024-04-19,Fri,2024-04-14,4,2,2024,TRUE
20240420,2024-04-20,Sat,2024-04-14,4,2,2024,TRUE
20240421,2024-04-21,Sun,2024-04-21,4,2,2024,FALSE
20240422,2024-04-22,Mon,2024-04-21,4,2,2024,FALSE
20240423,2024-04-23,Tue,2024-04-21,4,2,2024,FALSE
20240424,2024-04-24,Wed,2024-04-21,4,2,2024,FALSE
20240425,2024-04-25,Thu,2024-04-21,4,2,2024,FALSE
20240426,2024-04-26,Fri,2024-04-21,4,2,2024,TRUE
20240427,2024-04-27,Sat,2024-04-21,4,2,2024,TRUE
20240428,2024-04-28,Sun,2024-04-28,4,2,2024,FALSE
20240429,2024-04-29,Mon,2024-04-28,4,2,2024,FALSE
20240430,2024-04-30,Tue,2024-04-28,4,2,2024,FALSE
20240501,2024-05-01,Wed,2024-04-28,5,2,2024,FALSE
20240502,2024-05-02,Thu,2024-04-28,5,2,2024,FALSE
20240503,2024-05-03,Fri,2024-04-28,5,2,2024,TRUE
20240504,2024-05-04,Sat,2024-04-28,5,2,2024,TRUE
20240505,2024-05-05,Sun,2024-05-05,5,2,2024,FALSE
20240506,2024-05-06,Mon,2024-05-05,5,2,2024,FALSE
20240507,2024-05-07,Tue,2024-05-05,5,2,2024,FALSE
20240508,2024-05-08,Wed,2024-05-05,5,2,2024,FALSE
20240509,2024-05-09,Thu,2024-05-05,5,2,2024,FALSE
20240510,2024-05-10,Fri,2024-05-05,5,2,2024,TRUE
20240511,2024-05-11,Sat,2024-05-05,5,2,2024,TRUE
20240512,2024-05-12,Sun,2024-05-12,5,2,2024,FALSE
20240513,2024-05-13,Mon,2024-05-12,5,2,2024,FALSE
20240514,2024-05-14,Tue,2024-05-12,5,2,2024,FALSE
20240515,2024-05-15,Wed,2024-05-12,5,2,2024,FALSE
20240516,2024-05-16,Thu,2024-05-12,5,2,2024,FALSE
20240517,2024-05-17,Fri,2024-05-12,5,2,2024,TRUE
20240518,2024-05-18,Sat,2024-05-12,5,2,2024,TRUE
20240519,2024-05-19,Sun,2024-05-19,5,2,2024,FALSE
20240520,2024-05-20,Mon,2024-05-19,5,2,2024,FALSE
20240521,2024-05-21,Tue,2024-05-19,5,2,2024,FALSE
20240522,2024-05-22,Wed,2024-05-19,5,2,2024,FALSE
20240523,2024-05-23,Thu,2024-05-19,5,2,2024,FALSE
20240524,2024-05-24,Fri,2024-05-19,5,2,2024,TRUE
20240525,2024-05-25,Sat,2024-05-19,5,2,2024,TRUE
20240526,2024-05-26,Sun,2024-05-26,5,2,2024,FALSE
20240527,2024-05-27,Mon,2024-05-26,5,2,2024,FALSE
20240528,2024-05-28,Tue,2024-05-26,5,2,2024,FALSE
20240529,2024-05-29,Wed,2024-05-26,5,2,2024,FALSE
20240530,2024-05-30,Thu,2024-05-26,5,2,2024,FALSE
20240531,2024-05-31,Fri,2024-05-26,5,2,2024,TRUE
20240601,2024-06-01,Sat,2024-05-26,6,2,2024,TRUE
20240602,2024-06-02,Sun,2024-06-02,6,2,2024,FALSE
20240603,2024-06-03,Mon,2024-06-02,6,2,2024,FALSE
20240604,2024-06-04,Tue,2024-06-02,6,2,2024,FALSE
20240605,2024-06-05,Wed,2024-06-02,6,2,2024,FALSE
20240606,2024-06-06,Thu,2024-06-02,6,2,2024,FALSE
20240607,2024-06-07,Fri,2024-06-02,6,2,2024,TRUE
20240608,2024-06-08,Sat,2024-06-02,6,2,2024,TRUE
20240609,2024-06-09,Sun,2024-06-09,6,2,2024,FALSE
20240610,2024-06-10,Mon,2024-06-09,6,2,2024,FALSE
20240611,2024-06-11,Tue,2024-06-09,6,2,2024,FALSE
20240612,2024-06-12,Wed,2024-06-09,6,2,2024,FALSE
20240613,2024-06-13,Thu,2024-06-09,6,2,2024,FALSE
20240614,2024-06-14,Fri,2024-06-09,6,2,2024,TRUE
20240615,2024-06-15,Sat,2024-06-09,6,2,2024,TRUE
20240616,2024-06-16,Sun,2024-06-16,6,2,2024,FALSE
20240617,2024-06-17,Mon,2024-06-16,6,2,2024,FALSE
20240618,2024-06-18,Tue,2024-06-16,6,2,2024,FALSE
20240619,2024-06-19,Wed,2024-06-16,6,2,2024,FALSE
20240620,2024-06-20,Thu,2024-06-16,6,2,2024,FALSE
20240621,2024-06-21,Fri,2024-06-16,6,2,2024,TRUE
20240622,2024-06-22,Sat,2024-06-16,6,2,2024,TRUE
20240623,2024-06-23,Sun,2024-06-23,6,2,2024,FALSE
20240624,2024-06-24,Mon,2024-06-23,6,2,2024,FALSE
20240625,2024-06-25,Tue,2024-06-23,6,2,2024,FALSE
20240626,2024-06-26,Wed,2024-06-23,6,2,2024,FALSE
20240627,2024-06-27,Thu,2024-06-23,6,2,2024,FALSE
20240628,2024-06-28,Fri,2024-06-23,6,2,2024,TRUE
20240629,2024-06-29,Sat,2024-06-23,6,2,2024,TRUE
20240630,2024-06-30,Sun,2024-06-30,6,2,2024,FALSE
20240701,2024-07-01,Mon,2024-06-30,7,3,2024,FALSE
20240702,2024-07-02,Tue,2024-06-30,7,3,2024,FALSE
20240703,2024-07-03,Wed,2024-06-30,7,3,2024,FALSE
20240704,2024-07-04,Thu,2024-06-30,7,3,2024,FALSE
20240705,2024-07-05,Fri,2024-06-30,7,3,2024,TRUE
20240706,2024-07-06,Sat,2024-06-30,7,3,2024,TRUE
20240707,2024-07-07,Sun,2024-07-07,7,3,2024,FALSE
20240708,2024-07-08,Mon,2024-07-07,7,3,2024,FALSE
20240709,2024-07-09,Tue,2024-07-07,7,3,2024,FALSE
20240710,2024-07-10,Wed,2024-07-07,7,3,2024,FALSE
20240711,2024-07-11,Thu,2024-07-07,7,3,2024,FALSE
20240712,2024-07-12,Fri,2024-07-07,7,3,2024,TRUE
20240713,2024-07-13,Sat,2024-07-07,7,3,2024,TRUE
20240714,2024-07-14,Sun,2024-07-14,7,3,2024,FALSE
20240715,2024-07-15,Mon,2024-07-14,7,3,2024,FALSE
20240716,2024-07-16,Tue,2024-07-14,7,3,2024,FALSE
20240717,2024-07-17,Wed,2024-07-14,7,3,2024,FALSE
20240718,2024-07-18,Thu,2024-07-14,7,3,2024,FALSE
20240719,2024-07-19,Fri,2024-07-14,7,3,2024,TRUE
20240720,2024-07-20,Sat,2024-07-14,7,3,2024,TRUE
20240721,2024-07-21,Sun,2024-07-21,7,3,2024,FALSE
20240722,2024-07-22,Mon,2024-07-21,7,3,2024,FALSE
20240723,2024-07-23,Tue,2024-07-21,7,3,2024,FALSE
20240724,2024-07-24,Wed,2024-07-21,7,3,2024,FALSE
20240725,2024-07-25,Thu,2024-07-21,7,3,2024,FALSE
20240726,2024-07-26,Fri,2024-07-21,7,3,2024,TRUE
20240727,2024-07-27,Sat,2024-07-21,7,3,2024,TRUE
20240728,2024-07-28,Sun,2024-07-28,7,3,2024,FALSE
20240729,2024-07-29,Mon,2024-07-28,7,3,2024,FALSE
20240730,2024-07-30,Tue,2024-07-28,7,3,2024,FALSE
20240731,2024-07-31,Wed,2024-07-28,7,3,2024,FALSE
20240801,2024-08-01,Thu,2024-07-28,8,3,2024,FALSE
20240802,2024-08-02,Fri,2024-07-28,8,3,2024,TRUE
20240803,2024-08-03,Sat,2024-07-28,8,3,2024,TRUE
20240804,2024-08-04,Sun,2024-08-04,8,3,2024,FALSE
20240805,2024-08-05,Mon,2024-08-04,8,3,2024,FALSE
20240806,2024-08-06,Tue,2024-08-04,8,3,2024,FALSE
20240807,2024-08-07,Wed,2024-08-04,8,3,2024,FALSE
20240808,2024-08-08,Thu,2024-08-04,8,3,2024,FALSE
20240809,2024-08-09,Fri,2024-08-04,8,3,2024,TRUE
20240810,2024-08-10,Sat,2024-08-04,8,3,2024,TRUE
20240811,2024-08-11,Sun,2024-08-11,8,3,2024,FALSE
20240812,2024-08-12,Mon,2024-08-11,8,3,2024,FALSE
20240813,2024-08-13,Tue,2024-08-11,8,3,2024,FALSE
20240814,2024-08-14,Wed,2024-08-11,8,3,2024,FALSE
20240815,2024-08-15,Thu,2024-08-11,8,3,2024,FALSE
20240816,2024-08-16,Fri,2024-08-11,8,3,2024,TRUE
20240817,2024-08-17,Sat,2024-08-11,8,3,2024,TRUE
20240818,2024-08-18,Sun,2024-08-18,8,3,2024,FALSE
20240819,2024-08-19,Mon,2024-08-18,8,3,2024,FALSE
20240820,2024-08-20,Tue,2024-08-18,8,3,2024,FALSE
20240821,2024-08-21,Wed,2024-08-18,8,3,2024,FALSE
20240822,2024-08-22,Thu,2024-08-18,8,3,2024,FALSE
20240823,2024-08-23,Fri,2024-08-18,8,3,2024,TRUE
20240824,2024-08-24,Sat,2024-08-18,8,3,2024,TRUE
20240825,2024-08-25,Sun,2024-08-25,8,3,2024,FALSE
20240826,2024-08-26,Mon,2024-08-25,8,3,2024,FALSE
20240827,2024-08-27,Tue,2024-08-25,8,3,2024,FALSE
20240828,2024-08-28,Wed,2024-08-25,8,3,2024,FALSE
20240829,2024-08-29,Thu,2024-08-25,8,3,2024,FALSE
20240830,2024-08-30,Fri,2024-08-25,8,3,2024,TRUE
20240831,2024-08-31,Sat,2024-08-25,8,3,2024,TRUE
20240901,2024-09-01,Sun,2024-09-01,9,3,2024,FALSE
20240902,2024-09-02,Mon,2024-09-01,9,3,2024,FALSE
20240903,2024-09-03,Tue,2024-09-01,9,3,2024,FALSE
20240904,2024-09-04,Wed,2024-09-01,9,3,2024,FALSE
20240905,2024-09-05,Thu,2024-09-01,9,3,2024,FALSE
20240906,2024-09-06,Fri,2024-09-01,9,3,2024,TRUE
20240907,2024-09-07,Sat,2024-09-01,9,3,2024,TRUE
20240908,2024-09-08,Sun,2024-09-08,9,3,2024,FALSE
20240909,2024-09-09,Mon,2024-09-08,9,3,2024,FALSE
20240910,2024-09-10,Tue,2024-09-08,9,3,2024,FALSE
20240911,2024-09-11,Wed,2024-09-08,9,3,2024,FALSE
20240912,2024-09-12,Thu,2024-09-08,9,3,2024,FALSE
20240913,2024-09-13,Fri,2024-09-08,9,3,2024,TRUE
20240914,2024-09-14,Sat,2024-09-08,9,3,2024,TRUE
20240915,2024-09-15,Sun,2024-09-15,9,3,2024,FALSE
20240916,2024-09-16,Mon,2024-09-15,9,3,2024,FALSE
20240917,2024-09-17,Tue,2024-09-15,9,3,2024,FALSE
20240918,2024-09-18,Wed,2024-09-15,9,3,2024,FALSE
20240919,2024-09-19,Thu,2024-09-15,9,3,2024,FALSE
20240920,2024-09-20,Fri,2024-09-15,9,3,2024,TRUE
20240921,2024-09-21,Sat,2024-09-15,9,3,2024,TRUE
20240922,2024-09-22,Sun,2024-09-22,9,3,2024,FALSE
20240923,2024-09-23,Mon,2024-09-22,9,3,2024,FALSE
20240924,2024-09-24,Tue,2024-09-22,9,3,2024,FALSE
20240925,2024-09-25,Wed,2024-09-22,9,3,2024,FALSE
20240926,2024-09-26,Thu,2024-09-22,9,3,2024,FALSE
20240927,2024-09-27,Fri,2024-09-22,9,3,2024,TRUE
20240928,2024-09-28,Sat,2024-09-22,9,3,2024,TRUE
20240929,2024-09-29,Sun,2024-09-29,9,3,2024,FALSE
20240930,2024-09-30,Mon,2024-09-29,9,3,2024,FALSE
20241001,2024-10-01,Tue,2024-09-29,10,4,2024,FALSE
20241002,2024-10-02,Wed,2024-09-29,10,4,2024,FALSE
20241003,2024-10-03,Thu,2024-09-29,10,4,2024,FALSE
20241004,2024-10-04,Fri,2024-09-29,10,4,2024,TRUE
20241005,2024-10-05,Sat,2024-09-29,10,4,2024,TRUE
20241006,2024-10-06,Sun,2024-10-06,10,4,2024,FALSE
20241007,2024-10-07,Mon,2024-10-06,10,4,2024,FALSE
20241008,2024-10-08,Tue,2024-10-06,10,4,2024,FALSE
20241009,2024-10-09,Wed,2024-10-06,10,4,2024,FALSE
20241010,2024-10-10,Thu,2024-10-06,10,4,2024,FALSE
20241011,2024-10-11,Fri,2024-10-06,10,4,2024,TRUE
20241012,2024-10-12,Sat,2024-10-06,10,4,2024,TRUE
20241013,2024-10-13,Sun,2024-10-13,10,4,2024,FALSE
20241014,2024-10-14,Mon,2024-10-13,10,4,2024,FALSE
20241015,2024-10-15,Tue,2024-10-13,10,4,2024,FALSE
20241016,2024-10-16,Wed,2024-10-13,10,4,2024,FALSE
20241017,2024-10-17,Thu,2024-10-13,10,4,2024,FALSE
20241018,2024-10-18,Fri,2024-10-13,10,4,2024,TRUE
20241019,2024-10-19,Sat,2024-10-13,10,4,2024,TRUE
20241020,2024-10-20,Sun,2024-10-20,10,4,2024,FALSE
20241021,2024-10-21,Mon,2024-10-20,10,4,2024,FALSE
20241022,2024-10-22,Tue,2024-10-20,10,4,2024,FALSE
20241023,2024-10-23,Wed,2024-10-20,10,4,2024,FALSE
20241024,2024-10-24,Thu,2024-10-20,10,4,2024,FALSE
20241025,2024-10-25,Fri,2024-10-20,10,4,2024,TRUE
20241026,2024-10-26,Sat,2024-10-20,10,4,2024,TRUE
20241027,2024-10-27,Sun,2024-10-27,10,4,2024,FALSE
20241028,2024-10-28,Mon,2024-10-27,10,4,2024,FALSE
20241029,2024-10-29,Tue,2024-10-27,10,4,2024,FALSE
20241030,2024-10-30,Wed,2024-10-27,10,4,2024,FALSE
20241031,2024-10-31,Thu,2024-10-27,10,4,2024,FALSE
20241101,2024-11-01,Fri,2024-10-27,11,4,2024,TRUE
20241102,2024-11-02,Sat,2024-10-27,11,4,2024,TRUE
20241103,2024-11-03,Sun,2024-11-03,11,4,2024,FALSE
20241104,2024-11-04,Mon,2024-11-03,11,4,2024,FALSE
20241105,2024-11-05,Tue,2024-11-03,11,4,2024,FALSE
20241106,2024-11-06,Wed,2024-11-03,11,4,2024,FALSE
20241107,2024-11-07,Thu,2024-11-03,11,4,2024,FALSE
20241108,2024-11-08,Fri,2024-11-03,11,4,2024,TRUE
20241109,2024-11-09,Sat,2024-11-03,11,4,2024,TRUE
20241110,2024-11-10,Sun,2024-11-10,11,4,2024,FALSE
20241111,2024-11-11,Mon,2024-11-10,11,4,2024,FALSE
20241112,2024-11-12,Tue,2024-11-10,11,4,2024,FALSE
20241113,2024-11-13,Wed,2024-11-10,11,4,2024,FALSE
20241114,2024-11-14,Thu,2024-11-10,11,4,2024,FALSE
20241115,2024-11-15,Fri,2024-11-10,11,4,2024,TRUE
20241116,2024-11-16,Sat,2024-11-10,11,4,2024,TRUE
20241117,2024-11-17,Sun,2024-11-17,11,4,2024,FALSE
20241118,2024-11-18,Mon,2024-11-17,11,4,2024,FALSE
20241119,2024-11-19,Tue,2024-11-17,11,4,2024,FALSE
20241120,2024-11-20,Wed,2024-11-17,11,4,2024,FALSE
20241121,2024-11-21,Thu,2024-11-17,11,4,2024,FALSE
20241122,2024-11-22,Fri,2024-11-17,11,4,2024,TRUE
20241123,2024-11-23,Sat,2024-11-17,11,4,2024,TRUE
20241124,2024-11-24,Sun,2024-11-24,11,4,2024,FALSE
20241125,2024-11-25,Mon,2024-11-24,11,4,2024,FALSE
20241126,2024-11-26,Tue,2024-11-24,11,4,2024,FALSE
20241127,2024-11-27,Wed,2024-11-24,11,4,2024,FALSE
20241128,2024-11-28,Thu,2024-11-24,11,4,2024,FALSE
20241129,2024-11-29,Fri,2024-11-24,11,4,2024,TRUE
20241130,2024-11-30,Sat,2024-11-24,11,4,2024,TRUE
20241201,2024-12-01,Sun,2024-12-01,12,4,2024,FALSE
20241202,2024-12-02,Mon,2024-12-01,12,4,2024,FALSE
20241203,2024-12-03,Tue,2024-12-01,12,4,2024,FALSE
20241204,2024-12-04,Wed,2024-12-01,12,4,2024,FALSE
20241205,2024-12-05,Thu,2024-12-01,12,4,2024,FALSE
20241206,2024-12-06,Fri,2024-12-01,12,4,2024,TRUE
20241207,2024-12-07,Sat,2024-12-01,12,4,2024,TRUE
20241208,2024-12-08,Sun,2024-12-08,12,4,2024,FALSE
20241209,2024-12-09,Mon,2024-12-08,12,4,2024,FALSE
20241210,2024-12-10,Tue,2024-12-08,12,4,2024,FALSE
20241211,2024-12-11,Wed,2024-12-08,12,4,2024,FALSE
20241212,2024-12-12,Thu,2024-12-08,12,4,2024,FALSE
20241213,2024-12-13,Fri,2024-12-08,12,4,2024,TRUE
20241214,2024-12-14,Sat,2024-12-08,12,4,2024,TRUE
20241215,2024-12-15,Sun,2024-12-15,12,4,2024,FALSE
20241216,2024-12-16,Mon,2024-12-15,12,4,2024,FALSE
20241217,2024-12-17,Tue,2024-12-15,12,4,2024,FALSE
20241218,2024-12-18,Wed,2024-12-15,12,4,2024,FALSE
20241219,2024-12-19,Thu,2024-12-15,12,4,2024,FALSE
20241220,2024-12-20,Fri,2024-12-15,12,4,2024,TRUE
20241221,2024-12-21,Sat,2024-12-15,12,4,2024,TRUE
20241222,2024-12-22,Sun,2024-12-22,12,4,2024,FALSE
20241223,2024-12-23,Mon,2024-12-22,12,4,2024,FALSE
20241224,2024-12-24,Tue,2024-12-22,12,4,2024,FALSE
20241225,2024-12-25,Wed,2024-12-22,12,4,2024,FALSE
20241226,2024-12-26,Thu,2024-12-22,12,4,2024,FALSE
20241227,2024-12-27,Fri,2024-12-22,12,4,2024,TRUE
20241228,2024-12-28,Sat,2024-12-22,12,4,2024,TRUE
20241229,2024-12-29,Sun,2024-12-29,12,4,2024,FALSE
20241230,2024-12-30,Mon,2024-12-29,12,4,2024,FALSE
20241231,2024-12-31,Tue,2024-12-29,12,4,2024,FALSE
20250101,2025-01-01,Wed,2024-12-29,1,1,2025,FALSE
20250102,2025-01-02,Thu,2024-12-29,1,1,2025,FALSE
20250103,2025-01-03,Fri,2024-12-29,1,1,2025,TRUE
20250104,2025-01-04,Sat,2024-12-29,1,1,2025,TRUE
20250105,2025-01-05,Sun,2025-01-05,1,1,2025,FALSE
20250106,2025-01-06,Mon,2025-01-05,1,1,2025,FALSE
20250107,2025-01-07,Tue,2025-01-05,1,1,2025,FALSE
20250108,2025-01-08,Wed,2025-01-05,1,1,2025,FALSE
20250109,2025-01-09,Thu,2025-01-05,1,1,2025,FALSE
20250110,2025-01-10,Fri,2025-01-05,1,1,2025,TRUE
20250111,2025-01-11,Sat,2025-01-05,1,1,2025,TRUE
20250112,2025-01-12,Sun,2025-01-12,1,1,2025,FALSE
20250113,2025-01-13,Mon,2025-01-12,1,1,2025,FALSE
20250114,2025-01-14,Tue,2025-01-12,1,1,2025,FALSE
20250115,2025-01-15,Wed,2025-01-12,1,1,2025,FALSE
20250116,2025-01-16,Thu,2025-01-12,1,1,2025,FALSE
20250117,2025-01-17,Fri,2025-01-12,1,1,2025,TRUE
20250118,2025-01-18,Sat,2025-01-12,1,1,2025,TRUE
20250119,2025-01-19,Sun,2025-01-19,1,1,2025,FALSE
20250120,2025-01-20,Mon,2025-01-19,1,1,2025,FALSE
20250121,2025-01-21,Tue,2025-01-19,1,1,2025,FALSE
20250122,2025-01-22,Wed,2025-01-19,1,1,2025,FALSE
20250123,2025-01-23,Thu,2025-01-19,1,1,2025,FALSE
20250124,2025-01-24,Fri,2025-01-19,1,1,2025,TRUE
20250125,2025-01-25,Sat,2025-01-19,1,1,2025,TRUE
20250126,2025-01-26,Sun,2025-01-26,1,1,2025,FALSE
20250127,2025-01-27,Mon,2025-01-26,1,1,2025,FALSE
20250128,2025-01-28,Tue,2025-01-26,1,1,2025,FALSE
20250129,2025-01-29,Wed,2025-01-26,1,1,2025,FALSE
20250130,2025-01-30,Thu,2025-01-26,1,1,2025,FALSE
20250131,2025-01-31,Fri,2025-01-26,1,1,2025,TRUE
20250201,2025-02-01,Sat,2025-01-26,2,1,2025,TRUE
20250202,2025-02-02,Sun,2025-02-02,2,1,2025,FALSE
20250203,2025-02-03,Mon,2025-02-02,2,1,2025,FALSE
20250204,2025-02-04,Tue,2025-02-02,2,1,2025,FALSE
20250205,2025-02-05,Wed,2025-02-02,2,1,2025,FALSE
20250206,2025-02-06,Thu,2025-02-02,2,1,2025,FALSE
20250207,2025-02-07,Fri,2025-02-02,2,1,2025,TRUE
20250208,2025-02-08,Sat,2025-02-02,2,1,2025,TRUE
20250209,2025-02-09,Sun,2025-02-09,2,1,2025,FALSE
20250210,2025-02-10,Mon,2025-02-09,2,1,2025,FALSE
20250211,2025-02-11,Tue,2025-02-09,2,1,2025,FALSE
20250212,2025-02-12,Wed,2025-02-09,2,1,2025,FALSE
20250213,2025-02-13,Thu,2025-02-09,2,1,2025,FALSE
20250214,2025-02-14,Fri,2025-02-09,2,1,2025,TRUE
20250215,2025-02-15,Sat,2025-02-09,2,1,2025,TRUE
20250216,2025-02-16,Sun,2025-02-16,2,1,2025,FALSE
20250217,2025-02-17,Mon,2025-02-16,2,1,2025,FALSE
20250218,2025-02-18,Tue,2025-02-16,2,1,2025,FALSE
20250219,2025-02-19,Wed,2025-02-16,2,1,2025,FALSE
20250220,2025-02-20,Thu,2025-02-16,2,1,2025,FALSE
20250221,2025-02-21,Fri,2025-02-16,2,1,2025,TRUE
20250222,2025-02-22,Sat,2025-02-16,2,1,2025,TRUE
20250223,2025-02-23,Sun,2025-02-23,2,1,2025,FALSE
20250224,2025-02-24,Mon,2025-02-23,2,1,2025,FALSE
20250225,2025-02-25,Tue,2025-02-23,2,1,2025,FALSE
20250226,2025-02-26,Wed,2025-02-23,2,1,2025,FALSE
20250227,2025-02-27,Thu,2025-02-23,2,1,2025,FALSE
20250228,2025-02-28,Fri,2025-02-23,2,1,2025,TRUE
20250301,2025-03-01,Sat,2025-02-23,3,1,2025,TRUE
20250302,2025-03-02,Sun,2025-03-02,3,1,2025,FALSE
20250303,2025-03-03,Mon,2025-03-02,3,1,2025,FALSE
20250304,2025-03-04,Tue,2025-03-02,3,1,2025,FALSE
20250305,2025-03-05,Wed,2025-03-02,3,1,2025,FALSE
20250306,2025-03-06,Thu,2025-03-02,3,1,2025,FALSE
20250307,2025-03-07,Fri,2025-03-02,3,1,2025,TRUE
20250308,2025-03-08,Sat,2025-03-02,3,1,2025,TRUE
20250309,2025-03-09,Sun,2025-03-09,3,1,2025,FALSE
20250310,2025-03-10,Mon,2025-03-09,3,1,2025,FALSE
20250311,2025-03-11,Tue,2025-03-09,3,1,2025,FALSE
20250312,2025-03-12,Wed,2025-03-09,3,1,2025,FALSE
20250313,2025-03-13,Thu,2025-03-09,3,1,2025,FALSE
20250314,2025-03-14,Fri,2025-03-09,3,1,2025,TRUE
20250315,2025-03-15,Sat,2025-03-09,3,1,2025,TRUE
20250316,2025-03-16,Sun,2025-03-16,3,1,2025,FALSE
20250317,2025-03-17,Mon,2025-03-16,3,1,2025,FALSE
20250318,2025-03-18,Tue,2025-03-16,3,1,2025,FALSE
20250319,2025-03-19,Wed,2025-03-16,3,1,2025,FALSE
20250320,2025-03-20,Thu,2025-03-16,3,1,2025,FALSE
20250321,2025-03-21,Fri,2025-03-16,3,1,2025,TRUE
20250322,2025-03-22,Sat,2025-03-16,3,1,2025,TRUE
20250323,2025-03-23,Sun,2025-03-23,3,1,2025,FALSE
20250324,2025-03-24,Mon,2025-03-23,3,1,2025,FALSE
20250325,2025-03-25,Tue,2025-03-23,3,1,2025,FALSE
20250326,2025-03-26,Wed,2025-03-23,3,1,2025,FALSE
20250327,2025-03-27,Thu,2025-03-23,3,1,2025,FALSE
20250328,2025-03-28,Fri,2025-03-23,3,1,2025,TRUE
20250329,2025-03-29,Sat,2025-03-23,3,1,2025,TRUE
20250330,2025-03-30,Sun,2025-03-30,3,1,2025,FALSE
20250331,2025-03-31,Mon,2025-03-30,3,1,2025,FALSE
20250401,2025-04-01,Tue,2025-03-30,4,2,2025,FALSE
20250402,2025-04-02,Wed,2025-03-30,4,2,2025,FALSE
20250403,2025-04-03,Thu,2025-03-30,4,2,2025,FALSE
20250404,2025-04-04,Fri,2025-03-30,4,2,2025,TRUE
20250405,2025-04-05,Sat,2025-03-30,4,2,2025,TRUE
20250406,2025-04-06,Sun,2025-04-06,4,2,2025,FALSE
20250407,2025-04-07,Mon,2025-04-06,4,2,2025,FALSE
20250408,2025-04-08,Tue,2025-04-06,4,2,2025,FALSE
20250409,2025-04-09,Wed,2025-04-06,4,2,2025,FALSE
20250410,2025-04-10,Thu,2025-04-06,4,2,2025,FALSE
20250411,2025-04-11,Fri,2025-04-06,4,2,2025,TRUE
20250412,2025-04-12,Sat,2025-04-06,4,2,2025,TRUE
20250413,2025-04-13,Sun,2025-04-13,4,2,2025,FALSE
20250414,2025-04-14,Mon,2025-04-13,4,2,2025,FALSE
20250415,2025-04-15,Tue,2025-04-13,4,2,2025,FALSE
20250416,2025-04-16,Wed,2025-04-13,4,2,2025,FALSE
20250417,2025-04-17,Thu,2025-04-13,4,2,2025,FALSE
20250418,2025-04-18,Fri,2025-04-13,4,2,2025,TRUE
20250419,2025-04-19,Sat,2025-04-13,4,2,2025,TRUE
20250420,2025-04-20,Sun,2025-04-20,4,2,2025,FALSE
20250421,2025-04-21,Mon,2025-04-20,4,2,2025,FALSE
20250422,2025-04-22,Tue,2025-04-20,4,2,2025,FALSE
20250423,2025-04-23,Wed,2025-04-20,4,2,2025,FALSE
20250424,2025-04-24,Thu,2025-04-20,4,2,2025,FALSE
20250425,2025-04-25,Fri,2025-04-20,4,2,2025,TRUE
20250426,2025-04-26,Sat,2025-04-20,4,2,2025,TRUE
20250427,2025-04-27,Sun,2025-04-27,4,2,2025,FALSE
20250428,2025-04-28,Mon,2025-04-27,4,2,2025,FALSE
20250429,2025-04-29,Tue,2025-04-27,4,2,2025,FALSE
20250430,2025-04-30,Wed,2025-04-27,4,2,2025,FALSE
20250501,2025-05-01,Thu,2025-04-27,5,2,2025,FALSE
20250502,2025-05-02,Fri,2025-04-27,5,2,2025,TRUE
20250503,2025-05-03,Sat,2025-04-27,5,2,2025,TRUE
20250504,2025-05-04,Sun,2025-05-04,5,2,2025,FALSE
20250505,2025-05-05,Mon,2025-05-04,5,2,2025,FALSE
20250506,2025-05-06,Tue,2025-05-04,5,2,2025,FALSE
20250507,2025-05-07,Wed,2025-05-04,5,2,2025,FALSE
20250508,2025-05-08,Thu,2025-05-04,5,2,2025,FALSE
20250509,2025-05-09,Fri,2025-05-04,5,2,2025,TRUE
20250510,2025-05-10,Sat,2025-05-04,5,2,2025,TRUE
20250511,2025-05-11,Sun,2025-05-11,5,2,2025,FALSE
20250512,2025-05-12,Mon,2025-05-11,5,2,2025,FALSE
20250513,2025-05-13,Tue,2025-05-11,5,2,2025,FALSE
20250514,2025-05-14,Wed,2025-05-11,5,2,2025,FALSE
20250515,2025-05-15,Thu,2025-05-11,5,2,2025,FALSE
20250516,2025-05-16,Fri,2025-05-11,5,2,2025,TRUE
20250517,2025-05-17,Sat,2025-05-11,5,2,2025,TRUE
20250518,2025-05-18,Sun,2025-05-18,5,2,2025,FALSE
20250519,2025-05-19,Mon,2025-05-18,5,2,2025,FALSE
20250520,2025-05-20,Tue,2025-05-18,5,2,2025,FALSE
20250521,2025-05-21,Wed,2025-05-18,5,2,2025,FALSE
20250522,2025-05-22,Thu,2025-05-18,5,2,2025,FALSE
20250523,2025-05-23,Fri,2025-05-18,5,2,2025,TRUE
20250524,2025-05-24,Sat,2025-05-18,5,2,2025,TRUE
20250525,2025-05-25,Sun,2025-05-25,5,2,2025,FALSE
20250526,2025-05-26,Mon,2025-05-25,5,2,2025,FALSE
20250527,2025-05-27,Tue,2025-05-25,5,2,2025,FALSE
20250528,2025-05-28,Wed,2025-05-25,5,2,2025,FALSE
20250529,2025-05-29,Thu,2025-05-25,5,2,2025,FALSE
20250530,2025-05-30,Fri,2025-05-25,5,2,2025,TRUE
20250531,2025-05-31,Sat,2025-05-25,5,2,2025,TRUE
20250601,2025-06-01,Sun,2025-06-01,6,2,2025,FALSE
20250602,2025-06-02,Mon,2025-06-01,6,2,2025,FALSE
20250603,2025-06-03,Tue,2025-06-01,6,2,2025,FALSE
20250604,2025-06-04,Wed,2025-06-01,6,2,2025,FALSE
20250605,2025-06-05,Thu,2025-06-01,6,2,2025,FALSE
20250606,2025-06-06,Fri,2025-06-01,6,2,2025,TRUE
20250607,2025-06-07,Sat,2025-06-01,6,2,2025,TRUE
20250608,2025-06-08,Sun,2025-06-08,6,2,2025,FALSE
20250609,2025-06-09,Mon,2025-06-08,6,2,2025,FALSE
20250610,2025-06-10,Tue,2025-06-08,6,2,2025,FALSE
20250611,2025-06-11,Wed,2025-06-08,6,2,2025,FALSE
20250612,2025-06-12,Thu,2025-06-08,6,2,2025,FALSE
20250613,2025-06-13,Fri,2025-06-08,6,2,2025,TRUE
20250614,2025-06-14,Sat,2025-06-08,6,2,2025,TRUE
20250615,2025-06-15,Sun,2025-06-15,6,2,2025,FALSE
20250616,2025-06-16,Mon,2025-06-15,6,2,2025,FALSE
20250617,2025-06-17,Tue,2025-06-15,6,2,2025,FALSE
20250618,2025-06-18,Wed,2025-06-15,6,2,2025,FALSE
20250619,2025-06-19,Thu,2025-06-15,6,2,2025,FALSE
20250620,2025-06-20,Fri,2025-06-15,6,2,2025,TRUE
20250621,2025-06-21,Sat,2025-06-15,6,2,2025,TRUE
20250622,2025-06-22,Sun,2025-06-22,6,2,2025,FALSE
20250623,2025-06-23,Mon,2025-06-22,6,2,2025,FALSE
20250624,2025-06-24,Tue,2025-06-22,6,2,2025,FALSE
20250625,2025-06-25,Wed,2025-06-22,6,2,2025,FALSE
20250626,2025-06-26,Thu,2025-06-22,6,2,2025,FALSE
20250627,2025-06-27,Fri,2025-06-22,6,2,2025,TRUE
20250628,2025-06-28,Sat,2025-06-22,6,2,2025,TRUE
20250629,2025-06-29,Sun,2025-06-29,6,2,2025,FALSE
20250630,2025-06-30,Mon,2025-06-29,6,2,2025,FALSE
20250701,2025-07-01,Tue,2025-06-29,7,3,2025,FALSE
20250702,2025-07-02,Wed,2025-06-29,7,3,2025,FALSE
20250703,2025-07-03,Thu,2025-06-29,7,3,2025,FALSE
20250704,2025-07-04,Fri,2025-06-29,7,3,2025,TRUE
20250705,2025-07-05,Sat,2025-06-29,7,3,2025,TRUE
20250706,2025-07-06,Sun,2025-07-06,7,3,2025,FALSE
20250707,2025-07-07,Mon,2025-07-06,7,3,2025,FALSE
20250708,2025-07-08,Tue,2025-07-06,7,3,2025,FALSE
20250709,2025-07-09,Wed,2025-07-06,7,3,2025,FALSE
20250710,2025-07-10,Thu,2025-07-06,7,3,2025,FALSE
20250711,2025-07-11,Fri,2025-07-06,7,3,2025,TRUE
20250712,2025-07-12,Sat,2025-07-06,7,3,2025,TRUE
20250713,2025-07-13,Sun,2025-07-13,7,3,2025,FALSE
20250714,2025-07-14,Mon,2025-07-13,7,3,2025,FALSE
20250715,2025-07-15,Tue,2025-07-13,7,3,2025,FALSE
20250716,2025-07-16,Wed,2025-07-13,7,3,2025,FALSE
20250717,2025-07-17,Thu,2025-07-13,7,3,2025,FALSE
20250718,2025-07-18,Fri,2025-07-13,7,3,2025,TRUE
20250719,2025-07-19,Sat,2025-07-13,7,3,2025,TRUE
20250720,2025-07-20,Sun,2025-07-20,7,3,2025,FALSE
20250721,2025-07-21,Mon,2025-07-20,7,3,2025,FALSE
20250722,2025-07-22,Tue,2025-07-20,7,3,2025,FALSE
20250723,2025-07-23,Wed,2025-07-20,7,3,2025,FALSE
20250724,2025-07-24,Thu,2025-07-20,7,3,2025,FALSE
20250725,2025-07-25,Fri,2025-07-20,7,3,2025,TRUE
20250726,2025-07-26,Sat,2025-07-20,7,3,2025,TRUE
20250727,2025-07-27,Sun,2025-07-27,7,3,2025,FALSE
20250728,2025-07-28,Mon,2025-07-27,7,3,2025,FALSE
20250729,2025-07-29,Tue,2025-07-27,7,3,2025,FALSE
20250730,2025-07-30,Wed,2025-07-27,7,3,2025,FALSE
20250731,2025-07-31,Thu,2025-07-27,7,3,2025,FALSE
20250801,2025-08-01,Fri,2025-07-27,8,3,2025,TRUE
20250802,2025-08-02,Sat,2025-07-27,8,3,2025,TRUE
20250803,2025-08-03,Sun,2025-08-03,8,3,2025,FALSE
20250804,2025-08-04,Mon,2025-08-03,8,3,2025,FALSE
20250805,2025-08-05,Tue,2025-08-03,8,3,2025,FALSE
20250806,2025-08-06,Wed,2025-08-03,8,3,2025,FALSE
20250807,2025-08-07,Thu,2025-08-03,8,3,2025,FALSE
20250808,2025-08-08,Fri,2025-08-03,8,3,2025,TRUE
20250809,2025-08-09,Sat,2025-08-03,8,3,2025,TRUE
20250810,2025-08-10,Sun,2025-08-10,8,3,2025,FALSE
20250811,2025-08-11,Mon,2025-08-10,8,3,2025,FALSE
20250812,2025-08-12,Tue,2025-08-10,8,3,2025,FALSE
20250813,2025-08-13,Wed,2025-08-10,8,3,2025,FALSE
20250814,2025-08-14,Thu,2025-08-10,8,3,2025,FALSE
20250815,2025-08-15,Fri,2025-08-10,8,3,2025,TRUE
20250816,2025-08-16,Sat,2025-08-10,8,3,2025,TRUE
20250817,2025-08-17,Sun,2025-08-17,8,3,2025,FALSE
20250818,2025-08-18,Mon,2025-08-17,8,3,2025,FALSE
20250819,2025-08-19,Tue,2025-08-17,8,3,2025,FALSE
20250820,2025-08-20,Wed,2025-08-17,8,3,2025,FALSE
20250821,2025-08-21,Thu,2025-08-17,8,3,2025,FALSE
20250822,2025-08-22,Fri,2025-08-17,8,3,2025,TRUE
20250823,2025-08-23,Sat,2025-08-17,8,3,2025,TRUE
20250824,2025-08-24,Sun,2025-08-24,8,3,2025,FALSE
20250825,2025-08-25,Mon,2025-08-24,8,3,2025,FALSE
20250826,2025-08-26,Tue,2025-08-24,8,3,2025,FALSE
20250827,2025-08-27,Wed,2025-08-24,8,3,2025,FALSE
20250828,2025-08-28,Thu,2025-08-24,8,3,2025,FALSE
20250829,2025-08-29,Fri,2025-08-24,8,3,2025,TRUE
20250830,2025-08-30,Sat,2025-08-24,8,3,2025,TRUE
20250831,2025-08-31,Sun,2025-08-31,8,3,2025,FALSE
20250901,2025-09-01,Mon,2025-08-31,9,3,2025,FALSE
20250902,2025-09-02,Tue,2025-08-31,9,3,2025,FALSE
20250903,2025-09-03,Wed,2025-08-31,9,3,2025,FALSE
20250904,2025-09-04,Thu,2025-08-31,9,3,2025,FALSE
20250905,2025-09-05,Fri,2025-08-31,9,3,2025,TRUE
20250906,2025-09-06,Sat,2025-08-31,9,3,2025,TRUE
20250907,2025-09-07,Sun,2025-09-07,9,3,2025,FALSE
20250908,2025-09-08,Mon,2025-09-07,9,3,2025,FALSE
20250909,2025-09-09,Tue,2025-09-07,9,3,2025,FALSE
20250910,2025-09-10,Wed,2025-09-07,9,3,2025,FALSE
20250911,2025-09-11,Thu,2025-09-07,9,3,2025,FALSE
20250912,2025-09-12,Fri,2025-09-07,9,3,2025,TRUE
20250913,2025-09-13,Sat,2025-09-07,9,3,2025,TRUE
20250914,2025-09-14,Sun,2025-09-14,9,3,2025,FALSE
20250915,2025-09-15,Mon,2025-09-14,9,3,2025,FALSE
20250916,2025-09-16,Tue,2025-09-14,9,3,2025,FALSE
20250917,2025-09-17,Wed,2025-09-14,9,3,2025,FALSE
20250918,2025-09-18,Thu,2025-09-14,9,3,2025,FALSE
20250919,2025-09-19,Fri,2025-09-14,9,3,2025,TRUE
20250920,2025-09-20,Sat,2025-09-14,9,3,2025,TRUE
20250921,2025-09-21,Sun,2025-09-21,9,3,2025,FALSE
20250922,2025-09-22,Mon,2025-09-21,9,3,2025,FALSE
20250923,2025-09-23,Tue,2025-09-21,9,3,2025,FALSE
20250924,2025-09-24,Wed,2025-09-21,9,3,2025,FALSE
20250925,2025-09-25,Thu,2025-09-21,9,3,2025,FALSE
20250926,2025-09-26,Fri,2025-09-21,9,3,2025,TRUE
20250927,2025-09-27,Sat,2025-09-21,9,3,2025,TRUE
20250928,2025-09-28,Sun,2025-09-28,9,3,2025,FALSE
20250929,2025-09-29,Mon,2025-09-28,9,3,2025,FALSE
20250930,2025-09-30,Tue,2025-09-28,9,3,2025,FALSE
20251001,2025-10-01,Wed,2025-09-28,10,4,2025,FALSE
20251002,2025-10-02,Thu,2025-09-28,10,4,2025,FALSE
20251003,2025-10-03,Fri,2025-09-28,10,4,2025,TRUE
20251004,2025-10-04,Sat,2025-09-28,10,4,2025,TRUE
20251005,2025-10-05,Sun,2025-10-05,10,4,2025,FALSE
20251006,2025-10-06,Mon,2025-10-05,10,4,2025,FALSE
20251007,2025-10-07,Tue,2025-10-05,10,4,2025,FALSE
20251008,2025-10-08,Wed,2025-10-05,10,4,2025,FALSE
20251009,2025-10-09,Thu,2025-10-05,10,4,2025,FALSE
20251010,2025-10-10,Fri,2025-10-05,10,4,2025,TRUE
20251011,2025-10-11,Sat,2025-10-05,10,4,2025,TRUE
20251012,2025-10-12,Sun,2025-10-12,10,4,2025,FALSE
20251013,2025-10-13,Mon,2025-10-12,10,4,2025,FALSE
20251014,2025-10-14,Tue,2025-10-12,10,4,2025,FALSE
20251015,2025-10-15,Wed,2025-10-12,10,4,2025,FALSE
20251016,2025-10-16,Thu,2025-10-12,10,4,2025,FALSE
20251017,2025-10-17,Fri,2025-10-12,10,4,2025,TRUE
20251018,2025-10-18,Sat,2025-10-12,10,4,2025,TRUE
20251019,2025-10-19,Sun,2025-10-19,10,4,2025,FALSE
20251020,2025-10-20,Mon,2025-10-19,10,4,2025,FALSE
20251021,2025-10-21,Tue,2025-10-19,10,4,2025,FALSE
20251022,2025-10-22,Wed,2025-10-19,10,4,2025,FALSE
20251023,2025-10-23,Thu,2025-10-19,10,4,2025,FALSE
20251024,2025-10-24,Fri,2025-10-19,10,4,2025,TRUE
20251025,2025-10-25,Sat,2025-10-19,10,4,2025,TRUE
20251026,2025-10-26,Sun,2025-10-26,10,4,2025,FALSE
20251027,2025-10-27,Mon,2025-10-26,10,4,2025,FALSE
20251028,2025-10-28,Tue,2025-10-26,10,4,2025,FALSE
20251029,2025-10-29,Wed,2025-10-26,10,4,2025,FALSE
20251030,2025-10-30,Thu,2025-10-26,10,4,2025,FALSE
20251031,2025-10-31,Fri,2025-10-26,10,4,2025,TRUE
20251101,2025-11-01,Sat,2025-10-26,11,4,2025,TRUE
20251102,2025-11-02,Sun,2025-11-02,11,4,2025,FALSE
20251103,2025-11-03,Mon,2025-11-02,11,4,2025,FALSE
20251104,2025-11-04,Tue,2025-11-02,11,4,2025,FALSE
20251105,2025-11-05,Wed,2025-11-02,11,4,2025,FALSE
20251106,2025-11-06,Thu,2025-11-02,11,4,2025,FALSE
20251107,2025-11-07,Fri,2025-11-02,11,4,2025,TRUE
20251108,2025-11-08,Sat,2025-11-02,11,4,2025,TRUE
20251109,2025-11-09,Sun,2025-11-09,11,4,2025,FALSE
20251110,2025-11-10,Mon,2025-11-09,11,4,2025,FALSE
20251111,2025-11-11,Tue,2025-11-09,11,4,2025,FALSE
20251112,2025-11-12,Wed,2025-11-09,11,4,2025,FALSE
20251113,2025-11-13,Thu,2025-11-09,11,4,2025,FALSE
20251114,2025-11-14,Fri,2025-11-09,11,4,2025,TRUE
20251115,2025-11-15,Sat,2025-11-09,11,4,2025,TRUE
20251116,2025-11-16,Sun,2025-11-16,11,4,2025,FALSE
20251117,2025-11-17,Mon,2025-11-16,11,4,2025,FALSE
20251118,2025-11-18,Tue,2025-11-16,11,4,2025,FALSE
20251119,2025-11-19,Wed,2025-11-16,11,4,2025,FALSE
20251120,2025-11-20,Thu,2025-11-16,11,4,2025,FALSE
20251121,2025-11-21,Fri,2025-11-16,11,4,2025,TRUE
20251122,2025-11-22,Sat,2025-11-16,11,4,2025,TRUE
20251123,2025-11-23,Sun,2025-11-23,11,4,2025,FALSE
20251124,2025-11-24,Mon,2025-11-23,11,4,2025,FALSE
20251125,2025-11-25,Tue,2025-11-23,11,4,2025,FALSE
20251126,2025-11-26,Wed,2025-11-23,11,4,2025,FALSE
20251127,2025-11-27,Thu,2025-11-23,11,4,2025,FALSE
20251128,2025-11-28,Fri,2025-11-23,11,4,2025,TRUE
20251129,2025-11-29,Sat,2025-11-23,11,4,2025,TRUE
20251130,2025-11-30,Sun,2025-11-30,11,4,2025,FALSE
20251201,2025-12-01,Mon,2025-11-30,12,4,2025,FALSE
20251202,2025-12-02,Tue,2025-11-30,12,4,2025,FALSE
20251203,2025-12-03,Wed,2025-11-30,12,4,2025,FALSE
20251204,2025-12-04,Thu,2025-11-30,12,4,2025,FALSE
20251205,2025-12-05,Fri,2025-11-30,12,4,2025,TRUE
20251206,2025-12-06,Sat,2025-11-30,12,4,2025,TRUE
20251207,2025-12-07,Sun,2025-12-07,12,4,2025,FALSE
20251208,2025-12-08,Mon,2025-12-07,12,4,2025,FALSE
20251209,2025-12-09,Tue,2025-12-07,12,4,2025,FALSE
20251210,2025-12-10,Wed,2025-12-07,12,4,2025,FALSE
20251211,2025-12-11,Thu,2025-12-07,12,4,2025,FALSE
20251212,2025-12-12,Fri,2025-12-07,12,4,2025,TRUE
20251213,2025-12-13,Sat,2025-12-07,12,4,2025,TRUE
20251214,2025-12-14,Sun,2025-12-14,12,4,2025,FALSE
20251215,2025-12-15,Mon,2025-12-14,12,4,2025,FALSE
20251216,2025-12-16,Tue,2025-12-14,12,4,2025,FALSE
20251217,2025-12-17,Wed,2025-12-14,12,4,2025,FALSE
20251218,2025-12-18,Thu,2025-12-14,12,4,2025,FALSE
20251219,2025-12-19,Fri,2025-12-14,12,4,2025,TRUE
20251220,2025-12-20,Sat,2025-12-14,12,4,2025,TRUE
20251221,2025-12-21,Sun,2025-12-21,12,4,2025,FALSE
20251222,2025-12-22,Mon,2025-12-21,12,4,2025,FALSE
20251223,2025-12-23,Tue,2025-12-21,12,4,2025,FALSE
20251224,2025-12-24,Wed,2025-12-21,12,4,2025,FALSE
20251225,2025-12-25,Thu,2025-12-21,12,4,2025,FALSE
20251226,2025-12-26,Fri,2025-12-21,12,4,2025,TRUE
20251227,2025-12-27,Sat,2025-12-21,12,4,2025,TRUE
20251228,2025-12-28,Sun,2025-12-28,12,4,2025,FALSE
20251229,2025-12-29,Mon,2025-12-28,12,4,2025,FALSE
20251230,2025-12-30,Tue,2025-12-28,12,4,2025,FALSE
20251231,2025-12-31,Wed,2025-12-28,12,4,2025,FALSE
20260101,2026-01-01,Thu,2025-12-28,1,1,2026,FALSE
20260102,2026-01-02,Fri,2025-12-28,1,1,2026,TRUE
20260103,2026-01-03,Sat,2025-12-28,1,1,2026,TRUE
20260104,2026-01-04,Sun,2026-01-04,1,1,2026,FALSE
20260105,2026-01-05,Mon,2026-01-04,1,1,2026,FALSE
20260106,2026-01-06,Tue,2026-01-04,1,1,2026,FALSE
20260107,2026-01-07,Wed,2026-01-04,1,1,2026,FALSE
20260108,2026-01-08,Thu,2026-01-04,1,1,2026,FALSE
20260109,2026-01-09,Fri,2026-01-04,1,1,2026,TRUE
20260110,2026-01-10,Sat,2026-01-04,1,1,2026,TRUE
20260111,2026-01-11,Sun,2026-01-11,1,1,2026,FALSE
20260112,2026-01-12,Mon,2026-01-11,1,1,2026,FALSE
20260113,2026-01-13,Tue,2026-01-11,1,1,2026,FALSE
20260114,2026-01-14,Wed,2026-01-11,1,1,2026,FALSE
20260115,2026-01-15,Thu,2026-01-11,1,1,2026,FALSE
20260116,2026-01-16,Fri,2026-01-11,1,1,2026,TRUE
20260117,2026-01-17,Sat,2026-01-11,1,1,2026,TRUE
20260118,2026-01-18,Sun,2026-01-18,1,1,2026,FALSE
20260119,2026-01-19,Mon,2026-01-18,1,1,2026,FALSE
20260120,2026-01-20,Tue,2026-01-18,1,1,2026,FALSE
20260121,2026-01-21,Wed,2026-01-18,1,1,2026,FALSE
20260122,2026-01-22,Thu,2026-01-18,1,1,2026,FALSE
20260123,2026-01-23,Fri,2026-01-18,1,1,2026,TRUE
20260124,2026-01-24,Sat,2026-01-18,1,1,2026,TRUE
20260125,2026-01-25,Sun,2026-01-25,1,1,2026,FALSE
20260126,2026-01-26,Mon,2026-01-25,1,1,2026,FALSE
20260127,2026-01-27,Tue,2026-01-25,1,1,2026,FALSE
20260128,2026-01-28,Wed,2026-01-25,1,1,2026,FALSE
20260129,2026-01-29,Thu,2026-01-25,1,1,2026,FALSE
20260130,2026-01-30,Fri,2026-01-25,1,1,2026,TRUE
20260131,2026-01-31,Sat,2026-01-25,1,1,2026,TRUE
20260201,2026-02-01,Sun,2026-02-01,2,1,2026,FALSE
20260202,2026-02-02,Mon,2026-02-01,2,1,2026,FALSE
20260203,2026-02-03,Tue,2026-02-01,2,1,2026,FALSE
20260204,2026-02-04,Wed,2026-02-01,2,1,2026,FALSE
20260205,2026-02-05,Thu,2026-02-01,2,1,2026,FALSE
20260206,2026-02-06,Fri,2026-02-01,2,1,2026,TRUE
20260207,2026-02-07,Sat,2026-02-01,2,1,2026,TRUE
20260208,2026-02-08,Sun,2026-02-08,2,1,2026,FALSE
20260209,2026-02-09,Mon,2026-02-08,2,1,2026,FALSE
20260210,2026-02-10,Tue,2026-02-08,2,1,2026,FALSE
20260211,2026-02-11,Wed,2026-02-08,2,1,2026,FALSE
20260212,2026-02-12,Thu,2026-02-08,2,1,2026,FALSE
20260213,2026-02-13,Fri,2026-02-08,2,1,2026,TRUE
20260214,2026-02-14,Sat,2026-02-08,2,1,2026,TRUE
20260215,2026-02-15,Sun,2026-02-15,2,1,2026,FALSE
20260216,2026-02-16,Mon,2026-02-15,2,1,2026,FALSE
20260217,2026-02-17,Tue,2026-02-15,2,1,2026,FALSE
20260218,2026-02-18,Wed,2026-02-15,2,1,2026,FALSE
20260219,2026-02-19,Thu,2026-02-15,2,1,2026,FALSE
20260220,2026-02-20,Fri,2026-02-15,2,1,2026,TRUE
20260221,2026-02-21,Sat,2026-02-15,2,1,2026,TRUE
20260222,2026-02-22,Sun,2026-02-22,2,1,2026,FALSE
20260223,2026-02-23,Mon,2026-02-22,2,1,2026,FALSE
20260224,2026-02-24,Tue,2026-02-22,2,1,2026,FALSE
20260225,2026-02-25,Wed,2026-02-22,2,1,2026,FALSE
20260226,2026-02-26,Thu,2026-02-22,2,1,2026,FALSE
20260227,2026-02-27,Fri,2026-02-22,2,1,2026,TRUE
20260228,2026-02-28,Sat,2026-02-22,2,1,2026,TRUE
20260301,2026-03-01,Sun,2026-03-01,3,1,2026,FALSE
20260302,2026-03-02,Mon,2026-03-01,3,1,2026,FALSE
20260303,2026-03-03,Tue,2026-03-01,3,1,2026,FALSE
20260304,2026-03-04,Wed,2026-03-01,3,1,2026,FALSE
20260305,2026-03-05,Thu,2026-03-01,3,1,2026,FALSE
20260306,2026-03-06,Fri,2026-03-01,3,1,2026,TRUE
20260307,2026-03-07,Sat,2026-03-01,3,1,2026,TRUE
20260308,2026-03-08,Sun,2026-03-08,3,1,2026,FALSE
20260309,2026-03-09,Mon,2026-03-08,3,1,2026,FALSE
20260310,2026-03-10,Tue,2026-03-08,3,1,2026,FALSE
20260311,2026-03-11,Wed,2026-03-08,3,1,2026,FALSE
20260312,2026-03-12,Thu,2026-03-08,3,1,2026,FALSE
20260313,2026-03-13,Fri,2026-03-08,3,1,2026,TRUE
20260314,2026-03-14,Sat,2026-03-08,3,1,2026,TRUE
20260315,2026-03-15,Sun,2026-03-15,3,1,2026,FALSE
20260316,2026-03-16,Mon,2026-03-15,3,1,2026,FALSE
20260317,2026-03-17,Tue,2026-03-15,3,1,2026,FALSE
20260318,2026-03-18,Wed,2026-03-15,3,1,2026,FALSE
20260319,2026-03-19,Thu,2026-03-15,3,1,2026,FALSE
20260320,2026-03-20,Fri,2026-03-15,3,1,2026,TRUE
20260321,2026-03-21,Sat,2026-03-15,3,1,2026,TRUE
20260322,2026-03-22,Sun,2026-03-22,3,1,2026,FALSE
20260323,2026-03-23,Mon,2026-03-22,3,1,2026,FALSE
20260324,2026-03-24,Tue,2026-03-22,3,1,2026,FALSE
20260325,2026-03-25,Wed,2026-03-22,3,1,2026,FALSE
20260326,2026-03-26,Thu,2026-03-22,3,1,2026,FALSE
20260327,2026-03-27,Fri,2026-03-22,3,1,2026,TRUE
20260328,2026-03-28,Sat,2026-03-22,3,1,2026,TRUE
20260329,2026-03-29,Sun,2026-03-29,3,1,2026,FALSE
20260330,2026-03-30,Mon,2026-03-29,3,1,2026,FALSE
20260331,2026-03-31,Tue,2026-03-29,3,1,2026,FALSE
20260401,2026-04-01,Wed,2026-03-29,4,2,2026,FALSE
20260402,2026-04-02,Thu,2026-03-29,4,2,2026,FALSE
20260403,2026-04-03,Fri,2026-03-29,4,2,2026,TRUE
20260404,2026-04-04,Sat,2026-03-29,4,2,2026,TRUE
20260405,2026-04-05,Sun,2026-04-05,4,2,2026,FALSE
20260406,2026-04-06,Mon,2026-04-05,4,2,2026,FALSE
20260407,2026-04-07,Tue,2026-04-05,4,2,2026,FALSE
20260408,2026-04-08,Wed,2026-04-05,4,2,2026,FALSE
20260409,2026-04-09,Thu,2026-04-05,4,2,2026,FALSE
20260410,2026-04-10,Fri,2026-04-05,4,2,2026,TRUE
20260411,2026-04-11,Sat,2026-04-05,4,2,2026,TRUE
20260412,2026-04-12,Sun,2026-04-12,4,2,2026,FALSE
20260413,2026-04-13,Mon,2026-04-12,4,2,2026,FALSE
20260414,2026-04-14,Tue,2026-04-12,4,2,2026,FALSE
20260415,2026-04-15,Wed,2026-04-12,4,2,2026,FALSE
20260416,2026-04-16,Thu,2026-04-12,4,2,2026,FALSE
20260417,2026-04-17,Fri,2026-04-12,4,2,2026,TRUE
20260418,2026-04-18,Sat,2026-04-12,4,2,2026,TRUE
20260419,2026-04-19,Sun,2026-04-19,4,2,2026,FALSE
20260420,2026-04-20,Mon,2026-04-19,4,2,2026,FALSE
20260421,2026-04-21,Tue,2026-04-19,4,2,2026,FALSE
20260422,2026-04-22,Wed,2026-04-19,4,2,2026,FALSE
20260423,2026-04-23,Thu,2026-04-19,4,2,2026,FALSE
20260424,2026-04-24,Fri,2026-04-19,4,2,2026,TRUE
20260425,2026-04-25,Sat,2026-04-19,4,2,2026,TRUE
20260426,2026-04-26,Sun,2026-04-26,4,2,2026,FALSE
20260427,2026-04-27,Mon,2026-04-26,4,2,2026,FALSE
20260428,2026-04-28,Tue,2026-04-26,4,2,2026,FALSE
20260429,2026-04-29,Wed,2026-04-26,4,2,2026,FALSE
20260430,2026-04-30,Thu,2026-04-26,4,2,2026,FALSE
20260501,2026-05-01,Fri,2026-04-26,5,2,2026,TRUE
20260502,2026-05-02,Sat,2026-04-26,5,2,2026,TRUE
20260503,2026-05-03,Sun,2026-05-03,5,2,2026,FALSE
20260504,2026-05-04,Mon,2026-05-03,5,2,2026,FALSE
20260505,2026-05-05,Tue,2026-05-03,5,2,2026,FALSE
20260506,2026-05-06,Wed,2026-05-03,5,2,2026,FALSE
20260507,2026-05-07,Thu,2026-05-03,5,2,2026,FALSE
20260508,2026-05-08,Fri,2026-05-03,5,2,2026,TRUE
20260509,2026-05-09,Sat,2026-05-03,5,2,2026,TRUE
20260510,2026-05-10,Sun,2026-05-10,5,2,2026,FALSE
20260511,2026-05-11,Mon,2026-05-10,5,2,2026,FALSE
20260512,2026-05-12,Tue,2026-05-10,5,2,2026,FALSE
20260513,2026-05-13,Wed,2026-05-10,5,2,2026,FALSE
20260514,2026-05-14,Thu,2026-05-10,5,2,2026,FALSE
20260515,2026-05-15,Fri,2026-05-10,5,2,2026,TRUE
20260516,2026-05-16,Sat,2026-05-10,5,2,2026,TRUE
20260517,2026-05-17,Sun,2026-05-17,5,2,2026,FALSE
20260518,2026-05-18,Mon,2026-05-17,5,2,2026,FALSE
20260519,2026-05-19,Tue,2026-05-17,5,2,2026,FALSE
20260520,2026-05-20,Wed,2026-05-17,5,2,2026,FALSE
20260521,2026-05-21,Thu,2026-05-17,5,2,2026,FALSE
20260522,2026-05-22,Fri,2026-05-17,5,2,2026,TRUE
20260523,2026-05-23,Sat,2026-05-17,5,2,2026,TRUE
20260524,2026-05-24,Sun,2026-05-24,5,2,2026,FALSE
20260525,2026-05-25,Mon,2026-05-24,5,2,2026,FALSE
20260526,2026-05-26,Tue,2026-05-24,5,2,2026,FALSE
20260527,2026-05-27,Wed,2026-05-24,5,2,2026,FALSE
20260528,2026-05-28,Thu,2026-05-24,5,2,2026,FALSE
20260529,2026-05-29,Fri,2026-05-24,5,2,2026,TRUE
20260530,2026-05-30,Sat,2026-05-24,5,2,2026,TRUE
20260531,2026-05-31,Sun,2026-05-31,5,2,2026,FALSE
20260601,2026-06-01,Mon,2026-05-31,6,2,2026,FALSE
20260602,2026-06-02,Tue,2026-05-31,6,2,2026,FALSE
20260603,2026-06-03,Wed,2026-05-31,6,2,2026,FALSE
20260604,2026-06-04,Thu,2026-05-31,6,2,2026,FALSE
20260605,2026-06-05,Fri,2026-05-31,6,2,2026,TRUE
20260606,2026-06-06,Sat,2026-05-31,6,2,2026,TRUE
20260607,2026-06-07,Sun,2026-06-07,6,2,2026,FALSE
20260608,2026-06-08,Mon,2026-06-07,6,2,2026,FALSE
20260609,2026-06-09,Tue,2026-06-07,6,2,2026,FALSE
20260610,2026-06-10,Wed,2026-06-07,6,2,2026,FALSE
20260611,2026-06-11,Thu,2026-06-07,6,2,2026,FALSE
20260612,2026-06-12,Fri,2026-06-07,6,2,2026,TRUE
20260613,2026-06-13,Sat,2026-06-07,6,2,2026,TRUE
20260614,2026-06-14,Sun,2026-06-14,6,2,2026,FALSE
20260615,2026-06-15,Mon,2026-06-14,6,2,2026,FALSE
20260616,2026-06-16,Tue,2026-06-14,6,2,2026,FALSE
20260617,2026-06-17,Wed,2026-06-14,6,2,2026,FALSE
20260618,2026-06-18,Thu,2026-06-14,6,2,2026,FALSE
20260619,2026-06-19,Fri,2026-06-14,6,2,2026,TRUE
20260620,2026-06-20,Sat,2026-06-14,6,2,2026,TRUE
20260621,2026-06-21,Sun,2026-06-21,6,2,2026,FALSE
20260622,2026-06-22,Mon,2026-06-21,6,2,2026,FALSE
20260623,2026-06-23,Tue,2026-06-21,6,2,2026,FALSE
20260624,2026-06-24,Wed,2026-06-21,6,2,2026,FALSE
20260625,2026-06-25,Thu,2026-06-21,6,2,2026,FALSE
20260626,2026-06-26,Fri,2026-06-21,6,2,2026,TRUE
20260627,2026-06-27,Sat,2026-06-21,6,2,2026,TRUE
20260628,2026-06-28,Sun,2026-06-28,6,2,2026,FALSE
20260629,2026-06-29,Mon,2026-06-28,6,2,2026,FALSE
20260630,2026-06-30,Tue,2026-06-28,6,2,2026,FALSE
20260701,2026-07-01,Wed,2026-06-28,7,3,2026,FALSE
20260702,2026-07-02,Thu,2026-06-28,7,3,2026,FALSE
20260703,2026-07-03,Fri,2026-06-28,7,3,2026,TRUE
20260704,2026-07-04,Sat,2026-06-28,7,3,2026,TRUE
20260705,2026-07-05,Sun,2026-07-05,7,3,2026,FALSE
20260706,2026-07-06,Mon,2026-07-05,7,3,2026,FALSE
20260707,2026-07-07,Tue,2026-07-05,7,3,2026,FALSE
20260708,2026-07-08,Wed,2026-07-05,7,3,2026,FALSE
20260709,2026-07-09,Thu,2026-07-05,7,3,2026,FALSE
20260710,2026-07-10,Fri,2026-07-05,7,3,2026,TRUE
20260711,2026-07-11,Sat,2026-07-05,7,3,2026,TRUE
20260712,2026-07-12,Sun,2026-07-12,7,3,2026,FALSE
20260713,2026-07-13,Mon,2026-07-12,7,3,2026,FALSE
20260714,2026-07-14,Tue,2026-07-12,7,3,2026,FALSE
20260715,2026-07-15,Wed,2026-07-12,7,3,2026,FALSE
20260716,2026-07-16,Thu,2026-07-12,7,3,2026,FALSE
20260717,2026-07-17,Fri,2026-07-12,7,3,2026,TRUE
20260718,2026-07-18,Sat,2026-07-12,7,3,2026,TRUE
20260719,2026-07-19,Sun,2026-07-19,7,3,2026,FALSE
20260720,2026-07-20,Mon,2026-07-19,7,3,2026,FALSE
20260721,2026-07-21,Tue,2026-07-19,7,3,2026,FALSE
20260722,2026-07-22,Wed,2026-07-19,7,3,2026,FALSE
20260723,2026-07-23,Thu,2026-07-19,7,3,2026,FALSE
20260724,2026-07-24,Fri,2026-07-19,7,3,2026,TRUE
20260725,2026-07-25,Sat,2026-07-19,7,3,2026,TRUE
20260726,2026-07-26,Sun,2026-07-26,7,3,2026,FALSE
20260727,2026-07-27,Mon,2026-07-26,7,3,2026,FALSE
20260728,2026-07-28,Tue,2026-07-26,7,3,2026,FALSE
20260729,2026-07-29,Wed,2026-07-26,7,3,2026,FALSE
20260730,2026-07-30,Thu,2026-07-26,7,3,2026,FALSE
20260731,2026-07-31,Fri,2026-07-26,7,3,2026,TRUE
20260801,2026-08-01,Sat,2026-07-26,8,3,2026,TRUE
20260802,2026-08-02,Sun,2026-08-02,8,3,2026,FALSE
20260803,2026-08-03,Mon,2026-08-02,8,3,2026,FALSE
20260804,2026-08-04,Tue,2026-08-02,8,3,2026,FALSE
20260805,2026-08-05,Wed,2026-08-02,8,3,2026,FALSE
20260806,2026-08-06,Thu,2026-08-02,8,3,2026,FALSE
20260807,2026-08-07,Fri,2026-08-02,8,3,2026,TRUE
20260808,2026-08-08,Sat,2026-08-02,8,3,2026,TRUE
20260809,2026-08-09,Sun,2026-08-09,8,3,2026,FALSE
20260810,2026-08-10,Mon,2026-08-09,8,3,2026,FALSE
20260811,2026-08-11,Tue,2026-08-09,8,3,2026,FALSE
20260812,2026-08-12,Wed,2026-08-09,8,3,2026,FALSE
20260813,2026-08-13,Thu,2026-08-09,8,3,2026,FALSE
20260814,2026-08-14,Fri,2026-08-09,8,3,2026,TRUE
20260815,2026-08-15,Sat,2026-08-09,8,3,2026,TRUE
20260816,2026-08-16,Sun,2026-08-16,8,3,2026,FALSE
20260817,2026-08-17,Mon,2026-08-16,8,3,2026,FALSE
20260818,2026-08-18,Tue,2026-08-16,8,3,2026,FALSE
20260819,2026-08-19,Wed,2026-08-16,8,3,2026,FALSE
20260820,2026-08-20,Thu,2026-08-16,8,3,2026,FALSE
20260821,2026-08-21,Fri,2026-08-16,8,3,2026,TRUE
20260822,2026-08-22,Sat,2026-08-16,8,3,2026,TRUE
20260823,2026-08-23,Sun,2026-08-23,8,3,2026,FALSE
20260824,2026-08-24,Mon,2026-08-23,8,3,2026,FALSE
20260825,2026-08-25,Tue,2026-08-23,8,3,2026,FALSE
20260826,2026-08-26,Wed,2026-08-23,8,3,2026,FALSE
20260827,2026-08-27,Thu,2026-08-23,8,3,2026,FALSE
20260828,2026-08-28,Fri,2026-08-23,8,3,2026,TRUE
20260829,2026-08-29,Sat,2026-08-23,8,3,2026,TRUE
20260830,2026-08-30,Sun,2026-08-30,8,3,2026,FALSE
20260831,2026-08-31,Mon,2026-08-30,8,3,2026,FALSE
20260901,2026-09-01,Tue,2026-08-30,9,3,2026,FALSE
20260902,2026-09-02,Wed,2026-08-30,9,3,2026,FALSE
20260903,2026-09-03,Thu,2026-08-30,9,3,2026,FALSE
20260904,2026-09-04,Fri,2026-08-30,9,3,2026,TRUE
20260905,2026-09-05,Sat,2026-08-30,9,3,2026,TRUE
20260906,2026-09-06,Sun,2026-09-06,9,3,2026,FALSE
20260907,2026-09-07,Mon,2026-09-06,9,3,2026,FALSE
20260908,2026-09-08,Tue,2026-09-06,9,3,2026,FALSE
20260909,2026-09-09,Wed,2026-09-06,9,3,2026,FALSE
20260910,2026-09-10,Thu,2026-09-06,9,3,2026,FALSE
20260911,2026-09-11,Fri,2026-09-06,9,3,2026,TRUE
20260912,2026-09-12,Sat,2026-09-06,9,3,2026,TRUE
20260913,2026-09-13,Sun,2026-09-13,9,3,2026,FALSE
20260914,2026-09-14,Mon,2026-09-13,9,3,2026,FALSE
20260915,2026-09-15,Tue,2026-09-13,9,3,2026,FALSE
20260916,2026-09-16,Wed,2026-09-13,9,3,2026,FALSE
20260917,2026-09-17,Thu,2026-09-13,9,3,2026,FALSE
20260918,2026-09-18,Fri,2026-09-13,9,3,2026,TRUE
20260919,2026-09-19,Sat,2026-09-13,9,3,2026,TRUE
20260920,2026-09-20,Sun,2026-09-20,9,3,2026,FALSE
20260921,2026-09-21,Mon,2026-09-20,9,3,2026,FALSE
20260922,2026-09-22,Tue,2026-09-20,9,3,2026,FALSE
20260923,2026-09-23,Wed,2026-09-20,9,3,2026,FALSE
20260924,2026-09-24,Thu,2026-09-20,9,3,2026,FALSE
20260925,2026-09-25,Fri,2026-09-20,9,3,2026,TRUE
20260926,2026-09-26,Sat,2026-09-20,9,3,2026,TRUE
20260927,2026-09-27,Sun,2026-09-27,9,3,2026,FALSE
20260928,2026-09-28,Mon,2026-09-27,9,3,2026,FALSE
-1,,Unknown,,,,,
