COMPANY_SK,COMPANY_NAME,COMPANY_NORM,INDUSTRY,IS_RECRUITMENT_AGENCY
0814b38cab7bf4b0172a288af1aca88f,Roland Berger,roland berger,Management Consulting,FALSE
4ed7a525e7720b8460fc88374f37bcdf,JASARA PMC,jasara pmc,Civil Engineering,FALSE
a70eec8e3f0df59d30599d4c92413a81,Beond,beond,Airlines/Aviation,FALSE
3899dcbab79f92af727c2190bbd8abc5,Ninja,ninja,Retail,FALSE
961ed8239bc1b87dbf4d7ba27cfef9ba,CTS Group,cts,,FALSE
c631a467606a7d90472b203cea0344dd,Creative Closets,creative closets,,FALSE
79991805918320ef626f056f8dd50c2e,Al Shamel Complex,al shamel complex,,FALSE
79496e4230fed2c6092742d1105d3b4a,YO AI Labs,yo ai labs,,TRUE
44e2b747cfe228af7f5b6cba5cac1a2c,TalentHive,talenthive,,FALSE
7028e6abaef0f624976fdf9b86399b52,madapremier,madapremier,,FALSE
cad689bec7d433486138cf280debd332,Madi International,madi international,,FALSE
25e0ec22590747c6bcf8d14d3b8e0bd6,Ferrero,ferrero,,FALSE
c9f570107cb5126190f73565c511348e,MigrationIT,migrationit,,FALSE
6842d10368d66d625febe9ee5b98d530,RRecruiter,rrecruiter,,TRUE
ae3883412adad73fc7516ea024afda8c,Saeed Raddad Group,saeed raddad,,FALSE
ca795c3f2dd5fc992a33e6092b084c77,ACWA POWER,acwa power,,FALSE
81909dd382cc4988f8ab9fcd2cfbb172,Intelmatix,intelmatix,,FALSE
7aa8b53c92e3c34815caf7e8d5ad0b01,Technology Workforce Solutions (TWS),technology workforce solutions tws,,FALSE
044872d6473ccd119f70bab13bf83e88,Heba Alnasser,heba alnasser,,FALSE
23c35e25ab363aee613bb2cea674c8d3,CTRD Arabia,ctrd arabia,,FALSE
257a8b71a52b9cab1aa2433e2da88c4c,شركة سندس المصادر للموارد البشرية,سندس المصادر للموارد البشرية,,FALSE
e634a5027677a068ba5182e2844fbbb7,RENUKA INTERPRISES,renuka interprises,,FALSE
381f2d57a0f5bc21b68454455bf9f8b0,Hotpack Global,hotpack global,,FALSE
8adbc459ab1564f67cad563fe5d78200,LG Electronics,lg electronics,,FALSE
09f60a32545419f79f770d9021741d2a,1st-jobs.com,1st com,,FALSE
8139e4d33a4b29d129874fda6320b899,EnerCrew MENA,enercrew mena,,FALSE
768080b16f1a9a854ef16c15a4cd9fea,Knauf Aquapanel,knauf aquapanel,,FALSE
3d349022e5852b6ce8df0e0511634f35,Avanta Works,avanta works,,TRUE
47fc4cd81a5914eed7691f74ba2357b5,Impact46,impact46,,FALSE
5922a41d1611ba818b57b57090b37324,InvestSky,investsky,,FALSE
1101048ef389f7c92e2d4512b14a9762,aiXplain,aixplain,,FALSE
a717e13e51686f4a0868a3f4fed35e32,"Honeywell International, Inc.",honeywell international,,FALSE
c6af6ac1391dc25d203b0377e6832ca7,diaarsa,diaarsa,,FALSE
3a19206edfe40069af45b5685b68e46f,Gandour,gandour,,FALSE
2cb95ec8ce43f0c5fa126fe9f639a094,Kuehne + Nagel,kuehne nagel,,FALSE
daf3031669fe6e2f1df865d6564686d5,Rgheeb,rgheeb,,FALSE
5c7151f3b35e90953cf1cdb54ab61bfa,Mutakamela Insurance,mutakamela insurance,,FALSE
169a3f0028b7ec3bfdfd734634b5b64a,Logitera,logitera,,FALSE
0029b30e2ac872f39bff4ede8233689c,Extendad,extendad,,FALSE
afc634eb71f9da2571ff34d5ae6fca65,Silqfi,silqfi,,FALSE
924ea6c40790a7e8be87d81da4a8405d,Mohamad Chakaroun,mohamad chakaroun,,FALSE
af5de378a767af35216427d3800edc92,Al Rashed Food Company,al rashed food,,FALSE
ca1eb8e6901cffb887a5a89725601c5e,ATIA Ltd,atia,,FALSE
d2f69355d3cd41ba90ecf8b21b93b301,Al Balad Development Company,al balad development,,FALSE
cfcb195b5e479ccb38b6060d3b42c9ca,المطعم الذهبي,المطعم الذهبي,,FALSE
a58cabaf1ef4daf2162346428404872c,Carrier World,carrier world,,FALSE
05129205e29e8ad1f2d29bce6c949f3b,الرواف للمقاولات Alrawaf Contracting,الرواف للمقاولات alrawaf contracting,,FALSE
485ab4bc5c755123ce2359d223dd9764,Halian,halian,,TRUE
456acf3a26fbab087b7920ed72572550,Aclsaudi,aclsaudi,,FALSE
1e7e00774105a33bef6f7afa35d9fc26,Signature Network,signature network,,FALSE
226afc378331fbb988fff7ebb7250a4e,Ebara Elliott Energy,ebara elliott energy,,FALSE
583eae7a695abf64a99a36e84159082c,Bouygues Travaux Publics,bouygues travaux publics,,FALSE
acdcd0d7b8912763802107a422b57d52,Rotana Corniche - Dammam,rotana corniche dammam,,FALSE
f81b24cafd84353da1a162cd69a5c3dc,OOMCO KSA,oomco,,FALSE
4448b51c36e08260a42aefa54aaf0cc8,Snowrelic Inc,snowrelic,,FALSE
9194221ae49d5ed6376a3351cbdf8a10,Tuwaiqmed,tuwaiqmed,,FALSE
ed7c35be7c7f9e7853a9a0d713b31d5d,Areeb,areeb,,FALSE
f04ba7a3a4054d8ffaffd694a0d4f48b,Jeraisy Computer  and  Comm  Services,jeraisy computer and comm services,,FALSE
c4a71b98d7f05be93b360eb263a123c4,Kent Data Centres,kent data centres,,FALSE
7c6059f0982ffefe0a02f15784d5107e,Infinniti,infinniti,,FALSE
e5439f340ec51b34d51348e0885bcdf1,Heights Company,heights,,FALSE
5e3c7fa8b782c600027a6ea5b2f3accc,Draeger Arabia Co. Ltd.,draeger arabia,,FALSE
630196c27ae023d0c2377afad332e13b,noon,noon,,FALSE
08064bba8c6bef4027042550349ea371,Uvation,uvation,,FALSE
1c61e5e6040f5b0171867161e09c8e58,Keyrus Group,keyrus,,FALSE
f145fb8a0d4fc8ab9c8627d322f076bc,Robinson & Co (Singapore) Pte Ltd,robinson singapore pte,,FALSE
9c30a6ef62c3b39dec8866fab35549a4,TotalTECH Corporation,totaltech,,FALSE
93f7b013776f4e3d9ad7e8716b266a69,Master Works,master works,,FALSE
b12795db0a6b5266badf1f53fe5a142b,Clifford Chance,clifford chance,,FALSE
c81206ccfed82cf5548a9ea1cfc3e983,سراكو,سراكو,,FALSE
d0ae2d7291a38612946d2abfc60c3b08,Merge Recruitment Agency,merge recruitment agency,,TRUE
73448a19d5663f28c9f6d61e0c40d583,MSCI Inc.,msci,,FALSE
a2b932f11279b9efb0339c4f63a3d4c4,element8,element8,,FALSE
7664f573dc0b55828b439be65db7fe2e,FP7McCann,fp7mccann,,FALSE
58667fd6869b95999b2797976d8b2234,Mouawad,mouawad,,FALSE
e12a056c71074d40c93301298a47150a,Client of Global Human Capital Group,client of global human capital,,FALSE
b7ba6a700bdb1fac393630929bad3815,EPC,epc,,FALSE
e4cc02a99febe89dc6548dddff13324e,Abdalihospital,abdalihospital,,FALSE
423c924d54611ab27c889799f1c05293,Massar Business Solutions,massar business solutions,,FALSE
ebf5623873b5d5b3915132358abda786,Align Technology,align technology,,FALSE
b14c85786a01d4d1f464110a65295867,Gulf Horizon Telecom Establishment,gulf horizon telecom,,FALSE
3e2559bfe55301655865617fbfee0126,NAPCO National,napco national,,FALSE
23b670efb79a77d3567c89f526629aa9,Piece of Fabric Trading Company,piece of fabric trading,,FALSE
fc55f7812ff414608e43bcb822271c4a,EY,ey,,FALSE
4ef97a5db1519bec8ee8c91d62fcaa08,SAP,sap,,FALSE
c07fd8c306ff47b9601a4dba01a6e9fe,Merkle Italia,merkle italia,,FALSE
fb111b2277120aa45d782d86f25b7973,Reckitt,reckitt,,FALSE
881baf6f92d15a0188965730316438f6,Heidrick & Struggles,heidrick struggles,,TRUE
c4b6469c57ff0e154d1aa0ee93ce3913,Exceptional Interior Decoration,exceptional interior decoration,,FALSE
f5be018e78b24f2beae113ab9171624d,PrimeGate for Communications and IT,primegate for communications and it,,FALSE
eea8f7c33dc2f64e72b4f4f9d2b96e1d,Cognition,cognition,,FALSE
9da666461ab9a198413c53a2be3a32c3,شركة مدينة البيانات للخدمات اللوجستية,مدينة البيانات للخدمات اللوجستية,,FALSE
da9adda9e384f16be73b2cdec374bb4e,Afif Modern Trading Company,afif modern trading,,FALSE
e229ccd2a9b5a9797f2b9b12da0fe87a,Alkhorayef Industries Company,alkhorayef industries,,FALSE
250ca707e8ea8be292656eb89b8abd86,Four Points by Sheraton,four points by sheraton,,FALSE
4fb8172f0f6d6b82718c7d55fc975eb6,Elkho Group,elkho,,FALSE
2d0d4809e6bdb6f4db3e547f27b1873c,Amazon,amazon,,FALSE
4aeec196093e3a698bafed4001a6a02d,Ennismore,ennismore,,FALSE
4108689cee068d9a9e2bc73ef4f67314,Golden Elite Catering Services - GECS,golden elite catering services gecs,,FALSE
d63c2d5b8467c77adaf00ff74e7a5494,Modern Mills Company,modern mills,,FALSE
0e0fedd5c22c088c99925df9711235d8,Shift4,shift4,,FALSE
fa325dfe0f7d9c71d731269d73a43c95,Corpay Corporate,corpay corporate,,FALSE
78207a4c95591bbd170b0e6bbf3b8157,Fortinet,fortinet,,FALSE
5a3b81b864d9a22811c9f0506ebfea44,Clariant Ali Al Abdullah Al Tamimi Co. Ltd,clariant ali al abdullah al tamimi,,FALSE
9618bf21294abbdb915ddad6833fadf9,Khibraty,khibraty,,TRUE
8013fb05dd6a08b9fa8c162496c6b0a3,نوال القرني,نوال القرني,,FALSE
343b19f6c8dd39b3f43f0fa9b9e8d9db,Boston Scientific,boston scientific,,FALSE
58dfdc118db62248d7c9edf19ff01e10,Hilton,hilton,,FALSE
13a0bd28f3d818e4b5ba964ee549083e,Love Recruitment International,love recruitment international,,TRUE
61d62f1f9a11118a07255d0ff2cb3083,The White Energy,white energy,,FALSE
cd3a76043b82250ab2cefaf417569e5f,Jurong International,jurong international,,FALSE
103c26592eb044ff98e8a14eb9b560ad,Dar As Sihha Medical Center,dar as sihha medical center,,FALSE
17d2742bf3072899e7595513eeba050f,Tangent International,tangent international,,TRUE
7af829892409000a07fe74352c597026,Saudi United Fertilizers (Al-Asmida),saudi united fertilizers al asmida,,FALSE
74a66ed5e5f4da4b9d3cd34cfd43a463,الشركة الوطنية لخدمات كفاءة الطاقة ترشيد,الشركة الوطنية لخدمات كفاءة الطاقة ترشيد,,FALSE
335209aa34997a194e566ba80e18f376,"Pace Industries, LLC",pace industries,,FALSE
91648447db6dfbb4d52adcc985f3f826,Khatib and Alami,khatib and alami,,FALSE
32abe30bcdfa6f458aa4e30d5624153f,ACOUSTIEG,acoustieg,,FALSE
47e5b497de2b75ece6e0270fe08409ec,Bank of Jordan,bank of jordan,,FALSE
0806ba9af3a9ffd045fe50dc59c715e8,Ma'aden Gold and Base Metals (MGBM),ma aden gold and base metals mgbm,,FALSE
f3dcd3d168e4c493a26ae1e7373bbadc,KK People,kk people,,FALSE
114003309f01170e475235478a7ff5a6,Sal-la,sal la,,FALSE
f450517c26262f81ffb7cd1daab31bfd,Saudi Vision,saudi vision,,FALSE
bd0f344f7d4dae14a5a5084dc4d5de0a,AMS2,ams2,,FALSE
b023e8a44427e16264744a9467ad1ab2,KitchenPark,kitchenpark,,FALSE
619b446f1df515147442f2e5f66be628,Noir KSA,noir,,FALSE
e09f6b9467cc925b529ce7a131b185e9,BLUE OCEAN MANAGEMENT TRAINING & CONSULTANCIES,blue ocean management training consultancies,,FALSE
0872556d7c53ad9d9f14561d36eeaefd,Caterpillar,caterpillar,,FALSE
06fbb22bb04aec608ff9bf6ef4eac79e,tawteen,tawteen,,FALSE
4e7f4c7beefb335e47c62f6b16744760,LHR Américas,lhr américas,,FALSE
76a5a5b616264e53aa824aa730af3f6f,MIS - Al Moammar Information Systems Co.,mis al moammar information systems,,FALSE
475efe238dca6fbcc331bcfbd6423f39,York Towers,york towers,,FALSE
211528ec65c6d43658ca80ca88e0eb6a,AlFalak,alfalak,,FALSE
afc366de607c3f3cde49d053f6ab8cc9,Alasala | الأصالة,alasala الأصالة,,FALSE
48f48975bf1ea8397ce841b8f8c3650d,Embedded Shishya,embedded shishya,,FALSE
81e41c9fb7f43bd82ba2f86885d9cc12,BDP International,bdp international,,FALSE
4d4ca9914ec4c56110c6b8f43540ae0e,شركة سما التقنيات,سما التقنيات,,FALSE
fed5c4506a01dd3a5157474befd7c375,Mach49,mach49,,FALSE
218a9c7ef06405040f87fe7ca164b924,Maarif Education,maarif education,,FALSE
2be9f8929312761bd00fec74dc4aebb0,Unified Hospitality Company (UHC),unified hospitality uhc,,FALSE
fc2a301e5ae9c1592ac8b3287d0f6ccb,Qassim Ali Contracting,qassim ali contracting,,FALSE
a0d6f96cc44bbe4d14a5981ac1ecbf78,Alborglaboratories,alborglaboratories,,FALSE
064fd8d74217676248d5e7d6b09c1f09,WorkerEra,workerera,,TRUE
379889a54e2a46a637caf56a39dec0ef,PropertyTalents,propertytalents,,FALSE
1bc4b50f8430b0e8528ef9bd069e4e53,Saudi AZM,saudi azm,,FALSE
28c48615b53a59cfa27a6699be267f56,Locationsolutions,locationsolutions,,FALSE
803bea8c60dd82fdf33dffc6d2e8e76b,Ladgov Corporation,ladgov,,FALSE
4134ba620c5a8930a7e7e15dd34dceb2,KONE,kone,,FALSE
2ba16fa96e677c263e487b9899dc91bf,Sarj AI,sarj ai,,FALSE
8482ad7f1ea51e4268905382c1c7a60c,Grundfos,grundfos,,FALSE
ce9a0eec474f000e26597a91a92b93ad,Rosewood Hotel Group,rosewood hotel,,FALSE
6aabdc3494d437d1b5da8ab253adf611,Al Empa Arabia Company,al empa arabia,,FALSE
f4d3bbdcad913e4ebd4cce7950129cb5,Alfa Wood Industries,alfa wood industries,,FALSE
1b80b8bde92dd8b0eb64d9e021e8e5cf,ecojob,ecojob,,TRUE
a1d9b6fc1c60bfd4c35fadfe5c231e4b,Omtera,omtera,,FALSE
1531b5d251cabd42768146f8e0a97346,J.S. Held LLC,j s held,,FALSE
c53df19289be54dc6719acd84811d3f8,ClassiFind,classifind,,TRUE
ee7b4cd68e76444e8067ef90bef04378,Veolia Environnement SA,veolia environnement sa,,FALSE
dba89f11c65b1f1ad9bf02dd824786a6,Aroma Easy Shopping,aroma easy shopping,,FALSE
c88d337d168a18ee9c21ff29f8d96801,Saudi Liebherr Company Ltd.,saudi liebherr,,FALSE
342a722c49bad06521a93eba833e1643,Jotun,jotun,,FALSE
cf02860b6e16ef881f6756302fe4a6dc,NES Fircroft,nes fircroft,,TRUE
34f08f41c422b669d28c13294dfd4911,SPX FLOW,spx flow,,FALSE
314e82cf5d4d0f2b593dd754a2eae054,Match | ماتش,match ماتش,,FALSE
03a183339225ffa36780723af2917e3b,Beyond Limits,beyond limits,,FALSE
860d04f38df1b94967b3ebe95729ed6a,Alghanim Industries,alghanim industries,,FALSE
1ea30044737d53e2f649e8d01a9ce8f5,Loba Group,loba,,FALSE
ce58f3c1d1e1793a413a9df8c005d951,Ameera Talent Solutions,ameera talent solutions,,FALSE
eb77246c78d92e092fa0a933ee4f2646,Anduril Industries,anduril industries,,FALSE
de334a868ca5b071ca83fb3036b9e728,Mnzil Holding Co. Cayman LLC,mnzil holding cayman,,FALSE
867a2b71625ea1444fecdf390b2e50e4,Manar Al Jubail Trading Co. LLC,manar al jubail trading,,FALSE
9f8c103e366278f1211ec07bb17ac9d3,Careernet,careernet,,FALSE
e7b0e2bb16f49439f459ba899e3023a5,The Opportunity Hub UK,opportunity hub uk,,FALSE
bcb10c2964e6ea34e62ac6a496b42a76,Divani for contacting,divani for contacting,,FALSE
a560d5fef286ba3d727466fd576efc32,We Lead To Develop,we lead to develop,,FALSE
650390fe7a8ef19008cc00d1e46fc224,Amazon Business,amazon business,,FALSE
395b5a7a4e852c0f9f02da7385e22a7f,"Alghanim Industries & Yusuf A. Alghanim & Sons, W.L.L",alghanim industries yusuf a alghanim sons w l l,,FALSE
9287e2ff404a151f30a6a3474741a72d,SDC App,sdc app,,FALSE
71ed19634eaa04bc2b256a1feff0771b,Hudhud Maps,hudhud maps,,FALSE
9f3fda2fef6dda85970e12ce9a9b8cbe,Canonical,canonical,,FALSE
1f05453dcc525de8cf89c09c35134e76,Rawafid,rawafid,,FALSE
a5650be99b0e991ebed4323190eacae3,Awqaf Investment أوقاف للاستثمار,awqaf investment أوقاف للاستثمار,,FALSE
5f17b56dc5783a217ee2eea4fd1dad34,Binzagr CO-RO LTD.,binzagr ro,,FALSE
029a547cb288df8da9884dc509085974,Faisal Management Services,faisal management services,,FALSE
0b553edfc953f355ba5341905bd0faf1,Zimmer Biomet,zimmer biomet,,FALSE
443dac7c77a08b303d5494ce150f2c18,azmtalent,azmtalent,,FALSE
87e4a8407cc0d6ef276d1200ed96baa7,Valeo Health ME,valeo health me,,FALSE
5f87681c6dce71398de7f2067e13be60,Masan,masan,,FALSE
1730235fefb437982bf31487d9648ec9,شركة سلالم اليمامة للمقاولات شركة شخص واحد,سلالم اليمامة للمقاولات شخص واحد,,FALSE
09ebba031bba091fe89a8fc204368ac4,Hire Fellows,hire fellows,,TRUE
fa24e17f49ac5c9d3141b4d02e244320,Dunes International School Al Jubail,dunes international school al jubail,,FALSE
92bf1484b406e7261201c4b20ead7cf4,Mindrift - Data annotation,mindrift data annotation,,FALSE
02a0730ed1567a4ef40993f5148ca48e,GreatAuPair,greataupair,,FALSE
abb0d83d748800af25e07678881b5a9e,Armacell,armacell,,FALSE
fe96f082f18fc3a999eed6d5f624c4d5,Saleh Abdulaziz Al-Rajhi & Partners Co. Ltd,saleh abdulaziz al rajhi partners,,FALSE
d394aff82f4cdcac614db0ede4ea0828,Alrajhi Group,alrajhi,,FALSE
e54ae3863b0d356448842e9150106ec8,Whitecollars,whitecollars,,TRUE
9c6fea1b39ba2c88633ea817a8f36166,Al Daham,al daham,,FALSE
85d9663cd18a4ef7a3dbaee54df86ae2,Marcomarabia,marcomarabia,,FALSE
273bc3adf67b0599aeff4013b9b078f9,Petro Rabigh,petro rabigh,,FALSE
2b63d66832d8b96bfc8adaf70760ef75,Mnzil,mnzil,,FALSE
1fa8b4a8986ee63d3c08cdcce7159058,TRS Staffing Solutions,trs staffing solutions,,FALSE
4b187f8dfbfd5a792edb2a2d564b203c,Khyalstudio,khyalstudio,,FALSE
6c460c33227d0c4aae6fa56bd47ae6df,Rukham Holding,rukham holding,,FALSE
9dcb49c1620e8c58dbb1baa85a7e511b,Matar Al Baqmi Holding Company,matar al baqmi holding,,FALSE
ba268855108fd3eb8355b6dc8805b326,Jingdong Express Holding Middle East Limited,jingdong express holding middle east,,FALSE
4748648307cbca19740f6e0edd411f82,Ferrero International S.A.,ferrero international s a,,FALSE
e887c3891d9242c72268b2fcf50ba69f,"Schweitzer Engineering Laboratories, Inc.",schweitzer engineering laboratories,,FALSE
cbc40a3e9232b368729a10b970d0df64,Capgemini,capgemini,,FALSE
288077f055be4fadc3804a69422dd4f8,ARIS company,aris,,FALSE
74f2f93139b78d3a83714712c07b4799,Cepco Sa,cepco sa,,FALSE
93735b605544c9e40ceb15f74786b704,UrbaCon Contracting & Trading Company,urbacon contracting trading,,FALSE
6f1bdb83ff15dbd1870998fa59801e0a,Clyde & Co,clyde,,FALSE
5c126773c1e60122bec751584f8bc21d,Shifa Jeddah Polyclinic,shifa jeddah polyclinic,,FALSE
2d35ec800d232f26d70005633d23e4e3,Grey Design Engineering Consultancy شركة التصميم الرمادي للاستشارات الهندسية,grey design engineering consultancy التصميم الرمادي للاستشارات الهندسية,,FALSE
3ca66978e891f75dfea21a97b353f3e4,Keypoint,keypoint,,FALSE
ef333d01f3c711344679ebf7a9bc7635,WEbook,webook,,FALSE
86068a297c230a0db92375160092ee38,Lexar,lexar,,FALSE
6333028c6e09b151a3d8a08a70d3ee1c,European External Action Service,european external action service,,FALSE
bd2597f6a5d2882a8e564c1020d7668c,JOH Partners,joh partners,,TRUE
b27862005f4e30a31911588fecb381ce,NOV,nov,,FALSE
587eb97d354eefefce4b53fc6cdc8814,Jotun Dekorativ Marketing,jotun dekorativ marketing,,FALSE
3a102479295c29b159b9afeb23dc39f5,Smart Resourcing International,smart resourcing international,,FALSE
9ee39f394d21a7f4848ab78a78da00c3,Western Union,western union,,FALSE
efa1d344ff45a2934ddbffb086a262c8,صالح,صالح,,FALSE
6f5e6ae15296c52c0254f8346424464a,Intellect,intellect,,FALSE
2104bf12bccbd2ad3eda9d6fda9be877,EVA Pharma,eva pharma,,FALSE
c5d79dd1198f1e958632ff166ccb4809,AlRashed Food Company,alrashed food,,FALSE
b6198dd804090c7c32b9c5f022ae5085,Saudi Damons,saudi damons,,FALSE
248eb1bc46e77f722ee9e793989a2e52,MEDSCAN Logistics Company,medscan logistics,,FALSE
ec4337db515ef50d2715287f16a1d6a6,Exclusive Household Staff,exclusive household staff,,TRUE
68b5a2b73d7e682fe7c6047ed5a0a854,obada sukarea,obada sukarea,,FALSE
074ab6045e084a64e13e34cc1876c581,Media.Monks,media monks,,FALSE
ac4a351af953bef42ab7211769982b80,Simera,simera,,FALSE
4a5fdd28b2843a03eea8f1fcfa9f96e2,Recruitis,recruitis,,TRUE
66892214b1b3373ac241ef976a872e00,Skylark Infra Engineering Private Limited,skylark infra engineering private,,FALSE
dc5e9202a2b31201c690a5f1922a87f5,Moyasar Financial Company,moyasar financial,,FALSE
66ba829a02b0888f7c5840bc64d628ec,Atlas Copco Airpower N.V.,atlas copco airpower n v,,FALSE
7ab93feeb36d98e584d10de2e2f68843,Cubic Corporation,cubic,,FALSE
d6a919f0953e2e234cf8b798df31b926,Tamimi group of company,tamimi of,,FALSE
8a30d24f059c3104d4e79c1d4e039997,Wantmore,wantmore,,FALSE
9f27410725ab8cc8854a2769c7a516b8,Green Group,green,,FALSE
d6ef7e1f49eb5f1ffc9a036ced1497d2,Airbus,airbus,,FALSE
6f2439db7a0640bc0f0975a9dace3f83,Schlumberger,schlumberger,,FALSE
25d8f4fc121b698f6a7ce2f6a6020972,neoleap,neoleap,,FALSE
490cf8794937a7b164ff244d0d26849e,لبيه | Labayh,لبيه labayh,,FALSE
dab6d298a41356ecc2b95fd6cb6e8264,Brainstorm Headhunting Specialist,brainstorm headhunting specialist,,TRUE
c64229421bc13606ed99f79ed88d2345,ASSA ABLOY Sicherheitstechnik GmbH,assa abloy sicherheitstechnik gmbh,,FALSE
92921c480c95034125dbcfc53993de9a,Trip.com,trip com,,FALSE
738af824dd67266f754cca2be2a700c4,TalentGrade,talentgrade,,FALSE
54c9285b943a2e901b1fbc7e08563a1d,Weatherford,weatherford,,FALSE
3e52a063726dd69543961f8a71440634,Client of Domo Ventures W.L.L.,client of domo ventures w l l,,FALSE
145c2eb7d0d709644a641bab73bafc1e,Shifra,shifra,,FALSE
3db5ed69fa69e4c4e367886d646be9e9,RANCO & ZAMIL CONCRETE INDUSTRIES CO.,ranco zamil concrete industries,,FALSE
608c390ae603e36540785c33db45ef68,NOL Investment,nol investment,,FALSE
5e8a1211466773d45324923a38352097,Premium Food Company Ltd.,premium food,,FALSE
70161606480b1cd1d3667f47c1e7e1bf,SKSP,sksp,,FALSE
1c92c64bc3ce8124c47b75cbeaad4469,Soundlines Group,soundlines,,TRUE
54f807d24848b42b02cbeb7cce03446a,Diaar,diaar,,FALSE
698280e70e25fb49fdf6e8fb7c77f077,Mahmoud Elshreif,mahmoud elshreif,,FALSE
7985b53a7874741ef4fcce7008296425,United Motors,united motors,,FALSE
3189f4b482a3caf81113d485acb93ce6,Elora Al Arabia Trading,elora al arabia trading,,FALSE
c107aa7041c27439ac6cd03803e0186a,Adilstone Group,adilstone,,FALSE
17a60aaba57a53368d1bfda5b4e689a1,Sulava MEA,sulava mea,,FALSE
33f704696114a4558f761e6370bb6d9f,Kendrick Recruitment,kendrick recruitment,,FALSE
83878c91171338902e0fe0fb97a8c47a,p,p,,FALSE
aa9b94cb86e0309ccf6d33885a4bf525,EPAM Systems,epam systems,,FALSE
3ae48398a5d7af3b971185467339e91c,Allegis Group,allegis,,FALSE
d73bfd443039712310f17c0ca02923ce,Updates technology,updates technology,,FALSE
837e7cecfff02a2352a744854021cd78,Dewan Consultants,dewan consultants,,TRUE
1960afa4b896d01faa3625178147725b,King Faisal Specialist Hospital & Research Centre,king faisal specialist hospital research centre,,FALSE
dc2906f9e3d86c276de7db4f23a4fff6,Nextracker,nextracker,,FALSE
8b0fceb6cef5887b7574c8c649c7c533,LeadingEdge HR Solutions,leadingedge hr solutions,,FALSE
8641a803ca700c9aaec857a84218dba6,Falcons Security Guards Company,falcons security guards,,FALSE
86bc0da2eda70d9a48143f5ebb5858a6,AccorCorpo,accorcorpo,,FALSE
e8367e38ba7ba58873d5a5eb12245aae,Advanced Roads and Development Company,advanced roads and development,,FALSE
bececb254664a46a6de41f5e9fdd6863,Rasan,rasan,,FALSE
2f696e23890fee94c69d32d67a042962,The Ritz-Carlton,ritz carlton,,FALSE
ea73e360941f081ee3322eaa7ebfd5cd,Wolters Kluwer,wolters kluwer,,FALSE
ea3f4c46ec10419ba0a7e62bfeb39672,Aaalmutawa,aaalmutawa,,FALSE
64fbbdecaae4d3aa9b1af7541081d204,Crystal Facilities Management Limited,crystal facilities management,,FALSE
58f0f5c4fb7b752052c6891deba088b9,Afaq,afaq,,FALSE
225b2cb2c2214852f8a2342e9d1e31d9,infinityattires,infinityattires,,FALSE
075a3e36a0a52dcbc568c05788e8a713,Medium,medium,,FALSE
7b354e0f496cfbdd85503f66fd7dade3,Bahwan International Group,bahwan international,,FALSE
133e5d7337c51171b96744987b45debf,Antal International Network - IME,antal international network ime,,FALSE
5bf1ed2e34697bdcd9d71390fc70c0ff,bunnings,bunnings,,FALSE
0436a9ed72ae86e6b7028cec1db97a06,Gccia,gccia,,FALSE
b9ff96c3e12496afa04fc8a7c7e72a4e,"IDOM Consulting, Engineering, Architecture",idom consulting engineering architecture,,FALSE
2db5c4a04880cf0c82befe65d221ac76,daa International,daa international,,FALSE
7ac9f7522062562ba2a26f56211b2902,Spa Staff,spa staff,,TRUE
6e510d26b3a02a428a4b42a7b034e596,COASTAL HOLDING,coastal holding,,FALSE
0a8f011ab648ee5d0b259faa0f5082c0,Jobenvo,jobenvo,,TRUE
f7012fb5b29be85f1d0b60fc4c7c80c3,"SmartRecruiters, Inc.",smartrecruiters,,FALSE
928eb8b36494ca56fd9662218906d76c,A.P. Moller - Maersk,a p moller maersk,,FALSE
5f1216cf2bd259b59abe5ddcbd4509e8,Cyberknight,cyberknight,,FALSE
ae9e75439ddea67b41ddd385d7007cb3,El Seif,el seif,,FALSE
fbc268286fc1ef34358a4bedac989d2f,Universal Motors Agencies,universal motors agencies,,FALSE
2836dd4fa226d0f7157901987856a291,stragoehealthcare,stragoehealthcare,,FALSE
e575347b5974e7f5e0fdb84a8afa8b5e,Qahwa,qahwa,,FALSE
45d874200175c39db316077ae943123f,مدارس أشبال التميز الأهلية,مدارس أشبال التميز الأهلية,,FALSE
4f37ac4e92ca406bf077ba1ac6b58e29,Varex Imaging,varex imaging,,FALSE
fa15b564984400550225478abb4cd867,BLOMINVEST | بلوم إنفست,blominvest بلوم إنفست,,FALSE
0c175a746b9d63c0b957d00d7d3b5b8a,Flying Bisons,flying bisons,,FALSE
5bffa0f96c6dc49588b964f5746bee2c,Black & Grey HR,black grey hr,,TRUE
dc8fd83417dc11315efca95d4d31928f,Johnson & Johnson,johnson johnson,,FALSE
4ac0ed830b91e78b508085af29c8f8a0,Jingdong Logistics,jingdong logistics,,FALSE
5a1b3260e82666d6c2935dc0375dfabe,Sabin Plastic,sabin plastic,,FALSE
f1576406b382b7d1c8c2607f7c563d4f,Linkedin,linkedin,,FALSE
a5d88877c47c2500e8ff071e40b1123d,Manpower Solutions,manpower solutions,,TRUE
63b5d49566dad01d7c61b7f01b32d0d5,SAFAHRCJOBS,safahrcjobs,,FALSE
6424532d7e6770f278c68e0a7b2f5cb0,Digital Virgo,digital virgo,,FALSE
c9beacb6d707e14fddcd09b1f39fa0a9,micro1,micro1,,TRUE
1556359aade7662d288b3a8dabd5bf3f,Amaken,amaken,,FALSE
b5690c585f0ee10d53bb0e62bfdc3e0c,CHAMP Cargosystems S.A.,champ cargosystems s a,,FALSE
6fac5e233808f7f4229b250fa1895e40,athGADLANG,athgadlang,,FALSE
2b5dc11484fc18f67ceb1559a8894c60,02801 Perini Management Services Inc,02801 perini management services,,FALSE
cfcca93b9eb0836947a74e3766aaaaf7,Consulum,consulum,,FALSE
46e0f859f0747253d52b6bafa4456b4e,Confidential Employer,confidential employer,,FALSE
a029fdb9fef3b221508a9d0c953ea7a3,Gathern,gathern,,FALSE
d2ccda10db94c2b5d51beed10484c025,HP,hp,,FALSE
b43a115beaa35950fd9c3223b6223cf0,SANA for Electrical & Telephone Co.,sana for electrical telephone,,FALSE
97e32a574aa9ef24f76a81fc43aba6ce,EDITION,edition,,FALSE
6b7fda97a41b9456dc796ef9b9cd0201,Mott MacDonald,mott macdonald,,FALSE
bd6746d3ada77a33e0053f79f8c49751,PulseMediaNL,pulsemedianl,,FALSE
43fa9e046ae6e4e32cf9fb5ddca0f3d1,Esri,esri,,FALSE
bfb5b0bc7fb1b3b775168991b36f6cc9,slihrms,slihrms,,FALSE
bae1ab4e2c6011786a1e0b30e67a00bb,Mallah,mallah,,FALSE
a3a48f9c764182f11efb37ec6f33ee24,Amgen,amgen,,FALSE
7dc854297c7ba653c72ea8f296fc5bbb,Merck Sharp & Dohme Corp,merck sharp dohme,,FALSE
b528597bbe2a4be933673c96a46b8b87,Jareed Hotel,jareed hotel,,FALSE
10863147ef9f2389e4a8607c4f794f9a,Canasa,canasa,,FALSE
4318a896b3cc72680d9dddc418cc7fd1,Omrania,omrania,,FALSE
0302ed1eb47098444e77cff5c6b3b15e,Nascom,nascom,,FALSE
ff8c95a4f614595175e88c187e6ae9f7,Lenskart,lenskart,,FALSE
3b7abd2ab8b7494189af9bf0d217f813,LocalizationJobs,localizationjobs,,TRUE
27e9d075b8e1c68f2d63eb72a4544799,Learning Oasis Int.&Ntl. Schools,learning oasis int ntl schools,,FALSE
ea9f91b2cda019730f2891bd12a7a4d6,eXtra,extra,,FALSE
8b04d5e3775d298e78455efc5ca404d5,The First Group,first,,FALSE
d00620898a7e76bea9269c32de5ffef0,MapleClass Education,mapleclass education,,FALSE
72c8ffdfb014b78c9bffc3e2dcddbe26,ali ayod,ali ayod,,FALSE
45f97c1b7c33775ea37f29ce4b50d931,ChampionX,championx,,FALSE
95b3880cfd1948c3b3b6bbef439eb9a9,Kafou Medical,kafou medical,,FALSE
ac9768e5a86f78d17cf5ac2f3273bec6,Wtsenergy,wtsenergy,,FALSE
9ca75bb567ae5aca5665f7113b833903,Doolab Agency,doolab agency,,FALSE
77539a26fb5c4d0af80d43a295bb6053,SLS,sls,,FALSE
d2c0939d45561765ba78cf509bc6eb30,Delivery Hero,delivery hero,,FALSE
70a88716d5798f95b69cbeeff20a7bc4,Mazaya Althaminh,mazaya althaminh,,FALSE
b1334ce6e5c5ae74cad9f718f94865b8,Welo Data,welo data,,FALSE
3019808f7ed273a831aa83396b14096a,Jeddah Central Development Company,jeddah central development,,FALSE
196d4d43234bde6a652e5124b3b36a30,Honeywell Technologies,honeywell technologies,,FALSE
b1dc0acd0eb4ed15edcfda976a53e547,Exselens,exselens,,FALSE
44c6461895c2c2c7a2f0b65501248a62,Saudi Services for Electro-Mechanic Works Co. (SSEM),saudi services for electro mechanic works ssem,,FALSE
9e2bef6895bdef27abfa9d36f5d99379,"Jeddah Knowledge International School
Saudi Arabia",jeddah knowledge international school,,FALSE
df98d265fc651a91faa09d4e82f096cc,Hyundai,hyundai,,FALSE
42ce2f91530a3e22f4112ac9c069de75,Takeda,takeda,,FALSE
6ea625d52fa28814beac5dae1db0a3ed,KPMG,kpmg,,FALSE
c9d0834dbe95f321b4698cef81fc68af,Delta International PK,delta international pk,,FALSE
0269450afa62c05b6e9fe24ea5392625,Saudi Entertainment Ventures (SEVEN),saudi entertainment ventures seven,,FALSE
c53504885e14d2bbd4148d7d5e86f7f5,Sentara Health,sentara health,,FALSE
429c3b39cb12aea6dfd6674afeef4de4,Concourse Of Civilizations (COC) | ملتقى الحضارات للصناعة,concourse of civilizations coc ملتقى الحضارات للصناعة,,FALSE
15d7000797a33d7af16c9b052f852768,Careers International,international,,FALSE
15e206b18b28acf2bcf559eed4261e19,Praxis Tech,praxis tech,,FALSE
cc1488e219b3337f43d0cae1e9b5d934,Extreme Networks,extreme networks,,FALSE
436a7a32aadb9f35ef9b3cca12392234,Al Jomaih Energy and Water (JENWA),al jomaih energy and water jenwa,,FALSE
995c256e5a74475fc7863ad151ed024b,Sofitel,sofitel,,FALSE
666d3a7200f2e9a52dcbd9085ebc1af1,SABIC,sabic,,FALSE
5f75e58ab20e946c61279571b575a747,Philips,philips,,FALSE
0d8b3b153cd1e93db602a7b4812e510a,Acad,acad,,FALSE
8b85fd111650f65f3351d8fd1e99f58b,HanmiGlobal,hanmiglobal,,FALSE
7e45077f795f458269ea81508cf8d8c7,Bupa Arabia,bupa arabia,,FALSE
70d6b11e841cb8c771f9b26bd7e5f069,Oman OnlineConnect,oman onlineconnect,,FALSE
6db4b5d7518698318e06a866a827b1b6,Alzan Almutatawerah,alzan almutatawerah,,FALSE
e87f8cc488ffa46e1bd975b6db6f62d7,CosparkAI,cosparkai,,FALSE
86c050280b34eae26ab7f4f729b41d4d,مجموعة تكامل القابضة,مجموعة تكامل القابضة,,FALSE
fad1b2394f7ba4de93c7baf9d7d78b33,Dome Development & Contracting Co.,dome development contracting,,FALSE
daa8486fd9ab5e3ec9435d99e9f2a47b,Digital Channel Company,digital channel,,FALSE
5d4201e8c519a90756710fa41bfd55ef,Imploy,imploy,,TRUE
8b86f9bb91161080a4fcbb1b3b43e7a7,SPIE Global Services Energy,spie global services energy,,FALSE
5d8de723da27b94f2afa351d322582e5,SYSTRA Design & Build Team,systra design build team,,FALSE
-1,Employer not disclosed,,,FALSE
25dfc7b15d175754376c543f27b78828,CREALOGIX,crealogix,Banking,FALSE
a6f27a5ea57a91f9c222e363c6bdbf30,Lamdax,lamdax,Information Technology and Services,FALSE
f9ef4183e3dc51e0cd2f20fa830b1832,Swiss Hospitality,swiss hospitality,Hospitality,FALSE
c959c2cd4962976e38ed2af68068d50b,AccorHotel,accorhotel,Hospitality,FALSE
587516af1efac0b9293f31639c6c31f3,Datadog,datadog,,FALSE
ca945b5d0ac3ec323a478fc275587859,Signature Staff,signature staff,,TRUE
cb964eac9cd9130bbb86ea002d4748c2,Havelock One,havelock one,,FALSE
28a34010e84b881fb087359c7e280a08,adidas,adidas,,FALSE
d346a3d7dd4efeab7984688d2494b84a,Virtual Hire Staffing,virtual hire staffing,,TRUE
14b86027073cfbb1887809c19eec9dc8,Nestlé Saudi Arabia,nestlé,,FALSE
25ebad1c8e77a017be1abb8447c9b9dc,"PeakNet, LLC.",peaknet,,FALSE
2acae8be44a70913481e66dd2cd3f761,Euro Group,euro,,FALSE
5b706093b9d50ab6797185ac17674599,Stllr Network,stllr network,,FALSE
3ed9b95e4b6f2c345836def81e570ef1,Zain Group,zain,,FALSE
a1f5fbe0ca2156ed4c7c39d31525b650,Swissport,swissport,,FALSE
cab5522e8353c0fcaffd177571780c91,MbA برغر,mba برغر,,FALSE
c89bfbcfbf90ac62e16805971e16e701,Altkom Software & Consulting,altkom software consulting,,FALSE
496254befe588fd09044bbc72c0ef103,LEO MEA (Middle East & Africa),leo mea middle east africa,,FALSE
258a16cb99b53d3fc227c0e03a18fde9,Jobmaze FZ LLC,jobmaze fz,,FALSE
f7a884160eb38da3fab0e7435d268986,KBox Global,kbox global,,FALSE
66009668b83c4050e3ba8580088ce987,FOL Management,fol management,,FALSE
08cd54412ac0ec78b4a928e486ef9e20,Ecolab,ecolab,,FALSE
0ed50fa91af6fcc8b665064db4672187,Mnzil | منزل,mnzil منزل,,FALSE
62acc8398424fdf25d61b81de110a4e6,MBRF,mbrf,,FALSE
f8d023d5f3ee00aaaee3266095127edc,DataVolt,datavolt,,FALSE
901fa16a367d16366571b5372861dc95,Saudi Ceramics,saudi ceramics,,FALSE
ddacf9c009a8b583c16eedde6e1ad970,Radisson Hotel Group,radisson hotel,,FALSE
7aab90ca5a274dfe44f14f68ab9bed02,Power International Holding (PIH),power international holding pih,,FALSE
f117340caed65fea2d5f617e42cf3198,Onshore Technical,onshore technical,,FALSE
412614904e7f03cfa1243c7deb6687c2,Rentokil Initial,rentokil initial,,FALSE
4a58eefce6645dd9073f919a5c25bec0,A Leading Company In Saudi Arabia,a leading in,,FALSE
3fcdb73d36d54f2cc22d0f68e6b6e182,Form,form,,FALSE
d07149de0df2f52ec34d9ef82bccd297,AB SPECIALIZED CONTRACTING COMPANY,ab specialized contracting,,FALSE
8d635bda00368757e21471900f0c2765,Aroma City Group,aroma city,,FALSE
0f684762a063fe2e486df5ee56da159a,Accor TR/TR,accor tr tr,,FALSE
04b978babbafcc32351732e2ba61db9a,Getfilecloud,getfilecloud,,FALSE
2ffa7eaab0deb4f9b5e6771489dc2145,Mohammad Abukweik,mohammad abukweik,,FALSE
2bbc6688156771056147d6495fd0c668,Conclouds,conclouds,,FALSE
141b1e16817541848dea55b49eb568ee,Nama Arabia,nama arabia,,FALSE
2a33be825fda52c88cbc0aeb2a257e2d,FileCloud,filecloud,,FALSE
8ce16a232db4e9086a115db7d0c1899c,Noon Academy,noon academy,,FALSE
9f44c1faa91c722c0cc96ebd56832018,Advanced Circular Materials Company,advanced circular materials,,FALSE
f5cc1f7001f8bdf99d3d09e4822179ec,Park Hyatt Los Cabos at Cabo del Sol,park hyatt los cabos at cabo del sol,,FALSE
0a6013fbe5f3ae8fe1ac606dd4d3d6b1,Alkhorayef Petroleum Company,alkhorayef petroleum,,FALSE
07825489b88214ddd4003f8b1068ade8,Americana Restaurants,americana restaurants,,FALSE
a6137e291fa010db6ec6304775d9178f,Rosie's People,rosie s people,,FALSE
8b17c42c29b7cd0b782641e95d724cb3,Cool Tera Contracting Company,cool tera contracting,,FALSE
69ce2945fdd4a0619eabd7cff77f3e95,ASGC General Cont. EST,asgc general cont,,FALSE
6cea0ccb45702decf2fff21f9f2d97ce,Alstom,alstom,,FALSE
5685cc38e73ab2425ea2134293288f12,National Association of Women in Construction,national association of women in construction,,FALSE
8bf52200aff3c5c307353709f6b06cca,Vitamin Well Group,vitamin well,,FALSE
376087a089a8da9f3811769df5d58b53,Tishman Speyer Properties,tishman speyer properties,,FALSE
58eef294b54847752782276ffad32967,CTG,ctg,,FALSE
f587fef703f27de95641fcbfdbb832bb,Fugro,fugro,,FALSE
ca2c62701e349d762687f732c3e86a39,Dell Technologies,dell technologies,,FALSE
399ab63b99829f5649011cf10386c7d2,Insoul انسول,insoul انسول,,FALSE
2fbd0213b20011a33d8c54fcd88f6474,Walter P Moore,walter p moore,,FALSE
5c93edd7ead964b7b217af774259ea43,Tanmiah | تنمية,tanmiah تنمية,,FALSE
d287c93930d7fffc7215a68222d15b65,Jet Aviation,jet aviation,,FALSE
0645419cef87eb9ad38f00be280a851c,LVMH Group,lvmh,,FALSE
ebb2ae3ba8cf7f07f887d7d5fcceea48,Ejobsboard,ejobsboard,,TRUE
ce1682f9263e89aff8cb51d03bb2b79b,EvoResume,evoresume,,FALSE
c3ab141aa6259c4bebd7fd772449d968,Jobskey,jobskey,,FALSE
3c7774fd931cddd5103f12d9fc4dcd2f,Vulcain Engineering Group,vulcain engineering,,FALSE
baec6461b0d69dde1b861aefbe375d8a,Icon,icon,,FALSE
ca8eff25c81d14dc88c380be6baa2259,SATORP,satorp,,FALSE
93362a4d1a22f9af0fdef6061c144d02,Checkout.com,checkout com,,FALSE
6450fcd2e4abe337c4423880192fdc7d,EY–Microsoft Alliance,ey–microsoft alliance,,FALSE
b880ba9d091ca4190528fd42673ae927,Samaya Investment Company,samaya investment,,FALSE
a243d9efeb25a2ddd7a3af475b18c5b8,Tamkeen Advanced Co. Ltd,tamkeen advanced,,FALSE
718bc8e0240f7c577e6f855ee19c4da7,We Deliver,we deliver,,FALSE
9bb35421e6c3381c187f207276db0f0d,AquaServe,aquaserve,,FALSE
d92a353787b4068bba618010225bc5b0,Valmet Flow Control,valmet flow control,,FALSE
3710e8fcc6211c124f5d5c9095e8543b,ABDULRAHMAN AL BADER SONS CO. FOR TRADING AND CONTRACTING CO.,abdulrahman al bader sons for trading and contracting,,FALSE
04437c851188d16c1d1bdbbf6246b5bb,Small Biz CFO Services LLC,small biz cfo services,,FALSE
95746e3c3f2c2c2e5c74e5286117f9fb,Islamic Development Bank (IsDB),islamic development bank isdb,,FALSE
132765407aeb38b7b5febb28e8f3cb2d,EPF,epf,,FALSE
1a1e02c02ee737b95e448a94c84c23ed,Haier,haier,,FALSE
7525e06bde199d1e46eb97fa3fc2e7d1,Edraak International Trading,edraak international trading,,FALSE
e0b7eb9c95d7d7451ffa2c8affa5297d,Saheel Investment,saheel investment,,FALSE
7a168b23afb2469a61f46ed61892583b,KinFitz & Co.,kinfitz,,FALSE
0e680cb24eed34997f6226e6af2d5a5b,Aanaab,aanaab,,FALSE
1224591bd97cdb243d2e603ce488d408,Urban Ridge Supplies,urban ridge supplies,,FALSE
19f4f8fe9cf92711bbe79555c76c8a78,Katch International,katch international,,FALSE
0499b0309e320f03532c5c89fba17bb1,Focus Infotech,focus infotech,,FALSE
93b0fa44981118e4272842a51a3a6fe8,Puratos,puratos,,FALSE
a559cd4f6e596f9a5e09eedd6ff650e7,Hany consulting,hany consulting,,FALSE
827647652d2b48972b11b69b8b3f0aa8,Career Group Companies,career companies,,TRUE
c0d8efe943044bb216c764c653f3d088,Bandariyah International,bandariyah international,,FALSE
cbc828a6abf9fb69b1ff24941c74ea2d,Halliburton Energy Services,halliburton energy services,,FALSE
26f8d5c6540c7f46ad1a51a311052c57,Client of M. GHEEWALA GLOBAL HR,client of m gheewala global hr,,FALSE
4f6cde8f15c08fdb915b22f09340665a,Lg-Chem,lg chem,,FALSE
7e2c6a106976405ba66db48692416fcf,Jameson Legal,jameson legal,,TRUE
424ec260a8c712dac188851c4335cb71,CAROMOTO,caromoto,,FALSE
16633a84eeaaa5fe49c034eeae3b4620,H. M. Al Rugaib & Sons Trading Co. - شركة حمد محمد الرقيب و أولاده التجارية,h m al rugaib sons trading حمد محمد الرقيب و أولاده التجارية,,FALSE
fe3838c7c11aa406dd956566e17360d5,PER,per,,FALSE
98067f6ef011742b15e6058ebdd61627,Trendyol,trendyol,,FALSE
9a54bf7cd3aa8ae4ade9a2e7c87623cf,Abdul Hadi Abdullah Al-Qahtani & Sons Beverage Company (AQS-...,abdul hadi abdullah al qahtani sons beverage aqs,,FALSE
4fcd472fa223a9f5f9e8acbd52730e11,FOX GLOBAL ASSETS LTD,fox global assets,,FALSE
054d972d752c7e2c8d18dd5ed8c3ead5,IHG Hotels & Resorts,ihg hotels resorts,,FALSE
d52ad56dc86060fe7d2e7346640edbd4,Rotana Hotels,rotana hotels,,FALSE
ce2e9ff4209875c5b2f8625cb2afbb35,A.P. Møller - Maersk A/S,a p møller maersk a s,,FALSE
1b9ddd28cdf64e31cff6c5dd352e9b2d,State Street,state street,,FALSE
f860e26602c2e3ff77817c77dbe5cec7,Emperor,emperor,,FALSE
55ab5f4c946808b6d3e4dc7c11c67de1,Blue Yonder,blue yonder,,FALSE
93fc2f41c4ad36d1c75ad2aedeea1bfd,"Aldenham Prep Riyadh
Saudi Arabia",aldenham prep riyadh,,FALSE
08e15625941c63a8ec06bf24f44a919f,First Abu Dhabi Bank (FAB),first abu dhabi bank fab,,FALSE
cf4ba8555a9ec9773d7847e94d7ef23a,Energy Tech Prime Trading LLC,energy tech prime trading,,FALSE
4feae074daee3bb59491fe68e6c802b9,TELUS Digital AI Data Solutions,telus digital ai data solutions,,FALSE
6414bb30348dc006995520feee3e2f86,Anixter International,anixter international,,FALSE
e6ea30b087c110ff3ecf7bd46bc3da67,SentinelOne,sentinelone,,FALSE
873a56c9e8f50e947f07fef8985d9185,EagleBurgmann,eagleburgmann,,FALSE
4f88158431f6846616e8d450076d68ea,3sections,3sections,,FALSE
32cab8d5115f0c7814994a65257e2014,Rubix,rubix,,FALSE
000e1a0ffc427f7376efacd59b5034f2,Tarshid,tarshid,,FALSE
fc24e58fa3775bae5524f776f9e57ec3,SBM,sbm,,FALSE
425f9ae7f0ab5f5a3bc0356296aae21d,Artepreneur,artepreneur,,FALSE
8677af7617dbd74c412a86c8bd8d9c1f,Mercure,mercure,,FALSE
9da1b2e0fbc809e2a39851f55002b753,Marsh McLennan,marsh mclennan,,FALSE
a5fb419a7f55ebac453e52fa178449e5,Nexttec Technology Outsourcing,nexttec technology outsourcing,,TRUE
514f5bfd7cfe960a35f7c451ce6ad39f,Kcal Management DMCC,kcal management dmcc,,FALSE
f423c80b5daa78b6762e9d4f15da360a,Golf Saudi,golf saudi,,FALSE
762618f02276391dfdc26da5143efada,Saudi Diesel Equipment Co.,saudi diesel equipment,,FALSE
3091256886fe4cc3ef13efa6cb49afef,Dubizzle Group,dubizzle,,FALSE
f7246ad9ea9fc2d3102195774c219a3b,Uzaif,uzaif,,FALSE
72a386ae8bf72239ee218af1ed59b940,The Arab Lens,arab lens,,FALSE
4930277a466701ec1d086a9326707620,ابوبكر مخيزن,ابوبكر مخيزن,,FALSE
df373736a69a6cc7c5d60c6b71875a84,iHR (International Human Resources),ihr international human resources,,FALSE
ee40a365df521460dfc2eb29930fc82d,Sutherland Global,sutherland global,,FALSE
a73bc03add4d008b9cc70531b21189f0,Vanderlande Careers,vanderlande,,FALSE
0382c30335c96a0e178bf36b3beffdda,Mohammad Zaid Shaikh,mohammad zaid shaikh,,FALSE
8d7ab2952fbe1ddb25f630dc93589dfc,Tamer Group,tamer,,FALSE
ac7ef194a58c5342e954b8bc25ec19f1,Highness Development General Cont,highness development general cont,,FALSE
b9f03d95f63663db40346bbec8f24d54,"UniSeal, Inc.",uniseal,,FALSE
99e008f904954ce68d16bc73546af721,DiscoverMedics,discovermedics,,FALSE
3a8bc2428ab09c0253e4b75e5d23be5d,Fashion Institute of Design & Merchandising,fashion institute of design merchandising,,FALSE
b1324149f7eb68d93bec3f2e21945e31,Mirror Prime Company,mirror prime,,FALSE
f008183e55112c9f2f29ea47c1594313,روضة علم وبناء الأهلية,روضة علم وبناء الأهلية,,FALSE
a29952e04ac9d7bbe816e7db30bfbd72,GymNation,gymnation,,FALSE
2ffe426e8749bd346844b2cbec49983f,SylvCare,sylvcare,,TRUE
ea4652a50b8c0037193c38cce73bd353,Inbound Educator,inbound educator,,FALSE
21e63c2db783e745d756c6492db3fd2a,Al-Ibinali Recruitment,al ibinali recruitment,,FALSE
4f071c151917a926c79b6399b99bfe7e,TechnipFMC,technipfmc,,FALSE
4b76b96f7190c169dc1eb2e3f847d9a9,Creative Artists Agency,creative artists agency,,FALSE
565ca5733c554514d1ab2e15d6cf87d6,Eurotech,eurotech,,FALSE
814a504a21f971176da66daaafd83cf4,Hermas International Company,hermas international,,FALSE
f83933d78412b262f35b57e88f4d4c1e,Inbox Business Technologies,inbox business technologies,,FALSE
d891d8126bdc1b485a0fdf4dba78d364,V2X,v2x,,FALSE
b99a7988821c20618f2f3676083ed387,Rotana Jabal Omar Makkah,rotana jabal omar makkah,,FALSE
192e564de072814bc4604a8456d81a4d,Ansar International Co Ltd.,ansar international,,FALSE
c3669d582cfa13f457d7abb29fd4c80d,Uplift People Consulting,uplift people consulting,,TRUE
329fe4359b02a5c264007b4a529c604d,Disguise Technologies,disguise technologies,,FALSE
f9b553fb78c6f45bb61dff48cca8e20e,Sulaiman Alrajhi Holding,sulaiman alrajhi holding,,FALSE
5645f4fb9099f21c5301f8068f75c28d,MCG Talent,mcg talent,,FALSE
dbcb0d455a9db7b349f1ea3d9dc3f3f0,RTX,rtx,,FALSE
13600c35f670399558b67b4202347b39,Fursan Travel,fursan travel,,FALSE
e8edb70d91fa1a40a117adc72c566961,Nahdi,nahdi,,FALSE
1259da135a06199582b8d851414f24e8,Alshaya,alshaya,,FALSE
cf3fec80c5abe7e096c7d81722499ee1,SkyPoint,skypoint,,FALSE
929801e8a84d51165d36964defd40357,Clubshop | US,clubshop us,,FALSE
928445642176206e0b3a34db74aeeef6,Gameball,gameball,,FALSE
6fefb7a91e04e290b09acb6ed948d785,DTEX,dtex,,FALSE
fde57660336fbe21a838c37039018ee4,Calo Inc.,calo,,FALSE
8fcb551e2409e0b89969a3435353adf3,EjadTech,ejadtech,,FALSE
a18dff49bc257f4c7ab83eafa5d1730d,شركة توظيف,توظيف,,FALSE
2ddaacf0ce9ad89368f4447e7b95993a,Saudi Petroleum Services Polytechnic,saudi petroleum services polytechnic,,FALSE
e7bd48ec7dfe3df9a835faf94c06f738,Premium Solutions Consultancy,premium solutions consultancy,,FALSE
16ad96156b999ddcb56e58acb3c7e890,شركة قساور للمقاولات,قساور للمقاولات,,FALSE
1077fb00be14c2ce71cb56cd4ff7a856,Nextracker Saudi Energy Co.,nextracker saudi energy,,FALSE
3e93d9963929ce74df82301d5becf5f5,Confidentiel,confidentiel,,FALSE
4c77d4131848c4a53f3b9607bc1cbb16,JAL International Co. Ltd.,jal international,,FALSE
dd4fe25c469bbb14d99b3868be3ec883,ThoughtWin,thoughtwin,,FALSE
b5d63635159071e83028f0b6a1fb82a0,CXG,cxg,,FALSE
5b9f6c0ce0d3658001dc9df0ae7b020b,Al Hayat Investments Co.,al hayat investments,,FALSE
b0c90584f3758896c8d76a9bc349ad12,CSI Global,csi global,,FALSE
6c7d0b0857b474f06d345aeb445411eb,Raffles,raffles,,FALSE
e96a479c49f59f0f9e66875d0d856ab6,Accenture,accenture,,FALSE
e9f5a517244854ebfb4179a6a1579bfc,Ajeer,ajeer,,FALSE
3b0a306e2300b7b87a735921a27fc8e0,RNS Technology Services,rns technology services,,FALSE
f751d77c11ae82dc1bd86ae89f9b6693,Algo App Digital,algo app digital,,FALSE
ef605ea5c62cfca570460e19c56c3985,Nassr Albarakati & Associates Law Firm,nassr albarakati associates law firm,,FALSE
6168c645550b2b093e60e183c8bccf03,Buroj Al Madinah Real Estate Development,buroj al madinah real estate development,,FALSE
cb51ced87ef1b866f92909f07683c178,DefineX Consulting Inc.,definex consulting,,FALSE
b491b6ece7823c3f50d711b7e991bf21,Hempel Paints Kuwait Company W.L.L.,hempel paints kuwait w l l,,FALSE
b78915528e2bbf59f62acd2675214f1d,THE PRODUCTION HUB LLC,production hub,,FALSE
f385077a5eb6816ac2747fa47dc1792f,Enfint,enfint,,FALSE
5276bd7b30f0ff2b106f6587776fccc0,KEO International Consultants,keo international consultants,,FALSE
cec905659496bddbeb987d48264000e6,ahkgroup,ahkgroup,,FALSE
5ff620a15d17f730352c0493b48bd003,Recode Advertising,recode advertising,,FALSE
a6a859a5aaf4e4cf587ed6e3351dbf19,Cenomi Retail,cenomi retail,,FALSE
35348e2ee686950126abc5ce1f292dd2,Western thompson,western thompson,,FALSE
77da9ce98d04f7c066108b2f5ee6d64b,Talent Diamond,talent diamond,,TRUE
328fac00456db7417b870688cd3a7a59,Hamat,hamat,,FALSE
def6d90e829e50c63f98c387daecd138,ERP,erp,,FALSE
69f5443950f43861f7c77529fabc4d79,"Scale AI, Inc.",scale ai,,FALSE
9ca8ee2fe342ec0079442ffa039bf8ce,Fit Staff Recruitment Agency,fit staff recruitment agency,,TRUE
0a89834320f05536388a150b5792f218,YO IT Consulting,yo it consulting,,TRUE
ff67d7c72e3b231c5067d3e1ff0dfa53,AIQU,aiqu,,FALSE
79f90fa3cb1c95755a30f91fff2d39f8,AvePoint,avepoint,,FALSE
9ddba9e72f95ccd77d0b255c4513e3dc,Gymfood,gymfood,,FALSE
5dd9676c4f5562b57ef4ff662814069d,National Security Services Company,national security services,,FALSE
2854811d46e02b5e2227172b15756c51,Musco Sports Lighting,musco sports lighting,,FALSE
10276a1b0a5709b64dd155d8f65992e3,Careerwebsite,careerwebsite,,FALSE
a65c291c55a45eb5b1fae1dc9d31954b,SKM Air Conditioning LLC,skm air conditioning,,FALSE
3a5f1bb498d382de7dca2c95d834d3b9,Jing Hau,jing hau,,TRUE
b82b8e6f4b655a0610f018e5211148ed,Dhahran Techno Valley,dhahran techno valley,,FALSE
4a4ee9175dce2cdd43431df13f5d9471,Dupont,dupont,,FALSE
1f396ab56e43337b7ccd7ef892d84c7e,Christian Dior Couture,christian dior couture,,FALSE
fce2bd9e8551117cc50000ce8d05e8cc,مدارس دار الرواد النموذجية,مدارس دار الرواد النموذجية,,FALSE
a8edc36e82f3c84d56a9d1cec00d9658,Cross-Cultural Training,cross cultural training,,FALSE
9c38c5b7c8c85cba49c106f6a1853f05,CareerDubai,careerdubai,,TRUE
d54e0171506b7e5495b3a28157d35df8,Misk Schools,misk schools,,FALSE
0437d04396413bc66bee0fb3fe553685,Hunter Amenities International Ltd.,hunter amenities international,,FALSE
89e0dd63c08841312016b92c554e2496,Petrogen,petrogen,,FALSE
a5be6acb9b14f075c59835e65369e621,Kpler,kpler,,FALSE
24fc10cd444d9f6974de82ef95ef5587,SGS - Saudi Ground Services,sgs saudi ground services,,FALSE
d92cf18a48b1cab8da0407a7af40b916,أسهل التطور لحلول الموارد البشرية,أسهل التطور لحلول الموارد البشرية,,FALSE
5b01d37321440ff2a0cef3726acd79f0,Envision Technologies,envision technologies,,FALSE
9cd78f1a0eeb365ab7e3b8c6b7644107,Rosewood Hotels and Resorts,rosewood hotels and resorts,,FALSE
6713a3574647e43a099fdffc2a2c11c8,PECTIV®,pectiv®,,FALSE
5664905910de7756ed3a793e0b6934b2,ElevenLabs,elevenlabs,,FALSE
8ed030f8a8dcb189da7b3c3fa8e9c5ca,Everysky travel,everysky travel,,FALSE
4baedb3145c4397bc23f201c7219bdeb,ArabyAds,arabyads,,FALSE
ced7bf3d05b123c217034029f867a803,abaq al ilm,abaq al ilm,,FALSE
fb18adf9c48a1d7fab4187045fbf2a62,"Halian | Managed Services, Recruitment Agency & Contract Sta...",halian managed services recruitment agency contract sta,,FALSE
261f6f452d27b7acc61cc8f0a15b31ef,Kinetic Business Solutions,kinetic business solutions,,FALSE
fe5c77455c7b05e07432a132b72f4eb7,DWP IT Arabia,dwp it arabia,,FALSE
21db4a5fea0f4dedb0aa90007de5c3c3,EOS Corporation,eos,,FALSE
1803b978b37fc181e6dc531a8b362d4a,Le Meridien,le meridien,,FALSE
54829f374d34097265a3d26929922b51,Awn Enterprises,awn enterprises,,FALSE
1daf7b34ffcffdb77ecc3f061e191105,Higher Institute for Paper & Industrial Technologies - HIPIT,higher institute for paper industrial technologies hipit,,FALSE
5e007f84d834868a01eeb9eb89c7be89,InterContinental Hotels Group,intercontinental hotels,,FALSE
18be376bd3fe57cad1635c1918d2837f,Hilton Riyadh Hotel & Residences,hilton riyadh hotel residences,,FALSE
2595eba8242c730e8d7017c13b836d62,Saudi Motorsport Company,saudi motorsport,,FALSE
4db2ee5818a35bb75c9612f6caeba3f4,SYSTRA,systra,,FALSE
025367b031b3380b4c1361057a8fa285,Oil and Gas Job Search Ltd,oil and gas job search,,FALSE
c23de7fa4e74ba60e0197bf7bbc2735c,Oliver Wyman Group,oliver wyman,,FALSE
a14e609f90380972b805b061b6bcd287,SBP GmbH,sbp gmbh,,FALSE
59072986681227d12b5a54e7c0021875,IPS-ENERGY Australia Pacific Pty,ips energy australia pacific pty,,FALSE
bbf0831513c7d3ea4eef12aa5c558706,أفنية للإستشارات الهندسية,أفنية للإستشارات الهندسية,,FALSE
0938b10f0980e192ef2e8e77caca1338,Rebootmonkey,rebootmonkey,,FALSE
1c8491a30d62d3d30f1a8c10ea34b30c,Siemens,siemens,,FALSE
a63b817c4291b08dbb5060500dba312d,Elbait Consultants,elbait consultants,,FALSE
5d7241e307e4911efe2c4e6978bc0b61,Franchise Location,franchise location,,FALSE
4ccf66c9210503d0543aa2d178a28c51,Louis Vuitton,louis vuitton,,FALSE
b38e643c047af507594bf8fa5125ae70,Marakez,marakez,,FALSE
a500d76befa354b9183f5d25b8bc51db,Al-Futtaim,al futtaim,,FALSE
ddc6f4f470b332c84462dd3f526e6304,Tata Consultancy Services,tata consultancy services,,FALSE
06e8ac7044098eb5fd68c3ece563a8b3,RIME,rime,,FALSE
4b3590b036822dadf2dc2078c83d49e3,"Alpin Limited, Masdar City",alpin masdar city,,FALSE
02a8dc4cf01fed584c6423f577c0b0d7,Pulse,pulse,,FALSE
065d6aca7fdb62b5c658c5f15f095e5b,نظام العمل:حضوري في مقر المنشأة,نظام العمل حضوري في مقر المنشأة,,FALSE
0b4102c69526e0a078051596e282e648,FedEx,fedex,,FALSE
e8060fb619a53767cfa0c2749637fa9c,Algebrass,algebrass,,FALSE
44755dbd50dcfa5d246ba00f6612dc97,Organisation of Islamic Cooperation,organisation of islamic cooperation,,FALSE
d4277f5bdd38ca210dbf498f29dfee3c,Yokogawa,yokogawa,,FALSE
3c6857499c1d3305fe26876d8eceacb3,Fugro-Geoteam AS,fugro geoteam as,,FALSE
2bf76cc5a302cb80a8cb1eab14d6f795,Prestige Talent,prestige talent,,FALSE
e7e6eb993fc20002503f2fcffb877d0e,KAUST,kaust,,FALSE
518d5f3401534f5c6c21977f12f60989,Nana,nana,,FALSE
d2486df297a32240974b74dbab0d9c3a,The Family Office Company BSC (c),family office bsc c,,FALSE
5837e8859a6244616022ab3e83293aa1,Fakeeh Care Group,fakeeh care,,FALSE
3e55acfaebe751bb81e377283e5155d7,RemoteConnect,remoteconnect,,FALSE
ceafcd0334e5685653975254aebc7226,Acquisit,acquisit,,FALSE
88dfb4a8c78b7340e1ac48e61551d73c,CrewTraffic,crewtraffic,,FALSE
091fb15339cf9482f637a43a1f3182b4,Misk Foundation,misk foundation,,FALSE
3201cdecd3d1e259cbbb2a00b1f8c09d,The King Faisal Specialist Hospital,king faisal specialist hospital,,FALSE
c5f5ed2d2a15ee7bc18e3a4632873aaa,Areeb Human Resources Company,areeb human resources,,FALSE
1a54079b447ca290221ccbbfe0df2573,Coty,coty,,FALSE
412ae26c97b10f793ade9750019375b9,Devsinc,devsinc,,FALSE
725bc03ed5b38a9172a6c2902cf3183c,International Maritime Industries,international maritime industries,,FALSE
d4b4e6fd45bcc7caac710dd4884de5d9,Diaverum Saudi Arabia | دياڤيرم السعودية,diaverum دياڤيرم السعودية,,FALSE
0b34d4d93e36e8a56a83a554f5eac2c5,ALI AL ZAYER COMPANY,ali al zayer,,FALSE
0de54be692d77edfe816dff59fffad6e,Tarabut Finance,tarabut finance,,FALSE
b3af1dcb4b6a72ab48749ea3bb2a6dbc,AL Nariyadh,al nariyadh,,FALSE
04ec8849ef861b8362b9567743c7b4e9,Morison Global - Modernity,morison global modernity,,FALSE
7fa39628b913b51878fa2cb660a94304,Premium Solutions,premium solutions,,FALSE
aea52cc96af1df17259f333349bf00d7,Innovation Consulting Group (ICG),innovation consulting icg,,FALSE
c9ff055d5178c1e5686eb62017e3c4ff,Elevate,elevate,,FALSE
f172a277cadd679b3da6204697cbc0ed,Al Najm Al Saeed Company Limited,al najm al saeed,,FALSE
480d76447281504d979ae5885046d1a2,PerfectVision,perfectvision,,FALSE
c7a9eb04293c28c2e4b167e0621819cb,Olayan Saudi Holding Company,olayan saudi holding,,FALSE
5bf4c16d7fa734c98fb64612a6038542,Immersive Labs,immersive labs,,FALSE
e74bc8417c6e76905c13675e48644976,Alomar Holding Company,alomar holding,,FALSE
1d087f481d077f8606b39f369574cd77,Atmaal,atmaal,,FALSE
55b598b2fc5126861d3b1caa323cb95a,Dar Al Omran - Rasem Badran,dar al omran rasem badran,,FALSE
509be2b53298c81e4d0a8c76693bff6b,Galderma Arabia Limited,galderma arabia,,FALSE
26af2eb0f27b9ec3dae6646046f7f510,DWT Technology,dwt technology,,FALSE
cd0f3ddd63f7337c1f92cd461ece86ac,airliquidehr,airliquidehr,,FALSE
c9c078f1473283754b3cecf4260e565c,Hiredge Solutions,hiredge solutions,,FALSE
abd715a4c4b1e266e12f8242c62ea9dc,Royalalwaha,royalalwaha,,FALSE
a30e44047bce443acfc32c4531793263,BBI,bbi,,FALSE
0e58cf8ebf821c39fd270ca0f4eb861c,eSense,esense,,FALSE
f861d5d656960fbfd19a9568c12b8809,Everpure,everpure,,FALSE
ea9827e9ad232af00af77b2375693568,Safira,safira,,FALSE
a55768969bf592e31f66fc72ebbfece1,HUKMA AL-KHAIR MEDICAL CO. (Fal Medical Clinics Complex),hukma al khair medical fal medical clinics complex,,FALSE
d76cd9bc3b204086be13d905df980182,hudsonmanpower,hudsonmanpower,,FALSE
35e2ed54bc620990eb50485888f1d490,Branch of Sterling and Wilson Data Center Private,branch of sterling and wilson data center private,,FALSE
f0e88ef257d398baa21d1ff615b09021,Ma'aden,ma aden,,FALSE
21f6eb7ce87f4178c4a15a4b1331af8e,FuntoRecruit,funtorecruit,,FALSE
1349191499f8bd75f612e529981431d6,McKinsey & Company,mckinsey,,FALSE
5a7008ed7a9af24fb2d83c092682a215,FAB Contracting Group,fab contracting,,FALSE
5d050bcd7dd3e3a84700da79b6a9b057,Kudu company for food and catering,kudu for food and catering,,FALSE
6ce207e8f7bc1afc40ba5e1d8a181478,Managed,managed,,FALSE
197002c408a605b3c31ee6f83564a557,Osooltree,osooltree,,FALSE
3e21d1dcd59f3d22b0083468b72ba30c,Saudi Aramco Base Oil Company-Luberef,saudi aramco base oil luberef,,FALSE
7801366782c73874aabc3567f5d3b621,Hassan Al Aithan Gen Cont EST,hassan al aithan gen cont,,FALSE
c76dcc76803bc4498706b2c1c62aaaba,TAM Central Company Limited,tam central,,FALSE
18149381e4d92ab367db80ec26829c78,Rihal Souvenirs,rihal souvenirs,,FALSE
6ec4c790851c9054c8875ccc55c88c10,Rize,rize,,FALSE
53c1385be7a8d365d8ec5c0deccabd13,ABYAT,abyat,,FALSE
8b685d1eb5f9c8bd38cdbdcab5bcf3ed,SAIC,saic,,FALSE
be8ffdcc1b30f708e7f250e98c43a44e,Cloud Consultancy - CCDS,cloud consultancy ccds,,FALSE
e3b5605bb700dd2a3ac96567c3a17853,Wholly Hearty for Food Products,wholly hearty for food products,,FALSE
b3e986505564f072120a5bd2bcc06e14,Dr -Scent,dr scent,,FALSE
b29b2ed377bed4efa4ee348100a73de2,Alpha Leadership Co.,alpha leadership,,FALSE
76efdbe371ec733f707339c99508de25,COGNNA,cognna,,FALSE
638da0db77da9be01a51a25dcc10e0f7,Saudi German Health,saudi german health,,FALSE
0077b7ef9a9543e75ed3a69d4fd75186,Open Access Technology International,open access technology international,,FALSE
4ca7860a87148175e82b200a68fbba2c,Kayan Recruitment,kayan recruitment,,TRUE
3ef4565d9bce06839ff5394bd4c19394,انغام عطري للتجارة,انغام عطري للتجارة,,FALSE
9e32a6d09ae48f826e03a6a371f3d961,Team GDC ME,team gdc me,,FALSE
0487b9dcc393c9a5ed1986aeaa289d5a,Alfanar,alfanar,,FALSE
45674281fe45caddb65dcfcaf82ab7d4,Organon LLC,organon,,FALSE
9ab302ac9bc69100009dec9984cc01d8,Med Surg Solutions (MSS),med surg solutions mss,,FALSE
b48fa6ef95c9d574722ac3d3e20f36cb,Estenad,estenad,,FALSE
4a2d160e4d749ce19f5e2a65de667e96,Nabors Industries Limited,nabors industries,,FALSE
1458faefb87252155a2f03303dd9b985,Doctify,doctify,,FALSE
a6cb701b0fda9f3443982009bd3336d2,Fitch Group,fitch,,FALSE
6ee539d48a6570764601014c12f2c027,GreenHarvest Industries,greenharvest industries,,FALSE
654e971cde47de4b5ffb2779cdacf881,Jingdong International Middle East FZE,jingdong international middle east fze,,FALSE
a9f235a859ee5b1dca5316a904ee63fa,Jeddah Marriott Hotel,jeddah marriott hotel,,FALSE
f30fabcc4af94040c870baf5b8d0f97e,Aljazib Recruitment Manpower,aljazib recruitment manpower,,FALSE
42ff952fdad8d054046589df9b378908,FlyAkeed,flyakeed,,FALSE
36a3b1c89c34d31801346ef207bdccf9,Al hamra safety and security system,al hamra safety and security system,,FALSE
1f707eea81028934b6408d1062ed57ff,Abdul-Jawad Trading Group,abdul jawad trading,,FALSE
038c69a9f73382771d7e27ee929a16a0,Allianz Trade,allianz trade,,FALSE
8135d5c2a92d79a05d0126c96e98d42b,"Skidmore, Owings & Merrill LLP (SOM)",skidmore owings merrill llp som,,FALSE
a46cd42c7f1d05cb460cb9572b4eba53,KAPSARC,kapsarc,,FALSE
3abde6632d833fa8dca9725a87ec9e13,Trackline Marketing,trackline marketing,,FALSE
618e4524b48e17dc00ec7e977f0e9120,HCP Automotive,hcp automotive,,FALSE
d9ca93fb64a514fd58f06b75ee11ead4,UNICEF,unicef,,FALSE
e54f4e9bc9691f1ace1d1e4baa332527,الشركة التكاملية للإبداع والتكوين,الشركة التكاملية للإبداع والتكوين,,FALSE
996036c968e35965e344531ef0a4ac93,H. M. Al Rugaib & Sons Trading,h m al rugaib sons trading,,FALSE
422f3f03b16e7312b4ec40ed1f995db1,Prime Gate,prime gate,,FALSE
79a296d3192963b2aa9f9e3b913cd6d6,Haji Husein Alireza & Co. Ltd,haji husein alireza,,FALSE
87ed4d479914e9e9a438cd80ca3df20a,Tibah Airports Operation Co.,tibah airports operation,,FALSE
ba759563ddafc86c92f3f333e2089f9d,Zameer Training FZE,zameer training fze,,FALSE
c134eb0dd91f35c7eabc8b2765013200,Al Yamama Holding Group – Industrial Sector,al yamama holding – industrial sector,,FALSE
5279d77b2ba5a5d2773ad7f157ef17f0,Sohoby IT Solutions,sohoby it solutions,,FALSE
3791bf5ac654910c465b791ec976080b,White Line,white line,,FALSE
aeaea0ec16e3ee7c6df2d4eb88941aa3,Otis,otis,,FALSE
e35dc1d989d3109dfad9017f51b8126d,SpeedLine Logistics UAE,speedline logistics uae,,FALSE
057314501e7f9f3c288a62cc85d53231,"The Ritz-Carlton Hotel Company, L.L.C.",ritz carlton hotel l l c,,FALSE
07af7e75676eab410d1f83937d7afb62,Sia,sia,,FALSE
3934e87562a1548a129e184338fbe606,Nowlun,nowlun,Logistics and Supply Chain,FALSE
5cc1a143ba7a1c2a28e026c49ee8c6f5,Assystem,assystem,Management Consulting,FALSE
b12a8c6b0ea7c54992e1f7f007585f18,Eram Talent,eram talent,Oil & Energy,TRUE
b1bc6a0ccbb9de5d716c756204d8dd04,Qiddiya Investment Company,qiddiya investment,Real Estate,FALSE
1c29c099dae07aed5c0d842240f39bb4,Ssiam Recruitment,ssiam recruitment,,TRUE
55ae8bbad2024954be683105431016d9,Kellogg Brown & Root Saudi Co.,kellogg brown root saudi,,FALSE
3fb0773346f0005c9c78a8b2292b646a,شركة مصادر المملكة التجارية,مصادر المملكة التجارية,,FALSE
de8c37fd41e5017cf3823a0e06edc2b6,Menatec,menatec,,FALSE
3a69045c58dd575ac30544feb97f907c,Proteinea,proteinea,,FALSE
d0e10f7299c7c368d7663fb02ef483e4,محمد ضمد,محمد ضمد,,FALSE
4874ebd520e2b30287720707f5e60e08,Varel Energy Solutions,varel energy solutions,,FALSE
39f6b874936652baa20b1c6bed6d64c3,Flyper,flyper,,TRUE
b8755503db7128bb92032226e5553944,Prince Mohammad bin Fahd University,prince mohammad bin fahd university,,FALSE
2971fe45468ab1c6e04d45ed50e20d4b,Mizan Al Arabia International,mizan al arabia international,,FALSE
462db553d4f9a0d854f064323530bf50,Techtrix System,techtrix system,,FALSE
5dabf73ee9f34f1248e93a75bd99c93c,IDP Education,idp education,,FALSE
6f74d81ed377a818a5dcd7fb91bcf7f7,"Cigna Worldwide Insurance Company, Saudi Arabia Branch",cigna worldwide insurance branch,,FALSE
8095d675af90b526c1b022e69d6fdf1f,الشركة السعودية للنظم الصحية,الشركة السعودية للنظم الصحية,,FALSE
287ca904e66a29bdd9a9282a3395b0b0,Grand Hyatt Al Khobar Hotel And Residences,grand hyatt al khobar hotel and residences,,FALSE
b5bf27b2555de44e3df2230080db5a1d,SJ Group,sj,,FALSE
f99c7d9264d8f47fc118b12cb962e3c8,Tuwaiq Casting & Forging Company,tuwaiq casting forging,,FALSE
b5660ffcdaa6841bcb87b225154f8bca,GSK,gsk,,FALSE
f931de51c4befd2b7552849dd3c0aa37,51talk,51talk,,FALSE
4594e2fb3276a8455c9a4fa2d84371c2,Tawazon,tawazon,,FALSE
aaaa05a8f27eea192236b5062337ac9b,IIQAF,iiqaf,,FALSE
f162d19a9a9688bb3fe6172d4ec5bfa9,Wareed Company,wareed,,FALSE
29b06e19960f8d2b4421ea7984f17099,GulfPost,gulfpost,,FALSE
2cb27a5e602dd960e4dc126ff07f8f59,nextsolutions,nextsolutions,,FALSE
62b024c983e791e3bcb94c28ab0798bc,Xcede,xcede,,TRUE
59ac1ccf67a039c44e7fc86bdedbea2f,St. Regis Hotels & Resorts,st regis hotels resorts,,FALSE
fc480d2c7707c87f295bd0f1fea9df0a,Alesayiah Holding | العيسائية القابضة,alesayiah holding العيسائية القابضة,,FALSE
4e79d72425260fcec80285848c81cfe6,Gaga App,gaga app,,FALSE
8fb49f53a1b3817e53874387a0a593b7,jiyad,jiyad,,FALSE
050f1bd0cd4bc789c7989ca78cbbf39c,Tanmiah Food Company,tanmiah food,,FALSE
fa6e5829e7445efa9fd4289486deaf42,"Sephora USA, Inc",sephora usa,,FALSE
e77627b7dfb9713d0119d884ac49f56c,DXC Technology,dxc technology,,FALSE
22841016e6e7a6f6965743ae3ce08965,thehrgame,thehrgame,,FALSE
0484ed24e8985e9d68a23c5092a3cd03,Private sector,private sector,,FALSE
ea268da58a26706cca01f50d703017ea,pladis Foods Limited,pladis foods,,FALSE
bca5b46df10ffeefb79f868dc41b2b57,3M HEALTHCARE,3m healthcare,,FALSE
214be9a1e2ea85370eb5973c33ee79eb,International Schools Group,international schools,,FALSE
088a1815ee85b0d02ec4f0a815d72824,ESL FACEIT GROUP Limited,esl faceit,,FALSE
7260afb5d59eacd7e07344dba36b36e0,HCLTech,hcltech,,FALSE
96f44b467c73372ee76370dcd3df5ad1,Circlys App,circlys app,,FALSE
b1ad6e4f25fa632d5376cee5e743543e,Supertech Group,supertech,,FALSE
60e8836f6b4e6b963e87ce163f49643a,Pacific Coast Solution Contracting Company,pacific coast solution contracting,,FALSE
e05903b7a72a630822cb1bc1a4dcb3af,Cornerstone Global Partners (CGP Group),cornerstone global partners cgp,,FALSE
600fe35ddab4313669c2cbb0e1cf0355,شركة دانكو,دانكو,,FALSE
b62368341459065b5873976da0eb19a0,Maysanalwaqud Company,maysanalwaqud,,FALSE
d405749650591ed58a2fc6b3d3483c2c,Contentsquare,contentsquare,,FALSE
309cd3800aacbd003ac36199fa537295,Mohamed,mohamed,,FALSE
0a702d63386919dd82ba1477995de386,Support and Empowerment,support and empowerment,,FALSE
71a710de23837eb1bdf96070e82ab55b,RecXchange,recxchange,,FALSE
91ddd3b498dbe7d54ecf81dc92f91954,Hugging Face,hugging face,,FALSE
8d93d6bad1571f4baac53ac813a7fb57,Moomoo,moomoo,,FALSE
08d28298223019d0d74133cfb9afe85d,بيزنس لينك,بيزنس لينك,,FALSE
b59cf51d515cd7970a4bc6a09181a03e,Almarai,almarai,,FALSE
f1269ed0135361ba3829644a512138bc,HRGF,hrgf,,FALSE
603423eeb9a82fec451d006b18c624de,TripleONE,tripleone,,FALSE
7c5cc52fdb69c634bf9c216c1c2d001b,Asm,asm,,FALSE
caf72594f22046e7546d8d3c76c701f5,Corporate Research and Investigations,corporate research and investigations,,FALSE
6031fa4653623595bee234b7948e07ef,FashionUnited,fashionunited,,TRUE
b4df3e0e84ec90e70cfbd96355f77964,DOROOB HR CONSULTING,doroob hr consulting,,FALSE
1c94b25b1814f503c67f617b0b4c5c74,Johnson & Johnson MedTech,johnson johnson medtech,,FALSE
4b1887e32a040caee4892ad236c273ac,ezdihar,ezdihar,,FALSE
3146daef315d50d0c191f679b08daf94,"Syneos Health, Inc.",syneos health,,FALSE
bae7682601cb60e87cb0c55e6da581d8,King khaled Eye Specialist Hospital,king khaled eye specialist hospital,,FALSE
0a7ff745f392a6cae4b5ba512e931942,JD.com,jd com,,FALSE
cbb58df9acf6eba5d609ffcc12a7bc00,nuevo mena,nuevo mena,,FALSE
4a3e9327a453c886317d9ccd9cc0c204,Subsea 7,subsea 7,,FALSE
13a0799fce09df0b8b2fdca24b81c1dc,Hydril Pressure Controlling Arabia,hydril pressure controlling arabia,,FALSE
5c5c653bc737589360743072df08ab0a,Rayash Real Estate رياش العقارية,rayash real estate رياش العقارية,,FALSE
d97e21af3c56a7493d848c207eaf2230,Aimstyle,aimstyle,,FALSE
d5116b077812161836292f4ab5897bcb,Al Reyada Integrated IT,al reyada integrated it,,FALSE
a8bf48cad45230d2e547ea0b42bc073f,Jeel,jeel,,FALSE
83a02e4b9a06436b639aeb2be78a3b29,Doroob,doroob,,FALSE
43ef4393816412456a776afb5477cc24,CAE Inc,cae,,FALSE
b58b4c6d17499c5ff097071e92843a2c,ARK People Solutions,ark people solutions,,FALSE
2eb262e57f4a54eb83b021b1c58f2640,INTECH Process Automation,intech process automation,,FALSE
7e54d761623897ec32a2d6ce9438ef74,International Labour Organization,international labour organization,,FALSE
f599c0104c4b5bfb5ddbe7892aed2435,Arabnews,arabnews,,FALSE
72c73ae14de53081179743c1c4a39972,IDSCCC,idsccc,,FALSE
e29d5002b3ba250f488b2bd319829ec7,KEO Group,keo,,FALSE
7c3f9f31417d9342e3f355628bdb880c,sof kabg,sof kabg,,FALSE
f070dd395855b69af0d6f9feb41edc35,acsc,acsc,,FALSE
6362d6beb62bb3a4a88d9829cca631b1,medina | cma | lko-lmc | akl,medina cma lko lmc akl,,FALSE
20c6e3999f21e3cdbe26d2c68af636f2,eDesign SA,edesign sa,,FALSE
f97b98f9c7b3611a0249c2144b07e200,Worley,worley,,FALSE
0cb8c73f65297cc107627b13b26208ab,"Structural Group, Inc.",structural,,FALSE
425c19837d59cc17a354bfce77b7caf3,457 SFDC Arabia Limited Company,457 sfdc arabia,,FALSE
088c7fa0c4fb0f53ac90197f212ae432,Sohoby,sohoby,,FALSE
1f6ca200ec55f524c96d17deeb4e67b6,Dentsu Aegis Network Ltd.,dentsu aegis network,,FALSE
236769e264fbcad5c1af6e837c89b484,OSUS,osus,,FALSE
83dcee8c71351ebc128c0471d0d4429b,Islamic Development Bank,islamic development bank,,FALSE
cfd0eff17e0d34fa9d20405b7f86751a,Carwah | Rent A Car,carwah rent a car,,FALSE
18fabb0c8aaaab097c813a17935ad748,Sartori & Partners,sartori partners,,FALSE
1dc18759c73c2d3a1611527d40e8c4fa,Armed Forces Hospital Tabuk,armed forces hospital tabuk,,FALSE
028947a7872357e0f43ecde9bae03bd8,"CrowdStrike Holdings, Inc.",crowdstrike holdings,,FALSE
c18a11b4d6b7a72c61ea894d22bfac41,Flint Hills Resources,flint hills resources,,FALSE
91ff1a483eeadf690487d6a614ed2519,Roche,roche,,FALSE
82fedac29c1f4d1d8f69d9efa044ab5e,Laotop,laotop,,FALSE
9e1bec9c26fe97c53ed8382b4ae2ae57,Ajax Systems,ajax systems,,FALSE
cdf3a6cda138f8ea994eb5b07a787651,Elia Grid International (EGI),elia grid international egi,,FALSE
03358f6c8a66aef800fb9ea7dfe5ea9e,Excis Compliance,excis compliance,,FALSE
80336d7941aa86581a41be76e9a9528d,El Seif Operation and Maintenance ·,el seif operation and maintenance ·,,FALSE
d74defead7c07c0e1bd35a15c430b518,Chevron Phillips Chemical Company,chevron phillips chemical,,FALSE
8818a814926c03b175f955f536564e17,Leidos,leidos,,FALSE
e00107f674a9620be5ebeb0ccda95cb3,Churches' Mutual Credit Union,churches mutual credit union,,FALSE
554638962ace6ae26ba4829f98f705e5,Abdulwahed Bin Shabib Investment Group LLC,abdulwahed bin shabib investment,,FALSE
f7be4454445dfeada6fedd790f28cc30,Gulfaar Group,gulfaar,,FALSE
bd1dbe0d9deb9b9d3b526818d0bbaf4e,Workato,workato,,FALSE
9e41d327a4e601c4663e0ee0a1d80d53,Cover People/Worldwide Teaching,cover people worldwide teaching,,FALSE
a1da1a193da39ee98596e1f55a8b23e9,Premier Technology,premier technology,,FALSE
cc50beb6c4441c5e868e2cc288154b11,Baxter International Inc,baxter international,,FALSE
423274c08bf7ce6fb4d8d419714aea2d,Oxydata Software,oxydata software,,FALSE
3c6cb908c47e6d601c5ec6e7bb2d77a0,CodeNinja,codeninja,,FALSE
b215d5757841acb51cf65c18c003c112,AECOM,aecom,,FALSE
72ebd6f164b90629726feb1ccc76a31b,Publicis Groupe,publicis groupe,,FALSE
e887ccdbdb3c3c9e72ed50c85cd86f53,B8ak | بيتك,b8ak بيتك,,FALSE
4ce941e1bd4d6ac38666eb363e268a07,Catrion,catrion,,FALSE
3d068a07d49734be37f2038cfce17b73,Luxury Experience,luxury experience,,FALSE
7ceeee287fba66d4b05e3f576d7df12a,"Radisson Blu Hotel & Convention Center, Riyadh Minhal",radisson blu hotel convention center riyadh minhal,,FALSE
324f4c7895f9bb2d1e6208ffc341900a,Praxy,praxy,,FALSE
2deb402bcbc38abc9c45d13dd76293b5,Mutaman Eldirdiri,mutaman eldirdiri,,FALSE
1a59a567db0f051e61c06a8c1c00cad6,QS Quest Global Markets Ltd.,qs quest global markets,,FALSE
46200008cc2742272be30f9617a1bbd0,لؤي البس,لؤي البس,,FALSE
d95dee153cbcd14d0e9bddddc5bf331e,"Visible Stars, Inc.",visible stars,,FALSE
e89b21281acea5b84af58c583426beff,Empowering Energy,empowering energy,,FALSE
a4b1775c5e522a200f99d59190fe8130,Hitachi Vantara Corporation,hitachi vantara,,FALSE
27a6d265aad2455e946c4f11d8d7bc76,CEQUENS,cequens,,FALSE
06437a4208b21fbe1c716cc6e31ed744,colada,colada,,FALSE
e06086a69c1f0785f8c9d95be22fed2f,SLS The Red Sea,sls red sea,,FALSE
9a576de0173d2f4a311a9139af6605f9,Waad Academy Schools,waad academy schools,,FALSE
22a19cfd1d74914ab6d6c03c6430a353,VALD,vald,,FALSE
fecc5400c230d0e3ee862db9c4faea26,Right Printing Press Est,right printing press,,FALSE
bc46c58a82bcdd8f49c1a9ccde904db9,Soudal Group,soudal,,FALSE
e3a2dc07fd4cccba1e328aaaee7c3bfb,Alsayegh Worldwide,alsayegh worldwide,,FALSE
1a4363c0f0efaaf0ad2d395a4c188a0a,Centena Group,centena,,FALSE
de514204bae038736316cda9515993e0,Al Tayer Group,al tayer,,FALSE
81c9344732755a397a40fa0271687dab,Ismena,ismena,,FALSE
83819e54fda938b3eec32396dd767e44,Ghodran Group,ghodran,,FALSE
b513f5b57884bf809a538cc34b7c0f41,Saudi Mechanical Industries Co.,saudi mechanical industries,,FALSE
842405a50a12249259431ec714288d6a,Suplift,suplift,,FALSE
04204f21826002b238b8c93a7fbd909f,شركة بتيرا للخرسانه,بتيرا للخرسانه,,FALSE
76de7e52c43040210a17459de28cf2ec,Wadhaef SA,wadhaef sa,,TRUE
7212ca7e1ba41d73b5eefe5f9f028bc0,Velocity Gulf,velocity gulf,,FALSE
45f3d539cf82b69bcf628937f468f9b1,Armored Vehicles & Heavy Equipment Factory,armored vehicles heavy equipment factory,,FALSE
e3b71cc6052f97d6b11156806ea54039,Gallery Design,gallery design,,FALSE
75cb97cbd1b53cf62d8809ac3d388323,KFUPM,kfupm,,FALSE
f5d07de93d5a8c75958bde9568de24a9,KBR Engineering Inc,kbr engineering,,FALSE
9afa15e0cdad1128a5b06a6085a19cb5,Shabakkat,shabakkat,,FALSE
e649687cc12effaa28091a9939233b53,Key Talent Solutions,key talent solutions,,TRUE
223a688ee5793ad528d16889b395ba6c,flyadeal,flyadeal,,FALSE
84175148dd56b1fce1c742d83ca1d1a3,Ajlan & Bros,ajlan bros,,FALSE
ebe73849058b47ae5eb163ecb134a4c4,Stryker,stryker,,FALSE
e40f729ac5f8acccf2537d7c5afca885,Eataa company,eataa,,FALSE
f74437e625b57b0e5e9f11f8eba2bab8,Fresha,fresha,,FALSE
aef5d16f14a8a3e74d397e945dd1a4f7,JobItUs,jobitus,,FALSE
fb7409e10e0276b56fb96c2b410cc17e,d2B,d2b,,FALSE
34f2ed39c698dc6e40e1e4abf502ef91,M2R Education,m2r education,,FALSE
4ecbc9deb56a0621ad2d1f1c897bcaf3,Life Lover,life lover,,FALSE
11ce21ff2d9d7c4701da0f5cb0ef0e52,Moody's,moody s,,FALSE
a163bea6c82ffccb67a194f3d5db5488,Sgr Sa,sgr sa,,FALSE
735b2ade84749df16442ee1fafc29037,TWWStudios,twwstudios,,FALSE
918f750f0d73afa8f08fbb8dd3a8582a,Mizuho,mizuho,,FALSE
d1b19d12605f8f11dd33ae37d0a5ad9b,Babysits,babysits,,FALSE
3f6ad9a1491c16572732793963136411,Procter & Gamble,procter gamble,,FALSE
b954e24d531f5d692226865fd20ac161,JTCCS,jtccs,,FALSE
0e4db1f257f14d319d027b9b18a58d66,Alcon MX,alcon mx,,FALSE
79c23f57dcd05a52637af77d865286e2,Global Project Services AG,global project services ag,,FALSE
ffaf15f6d5b02cabc70d6eaa833d7a36,"Hitachi Automotive Systems Americas, Inc.",hitachi automotive systems americas,,FALSE
5250374c669649ba96f84c9db4d5a685,Doka GmbH,doka gmbh,,FALSE
1699ba6e313fc67524c7648e72250579,Caliberly,caliberly,,FALSE
01bc6f8efa4202821e95f4fdf6298b30,CLEAR,clear,,FALSE
96b9e7fe53be87e510bb9f0815109d02,PJT Partners,pjt partners,,FALSE
317dc241b6be05c7c9ed699fde932f92,خالد سيد,خالد سيد,,FALSE
0bc9b4caa3b771494992508219bdcb96,عالم تبيان,عالم تبيان,,FALSE
c93046120f32a571ea34387517ef887c,Ifairworthy,ifairworthy,,FALSE
9182f09da3b53164fa0533827f81291c,Rashed Al Rashed & Sons Group,rashed al rashed sons,,FALSE
05da8da5cb5a15d4db86aaf53d639426,KBC Technologies Group,kbc technologies,,FALSE
37b831e43611aef9d42b454aec076cb4,Shangri-La Group,shangri la,,FALSE
83c5341c6d7b1f48f630339b5e69ffa9,One World International School Riyadh,one world international school riyadh,,FALSE
b5631575156590c2712adf08e21ce7a0,Exact Technical Solutions Company,exact technical solutions,,FALSE
40a4fc02f1042f9796bc1574b1f12282,Panda Retail Company,panda retail,,FALSE
ceb20772e0c9d240c75eb26b0e37abee,SALT,salt,,FALSE
5177254eade4bf1cf553718e33edb483,Eezee-It,eezee it,,FALSE
c914ae2dc7e93827a0a9423d88c61afd,Joinimagine,joinimagine,,FALSE
49038a0b9e7424f11b7e90813d674399,International Organization for Migration,international organization for migration,,FALSE
952d8a737605b29914fb4d3c9f1d1fe7,سعد الدين للحلويات,سعد الدين للحلويات,,FALSE
4074b80eb6a1eb51eb7d6954968e6b44,2P Perfect Presentation,2p perfect presentation,,FALSE
9da4e00a6ad13b56dfb3c1ad8952def9,Quarter Hour,quarter hour,,FALSE
8484cb2ef6af8a910db021e5fd4ff2cd,NDT,ndt,,FALSE
5446e73f01961151a6aaaf09d8834024,ابن دواد,ابن دواد,,FALSE
ea01e5fd8e4d8832825acdd20eac5104,ABB,abb,,FALSE
50aeb05a4bbf246fd38dbd7182467620,ADMARK Creative Co.,admark creative,,FALSE
3d88e8e2a70cfb49f3d4030c38224bb0,AlSaree AutoTechnics,alsaree autotechnics,,FALSE
86ef0e865bb585f939a4aa021a0107d6,Spectrum Technical Services,spectrum technical services,,FALSE
e0799e765091c096d6d6ed5328fa4139,Hikvision MEA,hikvision mea,,FALSE
9db787374171b69ac21b281af621c095,TowardJobs,towardjobs,,FALSE
5dfa1e3cb3f1e5df046d20b2bbc53027,R I B ENTERPRISES,r i b enterprises,,FALSE
d22433fe4492be046ea58d7a82ddf3f0,Clauger - شركة كالوجر تكنوفريجو اس ار ال,clauger كالوجر تكنوفريجو اس ار ال,,FALSE
6db35aab9a97a8c7da77497269e626d7,شركة كلين جو,كلين جو,,FALSE
6a680e1c923f6a4df902cbfbfea6a7d0,Masimo Corporation,masimo,,FALSE
b0991cf24ba537b6411ee1b99b047af3,Swatch Group,swatch,,FALSE
50e43d22fcfc805164e00b24d34f2916,Client of Premium Solutions Consultancy,client of premium solutions consultancy,,FALSE
05a203d85ee01909eaf728dc16f0f6cb,Pfizer,pfizer,,FALSE
9de0eeb56940c48937aa833b742ec677,Workable,workable,,FALSE
b6d41d0f442ce8e0b432691bb98cd1c1,Dewan Aldahab Jewellery Co. LLC,dewan aldahab jewellery,,FALSE
db528c8594058342829ef90857188d11,ALTAWKILAT,altawkilat,,FALSE
377ebb20e71574f31143013649f3833c,Yokogawa Electric Corporation,yokogawa electric,,FALSE
fa0a39a3e7cf1341809165ebe54d869c,Keemart,keemart,,FALSE
f95b69c3e26cdc7dab8f39304a4ba7f2,Tahaluf,tahaluf,,FALSE
05290bfa958f1ea1f56871a2697712b1,Koch,koch,,FALSE
986de8551f0df8a9c963ce62534b8e89,Bechtel Corporation,bechtel,,FALSE
8c7f69400162033743692a155810be2c,SGS,sgs,,FALSE
a3ce89924b1653a3fae376b74d502bf6,NextEra,nextera,,FALSE
42db99720fc041a7e8a7ca75534e1485,AESG,aesg,,FALSE
d0006c3822a1b7f42628265eb613d915,Sulzer Saudi Pump Company,sulzer saudi pump,,FALSE
67b087055a0f16ca4e9a40876ad1d220,Apparel FZCO,apparel fzco,,FALSE
d6e082d5850da606d89f7367f92ca53e,Ajdan,ajdan,,FALSE
e389a212c2b3beb2a9a00ad2f13b8c2b,Lenovo,lenovo,,FALSE
ce5e9bc3610f08dfb88ff2c822ff29bc,Cutis International,cutis international,,FALSE
7d93cd2d915681d2c0d8c0cd916366a5,Vinci,vinci,,FALSE
f004ede407627b620134d044c3e6873e,SHINING 3D,shining 3d,,FALSE
eac24d47bcc7303aec3131d1628d0597,BDI Saudi,bdi saudi,,FALSE
e6de2c7f2707b0b1c027b3671ff393e6,Aflak Electronic Industries Company Ltd,aflak electronic industries,,FALSE
040ba5ba93d55da9f172c652e98d2215,Morni,morni,,FALSE
60836a7c46192199fbf6cbcb2ef78a65,AZM Talent,azm talent,,FALSE
b80f84f04052fccf4284bf0ad8991ce6,Chalhoub Group,chalhoub,,FALSE
ff37805c1e34c390455617a17db9e725,Seara International,seara international,,FALSE
af49315017b0137e8d08f423b8dd1b15,Accor PL/PL,accor pl pl,,FALSE
3d463877a964d2964fbba26acaf27f6f,Plaza Premium Group,plaza premium,,FALSE
6d94dd731b5d36d743db0eca8d1bd54f,UR Support,ur support,,FALSE
ebbcf974c020e9fc9faead6e994b5849,Axceltrees,axceltrees,,FALSE
7130d9113ab49ca3d0b8c96df4fec6ea,Spinel Development Company,spinel development,,FALSE
23ac1f757dbe868b09b43c57b2e9e701,Barns,barns,,FALSE
047366a888b4e450888012c26fda505b,Tarfeeh Fakieh,tarfeeh fakieh,,FALSE
c73adf3b87657ba4215fde2ff3af4023,Lilt,lilt,,FALSE
a8f7cf41af9f480cb7c5d30e490281dd,Aramco Overseas Company,aramco overseas,,FALSE
354d975f76b230500217d048b148ec19,Cactus Wellhead,cactus wellhead,,FALSE
4259191e0c7e3ac7fe4207511b8a94e0,Secure Line,secure line,,FALSE
1607733836b851746a16ee8b9cbd4f17,CFA Institute,cfa institute,,FALSE
73f37d5607bbec8963eef6bbf8b5f910,To Power Flow Company,to power flow,,FALSE
dddb7060e5f23a9d4c7544cb06702b25,The Professionals,professionals,,FALSE
0e428581671d767f2a4ac5e8eb89f475,TK Elevator,tk elevator,,FALSE
1e8bf191463e69115ff3924f97837e56,Protiviti Middle East Member Firm,protiviti middle east member firm,,FALSE
1a0af647af17f0c81d3b45e7ffb02164,Platinum Brothers International Manpower Agency,platinum brothers international manpower agency,,TRUE
4ccdcbc7ec60819cfb8bca1c20862b69,HDR,hdr,,FALSE
d36eef7202e999d98c5d0bb31c3d9e17,CoverGo Limited,covergo,,FALSE
5b7233c912675e2068846ed4215307b5,Leylaty Group,leylaty,,FALSE
57e5fba4ce5b4cb9ffd595beb63e7389,IOTA Group,iota,,FALSE
f34ee74bfca9af09bad11a357a3449a3,KAEFER Saudi Arabia,kaefer,,FALSE
523811111226b3b302998d1549401bfa,Jadeer Logistics,jadeer logistics,,FALSE
0daeb9c9e6eb32d8b05e6ceed66e5fa1,BD Mexico,bd mexico,,FALSE
470e8aacbd7808ba904a5e560b58b090,Philip Morris International,philip morris international,,FALSE
5915c2aa2807e3175222f802363be10a,Aroma`s Roastery,aroma s roastery,,FALSE
394f0d9c5a3e188a70bf67add442b517,PAARK BUSINESS CONSULTANTS,paark business consultants,,FALSE
5bd537fc3789b5482e4936968f0fde95,SARA Group,sara,,FALSE
be749ab6e6b095b06e18bc125d8491c6,Sperton Global AS,sperton global as,,FALSE
fb59891768280222f6270e1a260c3637,Hunting,hunting,,FALSE
8fb560424628675b2af56a68df29feb1,Aviagen,aviagen,,FALSE
4d3b970890ccf2a4edd362af0fd9c3e2,areeb hr,areeb hr,,FALSE
ce2d05fab03ea9117de9c0bdc0ec6980,ACCA Careers,acca,,FALSE
6b828a58278e28b9e18a8c0896f158e5,Watania Solutions Co.,watania solutions,,FALSE
39bf1e49aa0138f33af57c765d43a05a,شركة الانظمة الدفاعية للتجهيزات العسكرية,الانظمة الدفاعية للتجهيزات العسكرية,,FALSE
0f5e79ea1c64156ec1b49022bb95e7c0,Starways,starways,,FALSE
79c2217b220cc6debf9a97ee9337da5f,FlowOn,flowon,,FALSE
2bd3d8f0472fbcdd1b85081659a9c2a4,Ibase Company,ibase,,FALSE
092e4940a8065f2d6bdb2840d5ffeaf7,Blue Ocean Academy,blue ocean academy,,FALSE
7c789645bd884324eac1641ff0e55b62,Databricks,databricks,,FALSE
4318120b220c1cd7fad44838ab26164a,John Crane,john crane,,FALSE
f12a2a4092aac34aa05753b1a870cc70,GE Energy Manufacturing Technology Center,ge energy manufacturing technology center,,FALSE
15dccebeb92ad3d74fcc3f09ea37561c,CES - MATLAB in the Middle East,ces matlab in middle east,,FALSE
85f1c4418511b4a94ab0209c9417e011,Finstockevarsity,finstockevarsity,,FALSE
d847e8cdf9ec3107b7aef367a7c17400,Flint Consulting Ltd,flint consulting,,FALSE
ce61649168c4550c2f7acab92354dc6e,Panda,panda,,FALSE
84b1ac014a9989461d12008ffe86ab40,Halliburton,halliburton,,FALSE
3030ae871c02c16ce14b495e21648338,Quantech Solutions Co,quantech solutions,,FALSE
79cb2d916b9949410ea90e7bb8e1e825,High Links Group,high links,,FALSE
1c7bc71e6adaa0b9a258587b6a40c7e1,LivaNova PLC,livanova,,FALSE
a1fa2dd271ca833215ab51ed2533e504,Bristol Myers Squibb,bristol myers squibb,,FALSE
a132c5cf175a7333483a34f2cd28110b,Group-IB,ib,,FALSE
ed55e93a034ca066331dfe2c45a39358,Jobcenter,jobcenter,,TRUE
7e18bcb01f120a786b52fe6fc2f004b7,United Nations Secretariat,united nations secretariat,,FALSE
ffb8b472b622dffe5d9508983e296099,Black Pearl,black pearl,,FALSE
ce268724214e2b5b09e58d7353900a3b,رسال القابضة,رسال القابضة,,FALSE
be39753c8d66b05304d542d151e32e04,"Noventiq India, Ltd.",noventiq india,,FALSE
c3531d6d97b10bea32420b0ff9173f02,Digitalcorner Ksa,digitalcorner,,FALSE
a17d2cef6c8042373b5a88476134e65f,DHC Partners,dhc partners,,FALSE
51389bc759ba9a0a2e960cf511bbca87,ARX Gruppe AG,arx gruppe ag,,FALSE
46fb18164127ea0ee3000b14edd4d22c,Golden Chicken Company,golden chicken,,FALSE
a547bc37400edc3b200ba2f120d3346a,Showcify,showcify,,FALSE
65c7a6b63e67b384504b8058245aae60,Ossmantech Trading Co.,ossmantech trading,,FALSE
09d8c5bd2c8266c688d70968ccc0d6c6,Alsulaiman Group,alsulaiman,,FALSE
c880ec89bef24117cd048c768d87ca7b,Red Sea Global Hospitality,red sea global hospitality,,FALSE
d514081bdd5104d62c0b119cadc7b611,Advanced Petrochemical Company,advanced petrochemical,,FALSE
e4d32334ff2dfb64dd45aac68a6a78e3,Baxter Scientific Saudi Arabia SAU,baxter scientific sau,,FALSE
4db51a5d0f533cab1f99c25eba816c1d,Different Technologies Pty Ltd.,different technologies pty,,FALSE
ed8f43ca2c6ce1581ad866db53bacdf2,Kawader Recruitment,kawader recruitment,,TRUE
ee62235579bdaa2367dbe167207e95e4,Elia Grid International,elia grid international,,FALSE
b1fb298fd20ffa607c92239dfeb38b08,Grand Millennium Gizan,grand millennium gizan,,FALSE
d3bff8450106a52369b8b4dbca7b1b16,Moxa,moxa,,FALSE
bceb82c3df232f7085d37dc563a655c2,HalalaH,halalah,,FALSE
49e62a8251732cb41903db250ccf2a61,Cigna Health and Life Insurance Company,cigna health and life insurance,,FALSE
458163feeff19365517db77231b0ffac,Laika,laika,,FALSE
e1c2391bf2a247732ef2c1e2aba4a02f,Israa Mohamed,israa mohamed,,FALSE
bcfb232aef11711089970318f8c4a84e,Oveeq Technologies,oveeq technologies,,FALSE
6bc5d7b6a8fcbadb8709008a12a5cb08,Kintec Recruitment,kintec recruitment,,TRUE
216404fe4d38c186807958d666d1ca3f,Intajalamal Investment CJSC,intajalamal investment cjsc,,FALSE
3745ba62294149aa8410628555a3601c,Taj Al Falaj Company Ltd,taj al falaj,,FALSE
5e8485ad1e96908aa402b2118557bb54,Abdullah Saeed Alhunaydi Company Ltd.,abdullah saeed alhunaydi,,FALSE
a3c3fb7429f7086027ebaa8c1f307c94,Meena Health,meena health,,FALSE
1b3cc380a0821304188455fad5a87919,Limitless Solution for Conferences and Seminars,limitless solution for conferences and seminars,,FALSE
8c9c093d8c0d3d0317f4f1c13bb71d94,Medicta,medicta,,FALSE
898189a3d94e0294442564ac5835d8ec,مجموعة سدر للتجارة والمقاولات,مجموعة سدر للتجارة والمقاولات,,FALSE
1e32caf20a95da6a74b7866b4d559e8e,اللجنة الوطنية لرعاية السجناء والمفرج عنهم وأسرهم,اللجنة الوطنية لرعاية السجناء والمفرج عنهم وأسرهم,,FALSE
c87a0caf3a9cc56a659b12542e27ddd2,Tiger Recruitment,tiger recruitment,,FALSE
deaec8d89f96a55238c5ce429fb44a12,Konecranes,konecranes,,FALSE
fe5a41301a6477fe4abc5f6bfbd03651,Danube | الدانوب,danube الدانوب,,FALSE
6631e3b60adcff733804000b80a1f492,AlixPartners,alixpartners,,FALSE
3f2d22ded748e9e329126a623f65d565,Cognita Asia Holdings Pte Ltd,cognita asia holdings pte,,FALSE
38a574105a252e8fe190826f6c21381f,Consertus,consertus,,FALSE
df9572b89c462f69f630f4f5df3091fb,Silah Tamkeen,silah tamkeen,,FALSE
da3f618bd9dcd8c99aa5480bf9031a76,Rawasi Al Bina,rawasi al bina,,FALSE
84bf113d07b549deb26fae6074139f8d,Alshaya Enterprises,alshaya enterprises,,FALSE
594c1eb7572299bb685ec9d13a608eb1,Fakeeh College for Medical Sciences,fakeeh college for medical sciences,,FALSE
acbe700ed2821c901890e6ec76781000,Malaa,malaa,,FALSE
a8393402545a199e9a6c124d9773b4cf,Lendo,lendo,,FALSE
a74ad8dfacd4f985eb3977517615ce25,CORE Group,core,,FALSE
8ca6e26794318068e12775d29cc99469,Partner One Software Inc,partner one software,,FALSE
ef9774a1264eefb0de562023647263b6,Hospitality Ventures,hospitality ventures,,FALSE
5673a173868599060975ac96d77dfb3c,Arenaestadios,arenaestadios,,FALSE
4fd6b7597a5ee2a55948374ef6b07fbe,Sigma Solutions,sigma solutions,,FALSE
86e1719920fb72e97ce224a08dad7314,RedCloud,redcloud,,FALSE
885bcfeb80c220043daadc2f2d90bc10,WinsAbove,winsabove,,FALSE
be08a318a57fad293b4947e9b06d2d1c,Samsung E&A,samsung e a,,FALSE
9d64e410ac2b65855b076777ff2ee1d1,Ibrahim Bin Jalawi Co.,ibrahim bin jalawi,,FALSE
d2d20b1bfeff89467e63746349e72fe6,Asas Althbat,asas althbat,,FALSE
e90199c3c5bfdd832b7042d1c0aec29e,Amsy,amsy,,FALSE
4e1d8a23122b55f7a7703dfc65496c44,Brau,brau,,FALSE
895359a83fdab512be388619b7f517b8,MenaBev,menabev,,FALSE
506e0cf74315aaa6c6ce5ade3ec093a6,Inhabit,inhabit,,FALSE
fb31aa76ebfe3b4d8e582dbf56107368,PROVEN,proven,,FALSE
2a81d71879facf226bb70780cc415985,Shaffra,shaffra,,FALSE
841c88e60a2095592886a5625b4b78e2,Sharp BH Global Manpower,sharp bh global manpower,,FALSE
0b52e982cddf6a807d3bad5fcfee0750,Farabi Petrochemicals,farabi petrochemicals,,FALSE
11be6e757702c79bc1a9cfaabfec202c,Projects Pioneers Contracting Company,projects pioneers contracting,,FALSE
829821286308824dccc13c88970a2dcc,Leopardo,leopardo,,FALSE
0aacbdd0cdd8f9c478a147dcc4ba3a54,L'azurde,l azurde,,FALSE
4e1a818a8304b5d6f1d96af011264351,Al-Khedr Automotive,al khedr automotive,,FALSE
9171add7c5659c71da5484ea599e4d58,Yamama Cement,yamama cement,,FALSE
cb08b6b5b2da3f641a04cd7df52c1a3b,C-Serv,c serv,,FALSE
6ddf3a40d1761b9f6b7cb17a4b77cde7,Taib,taib,,FALSE
1e20aa5ed39bff264d9dd4782eb84b8d,OdooTec,odootec,,FALSE
2f2006a7811fb7275266f621ca279715,Al Rafgha Rent A Car,al rafgha rent a car,,FALSE
da2cfd14f2463ebd28f6ff65f3362dc8,Hamad M. Al Rugaib & Sons Trading Co.,hamad m al rugaib sons trading,,FALSE
d3f49b9330f66252c40a15aaf275363a,Anomali,anomali,,FALSE
a621422f57bf7cf0a3b282280505f0e1,"Zakat, Tax and Customs Authority",zakat tax and customs authority,,FALSE
4b372be40f501f4a3c688a1924b83c10,Smart Technology Solutions,smart technology solutions,,FALSE
6096d6a8c964f69ec0b271c083b2651a,Jeddah Cables Company,jeddah cables,,FALSE
2e249fcdf5a6a1a292b42e8212ab7a4b,Mahamod Sabry,mahamod sabry,,FALSE
580aa460a1feaee1cffb115e8acb24d6,Waafer World,waafer world,,FALSE
b37406bd9c9210d72293f68d3d66f681,Daikin Europe NV,daikin europe nv,,FALSE
953cc56a723f033cb216f1964413cb25,Awadiunited,awadiunited,,FALSE
d97c11b7ed89aa1e18d97862d566c0c4,Keka Technologies Private Limited,keka technologies private,,FALSE
1ca30dfb4ae186fcb9f68206f2c35be3,Transguard Workforce Solutions,transguard workforce solutions,,FALSE
37a66567e73a31f248da69450524bbd6,ARENGY,arengy,,FALSE
040fc7f3edafd4b4a0407ccedf63ff05,Recruit Pakistan,recruit pakistan,,FALSE
59ec6c8d534a3886a974bf4982a112a0,Seder Group (SG),seder sg,,FALSE
e156205e4a5a7ac1a387f19c5b186086,Cohere,cohere,,FALSE
3107661ea81a450c7d1b8e325e05f619,Flint International,flint international,,FALSE
4a9856e359383c38b7b5aebadc47cdbf,Alkuzama,alkuzama,,FALSE
024f2c939c4950f7b83c349bfcc8f5a3,HCL Technologies Limited,hcl technologies,,FALSE
e13813edf0064acf4e6fc0712a6dd14f,Fadda General Contracting Company,fadda general contracting,,FALSE
ddc46ac748dddc9cad9d6152963d2bcf,AVEVA Denmark,aveva denmark,,FALSE
7e2e902d16eb14dabf71384afbf8e7c3,Ninja ?? نينجا,ninja نينجا,,FALSE
0e6692d38cc30028b2f6320716be3713,Cundall,cundall,,FALSE
c5cfe2fb7bfbb1ce35b70cbee4d8ad93,DHL Express,dhl express,,FALSE
e82290c0a2927d3c0058f2c839d7d53c,Surbana Jurong,surbana jurong,,FALSE
818c336b236f9e25acffe301f6211168,Ornua,ornua,,FALSE
98cfb452d4f618df029ca6e723cc1e99,Boolanga Business,boolanga business,,FALSE
5a792cc93c3b0969ce70cfac02cb8c52,Techlabs London,techlabs london,,FALSE
24eca1ed855506ca8635a28bd99bf6da,Mobily,mobily,,FALSE
62fd3865a89a911a7bad3aa96b3c609b,The Hoxton,hoxton,,FALSE
5fcb3686f6a0befe36ee537d3fddbfb6,WSP,wsp,,FALSE
883c887fca1f82d53f16965663841c04,Jenscare Scientific,jenscare scientific,,FALSE
05f351bee96665bf8cd7428cde86e301,Nadir Ali Shah HR Consultants,nadir ali shah hr consultants,,TRUE
ddce3d9f2f4e4da62de4e8c30c5e0c1c,EICO,eico,Construction,FALSE
60a89e30f40ec4ace53f99da23697386,Rowad Altameer,rowad altameer,,FALSE
4c81c315a15dd0c45537b32257658f9d,Abdulaziz Al Othaim & Sons Holding Company (ASO&SONS),abdulaziz al othaim sons holding aso sons,,FALSE
8fdbc29c0aeb343f75a33774e3804788,Haskoning,haskoning,,FALSE
268b8884e30a5b285cac193d320d1410,FAMA IT Services,fama it services,,FALSE
fcf6a3c975055f0f4391ace0e2bc6289,DeepSource Technologies,deepsource technologies,,FALSE
d3b5c7bd4b5600516e9b39c82f6bfbd3,ENZER COMPONENTS LIMITED,enzer components,,FALSE
9d956be2b085bd5eb0892e80119b1321,شركة عبدالله البراك واولاده ABIS,عبدالله البراك واولاده abis,,FALSE
149725d2281b2dcba71bba48675aea1e,"AcuTech Group, Inc.",acutech,,FALSE
e1815f00e0feb48d5ad2235cd6fe76d4,Hopeghospital,hopeghospital,,FALSE
5395f4ab431d4218aded040ef56c52bc,FTG Development,ftg development,,FALSE
e8ce1e031b9a499d4d90cc426d4a57ac,aljeel Medical,aljeel medical,,FALSE
e8ef78f4999f9863e2070b0636b0458e,Meem Co. For Hotel Management and Operations,meem for hotel management and operations,,FALSE
ad80f737db26ac3f51e3141002cacfb4,Mediclinic International,mediclinic international,,FALSE
90ff9c27cccd9efba1b868c0cba2a84d,CSL,csl,,FALSE
39b78416ca4f3942cdef697ddc59da10,Trust Arabia Administrative Services & Consultancy (TRUST),trust arabia administrative services consultancy trust,,FALSE
2d44c8fc4daf478c39132927c23b64a4,ايه باز,ايه باز,,FALSE
e9dbd0ab151d5957cd9869a142ba2fd1,JLL,jll,,FALSE
225e8a3fe20e95f6cd9b9e10bfe5eb69,ADC,adc,,FALSE
19188d8f3aa0cad74e0056bb353dd11f,SICE,sice,,FALSE
8bbb60668c2878698ec50a7f4b1d305f,BYD,byd,,FALSE
d919dcb0cf87ec863c4bf203686c7dfd,Edelman,edelman,,FALSE
e797e904481377bb156a4ef9c46234fc,Euro Staffs,euro staffs,,FALSE
d1d04dba06358fcb500d54adcdc6a139,FAACT Academy,faact academy,,FALSE
8b9c3ac9673c162fe2a23dbf743e5acd,CoorB,coorb,,FALSE
0e05d7e0caaf8e7e2765bc1f79c0a75e,GE Renewable Energy Power and Aviation,ge renewable energy power and aviation,,FALSE
3048012b497b2fd7caa2e3ab03cf505b,GE HealthCare,ge healthcare,,FALSE
b45eaf89495490003c9568bbc3149cfa,jonescc,jonescc,,FALSE
637474b21c78048935538adf81d6ea57,Arquiconsult,arquiconsult,,FALSE
428c9f99953d969a873ffdeb3ed7b1d1,Welocalize,welocalize,,FALSE
4de83f42b8a7fdc0a99170301fe41a97,twentysix,twentysix,,FALSE
c419b06b4c6579b50ff05adb3b8424f1,BD,bd,,FALSE
0262c2b6887c6acfae8f8a34a5119068,Silver Rabbit LLC,silver rabbit,,FALSE
899b34cffdcff56b4b85494a6b5f62d7,Rotork,rotork,,FALSE
ebd262d67748e4881da09c6c6006b77b,Aquarius Worldwide,aquarius worldwide,,FALSE
4e74cfde7287b80c55df1367f97c380e,تمنا المحدوده,تمنا المحدوده,,FALSE
62a5b2555fded929a5b80cd11a034eb0,BR2257 COGELEX Jeddah Branch,br2257 cogelex jeddah branch,,FALSE
f6fd9d60fa5c09c570d82eecb98ad85c,BuySphere Retail Staffing,buysphere retail staffing,,FALSE
6a7cf2fd30071a2de4f4dd516096e038,Skills Provision,skills provision,,TRUE
699da0176defde6d9d3a665fd1173ac1,Ramz Consultancy,ramz consultancy,,TRUE
1ac20a1d5986d7fcf0245f93a3dce25f,Wasl Al Shoumoukh Company,wasl al shoumoukh,,FALSE
53221f1c782665789cc91092cb04f27d,The Total Office,total office,,FALSE
8b0ae6285d4e01712a26bba0368eafca,صحصح | Sahseh,صحصح sahseh,,FALSE
52456fc307f93799e172505b291d99c7,Jobs2Web,jobs2web,,FALSE
9ea0fdbd3932b80e44d6452c71fbb77e,Inspirejo,inspirejo,,FALSE
ee676ed9ce5bd51b4452ddfbdf962ef7,afg,afg,,FALSE
2d0ac987f2742d80be501b9334b9f064,Alcon,alcon,,FALSE
3920b0b053823dd22169d0972bd18c36,Alfadhel for Medical Recruitment,alfadhel for medical recruitment,,TRUE
39eb3a471f81a9bdb2476b82181226ef,CO Consultation,consultation,,FALSE
4119ddd04b8b7a0c2791a10536aac3cc,Parsons,parsons,,FALSE
1c8d3fafc17603fb33085f8b35ed6262,Smart System SA,smart system sa,,FALSE
c5315453f793d12adaf2174b9ee57d78,Arla Foods,arla foods,,FALSE
93a7ebe8f6e6a480eb8f17da9766bf2a,UmmahJobs,ummahjobs,,TRUE
d63a75097ff13cbe12743cf48f60946f,work in usa,work in usa,,FALSE
124923cf08555725b6564912513720d9,DP World,dp world,,FALSE
5a541a9389009600f3d5f6ac7155cf93,EcoFarm Solutions,ecofarm solutions,,FALSE
fd1175e02c362e8624ef64ec608ff8b8,Royal Cyber KSA,royal cyber,,FALSE
62002efab9fdcea28fa89a6abb110ca8,General Electric Global Services,general electric global services,,FALSE
e121e477f57bbf8ce49f5e1c997db32d,Goldapple,goldapple,,FALSE
ace19ffbd4b04e2f96bdaf539a95d969,Four Principles,four principles,,FALSE
e674a4aca0a161b3fb5ac2d20a126d3f,Fluor Corp,fluor,,FALSE
cf3e40e94e51fb184b1a647aaa9a82fe,Holool Aloula (NCBS National Company for Business Solutions),holool aloula ncbs national for business solutions,,FALSE
b68b2f88b47ac375bc03b11b23490613,SAUDI ARABIAN RESOURCES COMPANY,saudi arabian resources,,FALSE
94c93d4f9686cfeae29e9cbc3230cbf9,ADEL,adel,,FALSE
c029670383a926475c51802aae5fcf60,Bonafide,bonafide,,FALSE
9ce2e457785482cf4afc3d128cf2fbc5,Paramount Computer Systems,paramount computer systems,,FALSE
6ca1e7aa18a1a4efaf9565551917b212,Unity Holding Company,unity holding,,FALSE
2fe73510725681e910b92a8fbec83bd7,Yallo Retail,yallo retail,,FALSE
a0e55e42850c0a6aeaa9c543749c7e90,Penta Consulting,penta consulting,,FALSE
c18d9f1d15573e5b2c4002d617846182,Arbete Careers,arbete,,FALSE
06a20eba55e812fe504216243ee4f70b,Ryoof Oti,ryoof oti,,FALSE
6395fc1bce26eeb6f8f92ad27d5a98b3,Al Sakhaa Al Thahabia,al sakhaa al thahabia,,FALSE
c85b396cef53002a1675cf0b9efd7f84,ArcelorMittal Tubular Products Al-Jubail,arcelormittal tubular products al jubail,,FALSE
f18dc846951b1a70c4c44ea495c9ad45,MiraCo / Le Secret du Pain,miraco le secret du pain,,FALSE
9013afabe5c7022331b0cb30823d8100,Green Earth,green earth,,FALSE
0a6f6b714f0d8aebcadf8d89cd6dc4a0,Africa Talent Contours,africa talent contours,,TRUE
ada25804d2ef0d22fa4f0d264952e6ef,Misraj,misraj,,FALSE
e97b4eb0ca9e3b3182c26f5b35c1c9e0,Taozeef,taozeef,,FALSE
8c2334a2fde76dbd0a43b7f22e06f78d,Advanced Consultancy Services (ACS),advanced consultancy services acs,,TRUE
ed633eb0d07a7b3f71e6fb7a45eb00cc,"British International School Riyadh
Riyadh",british international school riyadh riyadh,,FALSE
62ada9e8dd2ea53d015828a094db2ed2,Doroob HR Consulting and Recruitment,doroob hr consulting and recruitment,,TRUE
585e65d8c4c65be3571d3bdd7d0fd4c0,GeologicAI,geologicai,,FALSE
70c3e6431c0cd8728bff32c775bfe98b,ESM - Events and Sports Management,esm events and sports management,,FALSE
0b1c1afd15425dbc2358b4cbebb09666,CORE Life Hospitality,core life hospitality,,FALSE
b17d5142ab5d716befd8a318ca81e409,شركة رابية الحديقة للتجارة والمقاولات,رابية الحديقة للتجارة والمقاولات,,FALSE
97abecdbffd7342643eb8baaad107967,AstraZeneca,astrazeneca,,FALSE
1af678608ec4b38b134bbfc0331083ec,Azad Properties,azad properties,,FALSE
fe6253d6ff46a576d08b80035acd1508,Webhosting,webhosting,,FALSE
4ebbb3072f694f4b98a5963d0a37ef46,atwad,atwad,,FALSE
2f1d0abe70f769f3bb43cfbc04b11033,Ananinja,ananinja,,FALSE
a0e348a8c83d588690f30212a3d76780,APCO Aluminum,apco aluminum,,FALSE
28320524953be5d3391e5635cadd29b4,Proven Arabia,proven arabia,,FALSE
0cf6d675cbfe011d089df2dbf0c8eeb3,"Madinah MGS3, Sepco Company",madinah mgs3 sepco,,FALSE
7117b0e4db5c97cbcfc01e1c11af9754,Saudi Pan Kingdom Company (SAPAC),saudi pan kingdom sapac,,FALSE
28f250e1758b2f17f7cd38c5245ac383,ATHEER Connectivity,atheer connectivity,,FALSE
6aa15c808c05fbf8f2c82dfb218ac9ac,ibis,ibis,,FALSE
59ed188144020c85897e36d56a895db2,vFairs,vfairs,,FALSE
fff64cb6beebfa10fd803f442c969238,SFC,sfc,,FALSE
48e8f0144400881ff9aab32158f7e326,Sartorius,sartorius,,FALSE
8f32c54e406917f608162c95ccc1e1d2,Makera,makera,,FALSE
1b34136437b40df27f42d2ab32f92672,Mehad,mehad,,FALSE
e726f68e6bc7ca695f5e5d9a100ff963,EBR Consulting,ebr consulting,,TRUE
70907e568633e89f7955ed45b45db67a,Printing Prees,printing prees,,FALSE
0281e09ca3d8bdddc55bbf37cb9696e6,PrimeDefense USA,primedefense usa,,FALSE
ba5cac71624c00a320afec24aa01fdbe,حالي ومالح,حالي ومالح,,FALSE
486e7e7781c353109a6cd72f710b3d1a,Penspen,penspen,,FALSE
c5f5aaefa43684051f6fa380eef4b59e,Endeavor,endeavor,,FALSE
87e7ff0873cafc4807ed0233f8c8a146,CsMena,csmena,,FALSE
365e99c84a36087124c0865dbaaad550,EMAAR Al Musaned Company,emaar al musaned,,FALSE
a655c635ae3e919169091278b4635785,Arab National Bank,arab national bank,,FALSE
26e659fc7d6293a01689cde3bb3d4f09,Care4 General Contracting Est.,care4 general contracting,,FALSE
02d5cc68faa88e191d8bd5dcd1644a79,STAY Residential,stay residential,,FALSE
a2947a4d3c0e4e65ecb997bb43f35b2e,"Celeros Flow Technology, LLC",celeros flow technology,,FALSE
e0d4574c71ab16d01911cba339d30238,Medica Group,medica,,FALSE
27267ff095388efbe0953bd44ce9d605,Zegna,zegna,,FALSE
f8abdf5dfec7d389fdffac542bf519c6,Commonwealth Medical Services,commonwealth medical services,,FALSE
149242c4c41b139ada20c44b2ff7ba15,Group AMANA,amana,,FALSE
a4c973c341c797fdc2f6a1908f64e972,LanceSoft,lancesoft,,TRUE
829e03a09cf4c16f2ae0eaab938d198b,Waad Academy,waad academy,,FALSE
0da01ebd54a530c66137b02aad14747d,University of Prince Mugrin,university of prince mugrin,,FALSE
f7223094025dbd1c387a70029997bd17,Bvlgari,bvlgari,,FALSE
93e8524f77e2ea61ffa9713258dd4042,Abbott,abbott,,FALSE
823203f5a20ec1def6b4430fdc9616cb,Gulf Contracting Co,gulf contracting,,FALSE
c167aac4a6fcf0c643798155eed50b69,Equinox Resort Amaala,equinox resort amaala,,FALSE
eda2ec62075ed08b4cd3f259f454e6ee,WVB Connect,wvb connect,,FALSE
c2cf1553e96d5d88c57d152426320939,Kitoko Lighting,kitoko lighting,,FALSE
e2798af12a7a0f4f70b4d69efbc25f4d,RedHat,redhat,,FALSE
e329a378fa8d99e3651c24509ea87ac2,Naphora Games Group,naphora games,,FALSE
da62d3d2a4f9fb9ed73333b15ce067db,BEC Arabia,bec arabia,,FALSE
3fe8ebd7f5996651fa46c4aefe24b6af,MAO,mao,,FALSE
d38b537d6ab7e11287252e838f0d3cc3,CoreStruct Solutions,corestruct solutions,,FALSE
1cf19169a942691a9bf6141ac7f1c7e9,Adham Asem,adham asem,,FALSE
5837a1d57b9b309a138b97ef9d94b5e5,Ultimate Peaks,ultimate peaks,,FALSE
a87fb701bdd306cd6d39074911635b1b,Federal Express Corporation AMEA,federal express amea,,FALSE
c523650a0087d046a710bff82a934bf6,شركة مجال الرعاية,مجال الرعاية,,FALSE
0f52903a303478324f8ffd479d300259,DINGLI,dingli,,FALSE
4f8fbb9f30c202be858c1773bd330e60,Kyra,kyra,,FALSE
d5b7d6482f2a7478b11eb512f095cd2c,High Hope International,high hope international,,FALSE
c20216a1a3008eaeaeee0acf9b145b36,Gulf Air,gulf air,,FALSE
7ae8d5d05f4dc77da0e48dfa6d5ff83a,Management Solutions International MSI,management solutions international msi,,FALSE
0ef54a53ee3e0831f571604c6450f160,Abbott Laboratories,abbott laboratories,,FALSE
a0390e25560298a5db568c40cb138e7c,New Alfa International,new alfa international,,FALSE
da832d5ec279e9c772ea45978d0941f5,Maximus KSA | ماكسيموس السعودية,maximus ماكسيموس السعودية,,FALSE
c300e5250e3208eeefaafac6d16586c7,Techline International,techline international,,FALSE
29cabad6877be3f04bfd3552826da94f,Agroshipping LLC,agroshipping,,FALSE
3cd7253955a5abe349700d757b6ac6ec,"BlackRock, Inc.",blackrock,,FALSE
3dbcb073c6443fe701f6d57bc881eba8,PPL Dynamics,ppl dynamics,,FALSE
33bd210d1292347ca85f069e68958ccf,TestHiring,testhiring,,TRUE
74bfd9ef311ff42cca44edfb24c3fced,ROSEN,rosen,,FALSE
f3ea58edf3ce773f735beb26d3db0e9b,CH2M HILL Careers,ch2m hill,,FALSE
c94efac3844c18c51b9495094c3eb3fb,TASC Outsourcing,tasc outsourcing,,TRUE
8846fd7666b03b05edede6368a430123,One World Global Services,one world global services,,FALSE
006580a273617cc446dadabd2d67a08c,BlueDynamics,bluedynamics,,FALSE
dfeaf10390e560aea745ccba53e044ed,Cisco,cisco,,FALSE
db8c1c9001f8be79c74df45aba2f781b,Al Rugaib Furniture Company,al rugaib furniture,,FALSE
008a01df781ffd3f9e1f6f867615f73b,Cenomi Centers (Arabian Centres),cenomi centers arabian centres,,FALSE
7df7a2f4db7917c18db5becec375e828,UAE Job Alert,uae job alert,,TRUE
21c777e3e6d48d30a014d5ebc2f1689b,Maamor,maamor,,FALSE
3aacc73c5b9e0c82fd381b4b4a3ab819,Sinopack Search,sinopack search,,FALSE
3997a8f3a0b830dbd07b6db4fd6e9daa,The Luxury Collection,luxury collection,,FALSE
7db0849ddbf577d583df822a273138d3,Schneider Electric,schneider electric,,FALSE
adc513b405614eb2292c4fc44ea1b9c5,Amaar,amaar,,FALSE
d2e56bfeebd15f5411e59c753985371f,NovaLexi,novalexi,,FALSE
c4952f62b1cf4f7c31ea09b45352e5ec,Supermicro,supermicro,,FALSE
15f2edbdcac0dd9b5685c52e3c90499c,Helf Group,helf,,FALSE
8fd9366fbd72651cbe6aea0939577000,Jones Engineering,jones engineering,,FALSE
afab3f55fb2a2ffd588d4390e9359188,NextWave Publications,nextwave publications,,FALSE
4505cad087312551a6fbbe6ebe163e0f,Horizontal Inc.,horizontal,,FALSE
6dcb6dfd5ae9933f788ed13d084cc604,Odfjell Technology,odfjell technology,,FALSE
70cd71bd1ffcfdea593d147e409ef208,Telnyx,telnyx,,FALSE
1b0d946b543e5dde6ab9dc450b2a6870,Red Sea Global,red sea global,,FALSE
ef9f6bd1ae08ed9ad459813713d57adb,IOTA SA,iota sa,,FALSE
3a0a6bcc60a17cbe35d5bab3e7c57b61,IME,ime,,FALSE
fb31b4c83daef3296a258424ae3e1ee2,Al Tamimi,al tamimi,,FALSE
2212370ae1c1b7998eb7ddc28fbaf0e8,FNS Najd Sports Company,fns najd sports,,FALSE
f7905d8559ba70f6840b5d7db5a610c6,LEK,lek,,FALSE
22e8c0db4de7d7ca572aa38362a872f0,MARBS,marbs,,FALSE
8de8f18c7b575bf4bf81b343735323c2,شركة نقل المياه Water Transmission Company,نقل المياه water transmission,,FALSE
fecaf86ce6764e2e1637639158f4159a,Rawabi for Smart Services and Devices,rawabi for smart services and devices,,FALSE
49c5700fe0d1349be65deaf6d196db4f,ENPI Group,enpi,,FALSE
6b89391566085b1f52b20c89c5e67d0b,Salasel,salasel,,FALSE
bf7e09886607fea2f31b199746e2cde7,Cognizant,cognizant,,FALSE
1105f10dc0ca9cc1b0e010ff4506558c,Cummins Arabia,cummins arabia,,FALSE
dec05318f3cf774e3de046b16bb2ab67,Naqsha,naqsha,,FALSE
8e3bd22eefc3febfe450448631be1c1d,Al-Dawaa Pharmacies,al dawaa pharmacies,,FALSE
2a2838f9df20c6d2ef27f3fc903baebe,Watania Steel,watania steel,,FALSE
774fcb67f59b38aecd18c0d8b053f92f,Glan Management Consultancy,glan management consultancy,,TRUE
aaa3e5e3d639785000c6efb525f9b98b,Bray Controls,bray controls,,FALSE
f7edc78bc083d1c0afa8c5521977aaf9,Points Information Technology,points information technology,,FALSE
79caa9132c1160b2805f1bc97276fe06,RapidFix Services,rapidfix services,,FALSE
a444a445021d5bfcb2c4d087a5e5b706,Aajil,aajil,,FALSE
5e0882a7c64e7b54a8e4577414849a19,Setup.sa,setup sa,,FALSE
d4b365176f54cb4722626a73071620ce,Dammam Airports | مطارات الدمام,dammam airports مطارات الدمام,,FALSE
7de17bc574905ad7960be5927954de16,Insuco,insuco,,FALSE
0da4cf5db09344f0e9a9a96bf01c6aba,Etmam Logistics,etmam logistics,,FALSE
41669eb3fc1c20e06a9f74954d98373b,Alconnexion,alconnexion,,FALSE
9c87d02ef14070fea4a2953bfdcee027,10Pearls,10pearls,,FALSE
89986a5b6772c222c7154983be06ed23,Production Resource Group,production resource,,FALSE
59e1ef0df3eadfdac7cbb2e8211aa1b0,Purein-sa,purein sa,,FALSE
f96d89555ba49687bc507a8b25c09510,Hanson Search,hanson search,,FALSE
38d1fe7fc3b482535abb02a4cdb387cd,فندق في جدة,فندق في جدة,,FALSE
02aa0d4b3bdeca44f96c4c25f7ba2c62,BYD Europe,byd europe,,FALSE
9bf5a29a18d4e6b989aab060b0cb3475,Asas General Contracting Company,asas general contracting,,FALSE
0e97928c72e07ac6a5e166dfda2928b9,Al Marwan Group,al marwan,,FALSE
335b66a4c9667daeb46475e6e58867f2,Surbana Consultants Pte Ltd – Kingdom of Saudi Arabia (KSA) ...,surbana consultants pte –,,FALSE
4765388e6735ac8f3e4f93f8ed339f1f,NobleHorizon,noblehorizon,,FALSE
98527e5512a4236f885b735586b3a1de,Team Saudi,team saudi,,FALSE
3d6eae852c26b4d030db429df412b243,Aramex,aramex,,FALSE
e480299c68532cab260e5697e46d118a,Tap Payments,tap payments,,FALSE
d8cab4dca4304273c5bdc0cf1a178934,Trace Systems Inc.,trace systems,,FALSE
7dd3a569170f1585686b600ba2473ccc,Naseej,naseej,,FALSE
961597a703cbada3bf25b041eb2b42a3,Pulse MENA,pulse mena,,FALSE
f0dc94aa26cf1a53117415be70da3eee,ASQ Education,asq education,,FALSE
0d481b23f6d139ec2e8595fc4eede1e6,Sharaf DG,sharaf dg,,FALSE
3ea520ebb23ead90e554787007b54ba0,FAAC Technologies,faac technologies,,FALSE
3efad7ff9c4ddd34d93b7a551a33608d,تطوير | Tatwir,تطوير tatwir,,FALSE
505a34520c496a6534b0cb9947c1388a,AZM Engineering Consultancy,azm engineering consultancy,,FALSE
a9627d57c4d9d51a1c774ef970e8ae6f,شـركـة الـخـلـيـج الـعـالـمـيـة الـمـتحـدة لـلـتجــارة,شـركـة الـخـلـيـج الـعـالـمـيـة الـمـتحـدة لـلـتجــارة,,FALSE
952ce839448ad537d19bf552d832b7b4,Lancesoft APAC,lancesoft apac,,FALSE
4041f0984a47bdcf0c666b9c308db8f3,AlBorg Diagnostics,alborg diagnostics,,FALSE
70bc78876809f4b253248919440fa173,Jadeer,jadeer,,FALSE
db0da4c13e144bb8996f448034088b96,مجموعه جلوبال فرانشايز,مجموعه جلوبال فرانشايز,,FALSE
de057ae07cd2606b8704ad43597a6938,Thermo Fisher Scientific,thermo fisher scientific,,FALSE
c50d6c42e8494bb7232f8d036bdb7e63,Iron Mountain,iron mountain,,FALSE
344b9917b1a1afbfab891d3d9178fe6f,Society of Emergency Medicine PAs  (SEMPA),society of emergency medicine pas sempa,,FALSE
2a1084663a4d721973082f1473c1beaf,Trueai,trueai,,FALSE
7b42cd9e1e238bc4b0b3fcaf9c6d421b,IC - Jeddah (JEDHA),ic jeddah jedha,,FALSE
3311842a74c4736836a29eefbc1ea464,SIG Group,sig,,FALSE
b39b9a298aa2bba71ba05c4d8a68281a,Ll Oefentherapie,ll oefentherapie,,FALSE
ef1d0e18fe8c63a173103a0486d43def,Kempinski Hotels,kempinski hotels,,FALSE
d4e4d282e50a338931d9fa2685c24d4b,Baker Hughes,baker hughes,,FALSE
3b0643382239e77dd497592f23e8bc23,Cipher7 Business Consulting & Digital Solutions,cipher7 business consulting digital solutions,,FALSE
31b3c26910dac17169e022e1b2198e46,شركة كارب للخدمات الصناعية,كارب للخدمات الصناعية,,FALSE
988f25de54744fd5820af3ae83a59180,THRAA  |  ثراء,thraa ثراء,,FALSE
8684bb6c6ea727adf6f221eda51fd9b0,Jobgether,jobgether,,TRUE
4f7e11633b3f8e44b442d79f35dd540d,Maximus KSA,maximus,,FALSE
fa3289de4bb5d0f52003e83f0aa9cf46,Zoomlion Saudi Arabia,zoomlion,,FALSE
64c5d3bdc9fb73f11165e57b77584120,Cartel HR,cartel hr,,TRUE
819c251c0659fd1a7d1ff5c0e537a38d,Hydrawash,hydrawash,,FALSE
f121cbab7420da57755c1aafa0262022,24-MAG,24 mag,,FALSE
a32e8da9ce869f9e9a291a4e9240ed26,Applus,applus,,FALSE
898b99d457920a783c422e14183952cf,GBMLT Manpower Services Inc.,gbmlt manpower services,,FALSE
2d68dfa44ebd53a1c99e424feb83760a,Suliyan Company,suliyan,,FALSE
4afe5299af44242f48af1e04ece569f8,Thoughtworks,thoughtworks,,FALSE
7e6b3b2359f5021b8af8ee5bcf5f8be9,Valiant Integrated Services,valiant integrated services,,FALSE
710133d9a7c08c03cb449427b00dbd50,Mammoet,mammoet,,FALSE
65b374f5f50affb176006f998adc28b2,Teliolabs.com,teliolabs com,,FALSE
de44b29ec0ab20b9b19c98547facd093,Asteri Beauty,asteri beauty,,FALSE
dffdff99751d82fa3cd9a510b9447337,Takein,takein,,FALSE
ba586ca1105ce3b764e1e399f606a09f,MFI Technologies Incorporated,mfi technologies incorporated,,FALSE
ffcac5a62222803a8b16ed8a0f82bd01,ISM Prefab,ism prefab,,FALSE
c38b67fa912e0a2b56e366fee9fbb7f5,Vravello,vravello,,FALSE
abe78f853f3edade94b4de5ada95b347,Eunoia Tech Consultancy,eunoia tech consultancy,,FALSE
f0a1da7f43e936102090e92630933a1b,Meituan,meituan,,FALSE
13b08dfbc036ff54192e7227086e824c,Roots Recruitment Services,roots recruitment services,,TRUE
784742a66a3a0c271feced5b149ff8db,Anton,anton,,FALSE
cb00d73e633683a42f154db242ded4c3,Go Get Hires Now,go get hires now,,FALSE
510269e55f8a9eefe8fc7e46e8378bc5,Karma Sugar Company for Food Industries,karma sugar for food industries,,FALSE
7dd64b58afb10f28f0562df2aeb95919,Watan Care,watan care,,FALSE
548daf345ac6f3d58f2a74dfbc547ba2,Matar Holding company,matar holding,,FALSE
a2f84bc5dc3263fac81bfaa34763be60,General Electric,general electric,,FALSE
fa38e16cce9bdcdfd767f30885140511,Müller's Solutions,müller s solutions,,TRUE
a8ab8ba26a41ea5a37bb6e232deda61a,Naya Jobs,naya,,FALSE
7a558bad4a6a4e85b6aadc356b2e32dc,EngineeringUK,engineeringuk,,FALSE
aff87e51f40670f4f1cb51a514078c5b,SecureLine,secureline,,FALSE
7a9f05e9b77c25b229ad6f1e01015ef6,SAUDIONE,saudione,,FALSE
dbaabb11019fcb9c1918a0ddc2250df1,MSC Mediterranean Shipping Company SA,msc mediterranean shipping sa,,FALSE
0df05ea7fc682268d04b58a2315087ec,Faena The Red Sea,faena red sea,,FALSE
d077750f61fa2b44adc0b0e64fbbd19f,Rateeb Services,rateeb services,,FALSE
71579009f1de0b9e24e550ec798302df,Echelon,echelon,,FALSE
a1b4787d7ea16fb4a1980327710052e7,Accor CN/ZH,accor cn zh,,FALSE
f45f8860c84fb893dfe52cea56089860,Applicantz,applicantz,,FALSE
9e8b0629d33c6b0d9cd1849d298183fa,Ogilvy MENA,ogilvy mena,,FALSE
e5421ee979e4197e4faf6295cf740f59,Zid | زد,zid زد,,FALSE
a878a1322ec6504e4e8e5c4c4aa2bf50,InnovationTeam,innovationteam,,FALSE
5f3a1017e449bedde0a1abbe7b68f321,Salem Babtain Office,salem babtain office,,FALSE
f65d6efaf29778f6c359ffbca4f7d26e,Alamoudi Luxury Hospitality Corporation,alamoudi luxury hospitality,,FALSE
e377ec996865876585ad18ef7bc5fc96,Zahrawi Group,zahrawi,,FALSE
3f2e8a31b2cec1f4389ba3758da50c02,JetzHub,jetzhub,,FALSE
2b9bd465ebea9c69a4564e3e4d3d6bd5,شركة الهرم المثالي للالات والمعدات,الهرم المثالي للالات والمعدات,,FALSE
341cf26a6674d8d79de49d3103550cc8,LearnETRM,learnetrm,,FALSE
9506530729e1bf2e2e7f83a55dde6328,nuasecurity,nuasecurity,,FALSE
b9148eca0e0fbd074d7fee7ac10cf1ed,Wolffkran,wolffkran,,FALSE
aaa455f8dfbb37e14d24f7d9c0b7928f,SME Careers,sme,,FALSE
08618bb89a0f8314bb891cd0c4d1a716,Antal International,antal international,,TRUE
098c49c2fc05f42b61781c5cb8944fad,Azeus Convene,azeus convene,,FALSE
da9c8c4bc5be0ce1b505496d8a5ef68c,The Saudi National Bank - SNB,saudi national bank snb,,FALSE
cee18e4b11bdd9a577b4fa1465e81608,ASSA ABLOY,assa abloy,,FALSE
e166bce51ceef0b7f0186d6075b49569,ITWorx,itworx,,FALSE
7026cd7aa36795290f64694ff82deae2,Al Burraq Al Tayer Delivery Services LLC,al burraq al tayer delivery services,,FALSE
3a66c70df93edf4cb33be4afa8c7af58,Axpo Holding AG,axpo holding ag,,FALSE
2139839d8a759c4d0c1c1f82fdfd0a94,GE Vernova,ge vernova,,FALSE
6c727074b58678eef8a7a3d867616b69,Karaz Platform,karaz platform,,FALSE
2630eff285df1f8d277dae10659d2970,Sunbulah Group,sunbulah,,FALSE
e98f3bea822490c2d26c4ae7f020ce2a,مصنع بوابة المصمك للصناعات المعدنية والخشبية,مصنع بوابة المصمك للصناعات المعدنية والخشبية,,FALSE
945ed5c2a49a01b56d002167e170318d,SFASCO,sfasco,,FALSE
3d464cc1a6da11ad417ee1191e4324ed,Cipla,cipla,,FALSE
90f9d089985c9035ec02068e273ac495,Seddiqi Holding,seddiqi holding,,FALSE
10add0125acc566f967b0dc607d83d92,Hitachi ABB Power Grids,hitachi abb power grids,,FALSE
64bf2d5a578b0d57a2c522ed222f114d,Dralruhaimi,dralruhaimi,,FALSE
72d2cf30d48426323c8bb8d06d2cfffa,Global Consultancy Network LLC,global consultancy network,,FALSE
ddb751213270f34402002e3a43f049b4,POSH Fleet Services Pte Ltd,posh fleet services pte,,FALSE
2ff3e4ef883ecf9e9f0f7e7c41a06707,Olayan Group,olayan,,FALSE
5b5b33fd4af1a7eb257682959553f1a7,sraco,sraco,,FALSE
2a223d6c3ca37e4bb64f6929ea066733,Alpha Limit Group,alpha limit,,FALSE
e9bec114a2c12615a1873156e20b0527,Red Hat,red hat,,FALSE
d8e7362f96175fea512bb8bf6b6c84b3,AlOthman Holding Company,alothman holding,,FALSE
029c23901d886358d75f0f4002590f29,Nutrili Supplements Trading LLC,nutrili supplements trading,,FALSE
84ef22f22d59bbcc92cd1b44a3b98982,Loewe,loewe,,FALSE
f0cf6a430487c674267f33523e30333e,Environment Fund,environment fund,,FALSE
430a4200e0c68f338eeceb4cfb1fcd90,Ericsson,ericsson,,FALSE
2f62b5a60f15ace5c1c22375ac6d83d2,Aujas Networks Pvt. Ltd.,aujas networks pvt,,FALSE
4856252e688cb3f700917a83df8f295d,LAMAS consulting,lamas consulting,,FALSE
339b24c0cf7e5838da6f14278a51936f,أروقة الريادة Arweqah Alreyadah,أروقة الريادة arweqah alreyadah,,FALSE
417a1944b6f7bc8b00500730df197d4d,LHR USA,lhr usa,,FALSE
46e67609c44b73e6b68deff65401a121,Skydrop,skydrop,,FALSE
a5ed6d7b69fe078324a2bd8da0da9108,"A Leading Construction Company Specializing in Stone Engineering, Supply, Delivery and Installation",a leading construction specializing in stone engineering supply delivery and installation,,FALSE
fa7a61d25bf0186be7fcb53f9bab1d2d,Aikido Security,aikido security,,FALSE
e14cba20ec86ca85c9ec718b29e651c1,Gramian Consulting Group,gramian consulting,,TRUE
2fcbff5f9416f04eb81b1b8faa01eeee,Apparel Group,apparel,,FALSE
8afce6f84c57095e11b9b01f66d01726,شركة المناولة للشحن,المناولة للشحن,,FALSE
9d3a1f5d7c57aa32d394a44c6f08d9cc,GulfSea Services,gulfsea services,,FALSE
1c3a5f49f24099faf22a71d63de2d0cb,Agfa,agfa,,FALSE
f508e3a558335b35bbab0bda32911b9b,Manarah Ventures,manarah ventures,,FALSE
ccd56081f329ef4e1b990eb0b9115f0f,TAQA (Industrialization & Energy Services Company),taqa industrialization energy services,,FALSE
3f39e3cb2f4a838d1a3bdcfa34c8e27f,Grundfos GmbH,grundfos gmbh,,FALSE
25fc22e11337da78d28943053090167e,eXtra (United Electronics Co.),extra united electronics,,FALSE
a2f970a2a010d8ce19b358bd0eed3009,Tamkeen Human Resource (THR),tamkeen human resource thr,,FALSE
a9c66e0006056df1835719de9147f506,Trillium Flow Technologies,trillium flow technologies,,FALSE
8daa6162a7b8a2e2894ebcbbfaa9012b,Etihadtechco,etihadtechco,,FALSE
221b20354f54764189778abab90b4254,WSP USA,wsp usa,,FALSE
634dafcf6e6cbd81e8923b2650ad1374,Andritz AG,andritz ag,,FALSE
9edfa74fde077f49154e8dcf97f37cc4,DAALLO Airlines,daallo airlines,,FALSE
90735b9113d447b9f3c3b0d9fdc2437e,Cognizant Technology Solutions,cognizant technology solutions,,FALSE
5c997d5bdedcc406e62728e00e245a55,Saudi Aramco Total Refining and Petrochemical Company (SATORP),saudi aramco total refining and petrochemical satorp,,FALSE
4768ae7ed26a7b95c0905df3e3e41135,Mansour Al Mosaid Group of Companies,mansour al mosaid of companies,,FALSE
9d17bfed0dde194a9f4ea90745b03918,topEngineer,topengineer,,TRUE
ff5d35756b463a02e583ec2ddf09041c,Brainlake Advertising LLC,brainlake advertising,,FALSE
697058bc07e5d2a8d1bb9240cb6bf4d7,Energy Jobline,energy jobline,,TRUE
5d4650f21bcc119d38fdd812d1296f63,MENA Alliances,mena alliances,,TRUE
cfc20e77a045ba8af5836fbbe370ae02,RegDossier Cloud,regdossier cloud,,FALSE
c0cfecdb67fcea8e320439f6c52424e3,AKFAL LTD. CO.,akfal,,FALSE
1dd79652cd603cfa21d5385125cb6a4c,شركة معارض ومؤتمرات,معارض ومؤتمرات,,FALSE
900939192f569b0946bd9f8456951aca,Maharah Human Resources Company,maharah human resources,,FALSE
f8a9e23dc3bd474e7bc6f626d47f6abb,Gilead Sciences,gilead sciences,,FALSE
c7b2befb5ea891f58cbe61799fb5b8d4,Exotel Techcom,exotel techcom,,FALSE
d6390a89b1fd410c905f79b9cac438ac,SS0 Itech.,ss0 itech,,FALSE
f5cccd33aaa7279dee6c4faafd3b352b,Al Shirawi,al shirawi,,FALSE
6ef14f0bf2e76cd4a09830b0a8eaffe4,Energi People USA,energi people usa,,FALSE
c9d431d412a3c4933ce2af79b06775f8,Eventful Corner,eventful corner,,FALSE
638213708a1d1ff8366f3e44bc8c9703,Assaad Faraj,assaad faraj,,FALSE
a4bab98a364457c60c8d8fd082f2e9e2,Ethra HR,ethra hr,,FALSE
4e784ebb076cd42dfe6a09b8f9a6eead,Al Majed Oud.co,al majed oud,,FALSE
6f1b4289949b1073216469e1bebbdd59,Ghanem,ghanem,,FALSE
a03bc7ace00e1c1809b6d91cfd72dbdf,We Are Augustus,we are augustus,,FALSE
8a065a35c43422272f6c3e21ba8ca5dc,SSC HR Solutions,ssc hr solutions,,FALSE
67dd8e52269beb477e551aa3ba6a17b8,CSI Engineering,csi engineering,,FALSE
28ea10b90524e4ef8d3df5b206d25293,Al Jomaih Energy & Water,al jomaih energy water,,FALSE
9770a912a024ff4a98ae47b1a6374383,Unison Group,unison,,FALSE
7db4e77bbb908aef69baf34d5ef9d340,Armada,armada,,FALSE
47b6db8fd78da4b163c9773a438ab8ab,Geosoft Surtech,geosoft surtech,,FALSE
a05b9c4f0faef617f63390aeb8a8ba9c,Dallah Enterprise,dallah enterprise,,FALSE
f9dd632331855feedb5dcab06dec8aa9,RGH-Global Limited,rgh global,,FALSE
faf6fe165364d4c0651e68e142f705bd,Tech Junction Ltd,tech junction,,FALSE
05fec2ec52af11d0d12014e860af0f46,King Abdullah University of Science & Technology,king abdullah university of science technology,,FALSE
67fd53a8ae691ad72b1640aca01a8580,Apt Resources,apt resources,,TRUE
b10cba653024b7961cf38eba34413168,QTC- Quality Techno Certification,qtc quality techno certification,,FALSE
d52acf9a3a311946279302382d33c744,Arventagroupza,arventagroupza,,FALSE
86ce63f49a05a9b9906517bae0a11f74,Forcepoint,forcepoint,,FALSE
58d014c9433838af75184da80fe53b0c,Carter Knight FZ LLC,carter knight fz,,FALSE
ae80afeda80265d5239390f3a72458fe,ECEC East Consulting Engineering Company,ecec east consulting engineering,,FALSE
90c09693eef5a5b6895bdc743d40df02,Multilink Management Consultants,multilink management consultants,,TRUE
7ae2f21e185117d39408d9ae1b63242b,Connexr,connexr,,FALSE
c6ad0c4fd2ecf1c208341f364e965709,BMC,bmc,,FALSE
806deb5a285e769a9471fa8e73393eab,CLV,clv,,FALSE
18106ad5661561606a61c1c2d78864be,Raffles Europejski Warsaw,raffles europejski warsaw,,FALSE
8737b857eb6f676d3ab9a23558d3f6b0,Albawani | البواني,albawani البواني,,FALSE
1a4b8102d90edb050bae2ac19feebcf2,Tarabut Gateway,tarabut gateway,,FALSE
2feb2c5e98391165cf6f3c20310aac1f,Montblanc,montblanc,,FALSE
f75512093b39861bc0e4a350a35d3fbf,maden,maden,,FALSE
cd09c30d57eff2e826733e400d583f29,غير محدد,غير محدد,,FALSE
910955a907e739b81ec8855763108a29,be group,be,,FALSE
0a307bf0ebb3abe0c1563407df11a859,Emkan Holding,emkan holding,,FALSE
01286de8e07e6e4aa33b773f9d89c3bf,Unilever,unilever,,FALSE
d5d8ab13d988b5c080ddf139f2782941,Genplusgroup,genplusgroup,,FALSE
b0a83ec3269edaa3308cafde0210604e,Miramal Company,miramal,,FALSE
c20bb20ace05b031fcf4e1e645712656,Ten Lifestyle Group,ten lifestyle,,FALSE
dfbe7a24620b2adce4934b9ebe68b3b7,Epergne Solutions,epergne solutions,,TRUE
82e2d259d4c6367f3e0172f93863b80f,Centrum voor Medische Analyse,centrum voor medische analyse,,FALSE
8a73c9d5101e86ade4250356900fa36e,spiderSilk,spidersilk,,FALSE
03e216884c8ae3be0cf23adc985e989e,Boskalis,boskalis,Maritime,FALSE
f1dfe13baba8016e48a183bef0023baf,Ethos Interactive,ethos interactive,Marketing And Advertising,FALSE
d27149a5deb6bbc4de953c6e72b85420,Salla,salla,Information Technology and Services,FALSE
d30c7d0a2302b1b33d08e3ed6ed40446,Workhint,workhint,Computer Software,FALSE
77c1152c3db6ba05fb146d3d46430218,Facil International Company for Hotels & Food,facil international for hotels food,Hospitality,FALSE
aa4b06f4ca05f7698dc583ba93b78767,AMICO Group,amico,,FALSE
f5e975aa551d1ae4e91e8ce93b9696b0,Snap,snap,,FALSE
28e162d48f1cd4dbf754dde09298b5d2,Dsquares,dsquares,,FALSE
dfa5d29213d5766320e039636b01173b,"CBRE Group, Inc.",cbre,,FALSE
93590db1a7b3f0230fe7b704da6b6d91,3M Consultancy,3m consultancy,,FALSE
17fcbb73112136b3ade64643290dd425,Abroad Work,abroad work,,FALSE
5bd50a1fdcd322a06d3a142f5b2ff881,Shipa Ecommerce,shipa ecommerce,,FALSE
1a45df4d2a7d54c1ca9995b043f6e90c,HR Unique Contracting co,hr unique contracting,,FALSE
51d7952a11186947c94749c4b88b7921,Met T&S Ltd.,met t s,,FALSE
e905f8a70b9ebb1439b2868f3dbf8884,American Academy,american academy,,FALSE
6fe3b1a2bc2a0f5359cce10497ad3ace,Content Creators,content creators,,FALSE
1661d77aa882618e38490f16e44abae1,ELECTRA,electra,,FALSE
337efef1b620efe6fe3ad582ac7dec42,King Faisal Specialist Hospital & Research Center (KFSH) | مستشفى الملك فيصل التخصصي,king faisal specialist hospital research center kfsh مستشفى الملك فيصل التخصصي,,FALSE
f63fd156c2b98f0f8eae780f93634bb2,LiuGong Machinery,liugong machinery,,FALSE
ff56722f9c8f3197516d3d3a703292a8,Anter Recruitment,anter recruitment,,FALSE
659c872f98f7eece2f1349d92196eff2,Hussain Rental,hussain rental,,FALSE
bc0e4b024987724cb14250a21922dc10,NextPartners,nextpartners,,FALSE
705767973670451af5699e50ed318fe6,SCT Executive Recruitment,sct executive recruitment,,TRUE
916a6f840f2d37b1efad0b6eae88e8d2,Resemble Systems,resemble systems,,FALSE
a1155cef43480d1d47c8fcd89624f312,Midea Shaker Company,midea shaker,,FALSE
c9b7484804058e4d04d4712254ad141d,One95 Global,one95 global,,TRUE
af7018bce3402d595aa0d0a2799da15b,DSV,dsv,,FALSE
ca5eef75085a52cd39caed3ce68b599c,NicheHR LLP,nichehr llp,,FALSE
fd6ebf178036cb0be3ab421d1fd8b2ab,HAK Engineering,hak engineering,,FALSE
fd6a21cf256f70648a4e9fec19e901c1,Premium Medical Solutions Company (PRE-MED),premium medical solutions pre med,,FALSE
5dc0c9ae668f2e0c31da5571bd04854a,Expo 2030 Riyadh,expo 2030 riyadh,,FALSE
1408bb4e37bfba6316c3b2bec950a1ac,Skills Acquisition,skills acquisition,,FALSE
0c188046eb828c68fc79ff9dc77f07c3,Power International Holding,power international holding,,FALSE
0d03809fcd6069b0096db7e4978e07ce,Proprofitworld,proprofitworld,,FALSE
9c3541015a7a8f80e920785e47d69d50,Tabby | تابي,tabby تابي,,FALSE
f77be2a38ebd4e1357d44f6abac2461c,Rela,rela,,FALSE
d5ee6e0e09f552c871a542f0b19378fa,Turner & Townsend,turner townsend,,FALSE
c4b53192fd44b19dcdd612b270f3c296,Mercor,mercor,,TRUE
8052b980fe531ac39231b3057ef1aff9,BiopharmaCareers,biopharmacareers,,TRUE
2b731c6e0eb4d75ac5853b414d8900f2,Beko Global,beko global,,FALSE
d3127fec0a5e3a1bf545c7e432e9e6d3,Proger,proger,,FALSE
59a98359503184d9c6088872969e59d0,Al Kather Building,al kather building,,FALSE
b0ab29683ff2d4b261fe8eeeac103de2,Joseph Gallagher Limited,joseph gallagher,,FALSE
156f87061a8b71729b95e1a02c4a39eb,Afzal Rahman,afzal rahman,,FALSE
ea9e29765ee4c1001f290c90eb411bb7,W Hotels,w hotels,,FALSE
d3c8c92e6c96a5d8e64117fd7f4b9682,Jeddah Tutors Academy,jeddah tutors academy,,FALSE
196fb9828dcc5a72b81aa8447d998b99,ZARRAA ALKHAIR,zarraa alkhair,,FALSE
b31ed76649bb00ea273973070afacbc4,Sscirra,sscirra,,FALSE
73b2fe8289715ec164125338af6ec8af,DYWIDAG,dywidag,,FALSE
e9dc6e0ccad489bb27e82a352b4d4a7f,Client of MM Management Consultant,client of mm management consultant,,FALSE
b00603c1598cbfccdba8faaf74043a42,Jacobs Engineering Group Inc.,jacobs engineering,,FALSE
3a8aa14b09c007603f0c93151120b014,Thales,thales,,FALSE
0369fd84ae40424e9d3d5b9507f5ad9e,Aretè & Cocchi Technology,aretè cocchi technology,,FALSE
6e837d0595c68cf9b5c5175a781e7640,AsasAlJood,asasaljood,,FALSE
9427ecbcf8376eebff9a6728714d305d,Mohammed Abdulrahman Farhat Contracting,mohammed abdulrahman farhat contracting,,FALSE
296df1540870d1046cc25b392814596c,Jones Lang LaSalle,jones lang lasalle,,FALSE
4382e8e300b7c14bbc8823484cb2462a,Emdad By Elm,emdad by elm,,FALSE
46c904c469bb61e29e4b8a619b52229a,VitalAire Canada Inc.,vitalaire canada,,FALSE
8bf7ec6cf81b5bfb88f5f556c622463d,Saudi Geophysical Consulting Office,saudi geophysical consulting office,,FALSE
40e94d6c5e21660fec3d7d8c74f17c87,Helen Ziegler & Associates,helen ziegler associates,,TRUE
cb3a34290f954a6257b26ce80f6ac265,Mohammed Yousef Naghi Motors Co,mohammed yousef naghi motors,,FALSE
21416f759eb400a8342288a89c82849c,Arab Solutions,arab solutions,,FALSE
d4e601e58a1c47bd6da3275e88d4355b,YAX,yax,,FALSE
ba824464585560ff7864675b932bcd01,BRDigitech WLL,brdigitech wll,,FALSE
35b43835ae19e03bcb70811f991b8a99,CGIAR,cgiar,,FALSE
b7ab47481e7f0c28a2884464f0304407,Fastfit Ems,fastfit ems,,FALSE
b4e2ee3fab5ef94c1192f41a020b8907,"McDonald's Saudi Arabia Central, Eastern, & Northern Regions",mcdonald s central eastern northern regions,,FALSE
06dcb8e8f67627d560dab3a26ef9b01a,Ipsen,ipsen,,FALSE
81084001c966b1b94001c5621973c969,Client of Talent Blueprint FZ LLC,client of talent blueprint fz,,FALSE
80e59547885e2eb826dead0a91596a9e,Fairmont,fairmont,,FALSE
89e3d7a9acfe0493b701ccab8b508111,VaporVM Ltd.,vaporvm,,FALSE
ba0f9709fc0021528c189c832e8d6848,ESP Engineered,esp engineered,,FALSE
f2cd8f53a4abfe7ca024516cb1e61ce2,ساج الركايا,ساج الركايا,,FALSE
ce2e1d80d97e619d1b29861c2346e8af,Axiom Technologies,axiom technologies,,FALSE
ad2806230fbea4a9162142b2f6a9a34d,SearchPlus HR,searchplus hr,,TRUE
ecdfd0acc618afd5d570b2c57b545c16,Vox Solutions,vox solutions,,FALSE
f6a5d6760c16714648b90e2e45fa5f35,Nuhood Najd Contracting Co,nuhood najd contracting,,FALSE
d3511737c3980fd2bdd472c2e08cdebe,Saudi Aramco,saudi aramco,,FALSE
8ea8778b097e80f8cdf4185f3428d258,Saudi Xerox,saudi xerox,,FALSE
f5888d0bb58d611107e11f7cbc41c97a,Marco,marco,,FALSE
dbd7efe8db7a7d0260edd6101bd492ae,BLR WORLD,blr world,,FALSE
a5c19fe47cafb1189dc4d81e2a2c4524,jamal altaki,jamal altaki,,FALSE
9bd1291ed45a268140d53a8a6202977c,Mitsubishi Power Saudi Arabia,mitsubishi power,,FALSE
75993b87c188c4fd385a41a17c547f85,Panasonic Avionics Corporation,panasonic avionics,,FALSE
d0679516059cee395863c17622e26d78,IKK Group of Companies,ikk of companies,,FALSE
cfe26a9efb0e689b7a91af66a90791d5,Nash,nash,,FALSE
177627f91af678a9b03e993f1a91917f,Checkout,checkout,,FALSE
a3239f7855a0c735e8223b3b52351ff7,Novartis,novartis,,FALSE
a3266441ba91aaccb68707a13b3ffe33,Silver Edge Arabia,silver edge arabia,,FALSE
40a8586611cb7688c097a75be6fe1c43,Actron Global,actron global,,FALSE
40f6dca21d3aae60eaa359a283c39603,International Women in Mining,international women in mining,,FALSE
63bcabf86a9a991864777c631c5b7617,Delta Co.,delta,,FALSE
4e7232c0713b87c8fdd50b2a7cf5f7a6,D.O.M. magazine,d o m magazine,,FALSE
8dd7484e1a70de8230e7be314a4da97c,Lucid Motors Middle East,lucid motors middle east,,FALSE
d45286b9331b5cee256de1384f49af51,Retal Urban Development Company,retal urban development,,FALSE
2bb8d809d871a7c1a392fec36563a8f7,Atoms,atoms,,FALSE
365810dc231060ee6478335626bc9e8b,Mumzworld,mumzworld,,FALSE
fd4dace909f5c9b7c354e3051d1edaf5,Michael Page,michael page,,TRUE
7a3e3e82b02fa6753ec4e42536ebbe06,غدير الحداد,غدير الحداد,,FALSE
b7b985a8031c57fd64e8b8d49c674a68,FNRCO,fnrco,,TRUE
5c6d05435604b04448e795cb1bad2da0,Elegaci,elegaci,,FALSE
a4f48c30f07fbe8da1c03a7ba61b3f7e,Blacklane,blacklane,,FALSE
382c5899be62fa59a7420db098aa2e51,مجموعة سدر,مجموعة سدر,,FALSE
3aa4cb8972e48c5ded029cf16c3d443c,inMy Jet,inmy jet,,FALSE
855c41f8636dfc57234217eac6201dbc,Dexcom,dexcom,,FALSE
8dd78ece3b1cf30ebb2619c389a2c354,Umair Awan,umair awan,,FALSE
c3777fabacfe8361aff693764f9f8a08,Boston Consulting Group,boston consulting,,FALSE
a475bab594f6f20cf63d719a9f9dcadb,Waseel,waseel,,FALSE
5e8a02b0df27212cc0f6c551e5690b3b,Career Maker,career maker,,TRUE
8c303f13884bd78bded678749455eff3,Idaratech,idaratech,,FALSE
ef51db65920b1954d7d4cbfe15f59268,BOUNCE MIDDLE EAST,bounce middle east,,FALSE
ec16b95179d525d056228115e32fa4e4,Sobi,sobi,,FALSE
224e026a8d4b2ae928f32ccf5d981923,Rixos,rixos,,FALSE
ff34f234f11a77f774f4444f588fb936,PeopleStrong,peoplestrong,,FALSE
a7984ff2229e73d2f4fcbb9a4c60a948,Deutsche Post & DHL,deutsche post dhl,,FALSE
75c417b9999484e959df83ad2c06a1e8,theredsead,theredsead,,FALSE
f00bbb7747929fafa9d1afd071dba78e,Converge,converge,,FALSE
ad50ec88fd4d9030abebb46f25a1fe99,Sanabil Studio,sanabil studio,,FALSE
0366d970c1899dbfb823b34401fa1565,Closer Core,closer core,,FALSE
abb89bba2673b83234d288a225eee434,Comlux,comlux,,FALSE
69a16099899b773f02c57b16de2c4ea7,Risk Associates Pvt. Ltd.,risk associates pvt,,FALSE
bdf5bcb81dfb137f10d604e78c404da2,COREcruitment,corecruitment,,FALSE
91d72af663b804e5921c2a18f0dc7938,LPM Restaurant & Bar,lpm restaurant bar,,FALSE
81c47dbd4f03c76671647af07e5e2c83,PW1477 GE Vernova Saudi for Advanced Turbines,pw1477 ge vernova saudi for advanced turbines,,FALSE
fc9d29882d22841f617cd68973b18206,Alpaca,alpaca,,FALSE
65f31fed2b89bad1678e97333a8ba6fc,Takwene,takwene,,FALSE
2719948c572929ef35d702ad39c81f52,TRACTEBEL,tractebel,,FALSE
fdeec5236356c1634103edefce1ff28e,"Unifonic, Inc.",unifonic,,FALSE
7c957ed7e6a2b0b1b1235a6aabd1f3ef,Marítima del Caribe Dominicana,marítima del caribe dominicana,,FALSE
c8411a99cffbdfb595914fdfb12bf2b5,Prowork Events,prowork events,,FALSE
abc17880283277eb9b1e3b142789689c,Cloud Software Group,cloud software,,FALSE
28de9fb4e55ad647e677eb2ad44aec36,Ethra Human Resources,ethra human resources,,TRUE
10d85665ce56484fab4d28a787d9d5d8,Atain,atain,,FALSE
aa75c48d2a4021b50c9ba4a94a591335,Gibson Dunn,gibson dunn,,FALSE
0a835c9a7169993dde85eb6be75e552f,AMIT International Group,amit international,,FALSE
66d7c71501fd852b7be39d23797f60b2,Client of Byron Recruitment,client of byron recruitment,,FALSE
414d49e28e8fa74ca8e7604493adb78b,Bloom,bloom,,FALSE
183b0b3b9f26912e19d8e151254ff743,CBTalents,cbtalents,,TRUE
42a1d82f34843df5556b6e747f1e9e5e,esrhealthcare,esrhealthcare,,FALSE
117250832ada77e4a4f4fc7f28fc623b,Maden Hotels,maden hotels,,FALSE
c1cf502a9441c48e7ee98f32d1d64413,Wipro,wipro,,FALSE
e720cb88ef3460152809c5becced4569,Shawarmer - شاورمر,shawarmer شاورمر,,FALSE
a7f58cdb1120f2f041557b17ed07cc05,DataSec,datasec,,FALSE
1870a39e1960622f6813ad8c762f4813,Strike IT Recruitment Services,strike it recruitment services,,TRUE
6ae3737bc4e02304f40ac0a04ba8e031,King Fahd University of Petroleum & Minerals - KFUPM,king fahd university of petroleum minerals kfupm,,FALSE
947cfb1bacedfc3df3fd0fec1f14fecf,PrimeGlobal,primeglobal,,FALSE
38291bb85b78311608fe6e5f9720d69a,Asiatic Consultants Manpower Resources,asiatic consultants manpower resources,,TRUE
513868a1ab92de4c34d68013d59603fa,Samir Group,samir,,FALSE
86b5c07cb76bcc0a6375ebcb63d54d45,Nesma & Partners Contracting Company Ltd.,nesma partners contracting,,FALSE
10a01c9a33220b21042a6670fc8ba7c8,Air Arabia,air arabia,,FALSE
e95dafe7231707ebe28f6aeef49153c7,Roberts Co,roberts,,FALSE
207e066a43641a43c38a31a83c2828ba,Northern Trust,northern trust,,FALSE
586f71c626e7e3516b6102f6f70b7057,Kerten Hospitality,kerten hospitality,,FALSE
81cb5094fc31f55780ea16fe97b4172b,SARx Exchange,sarx exchange,,FALSE
a08b2617cf9055d2361a6bb6ad4ec3c5,جمام للتطوير العقاري,جمام للتطوير العقاري,,FALSE
f21ab91a2510f39c38c8e3260252b1ac,Wooden Coffee,wooden coffee,,FALSE
13f27b1072bbf7719d0d267b083ff91c,Abacus,abacus,,FALSE
c05939f26a0a038d87ede2faede9d630,Vertiv Group,vertiv,,FALSE
18d43ffcaa10dbb47b5686a127cf38fd,Saudi Post (SPL),saudi post spl,,FALSE
63faa810bcb6cdcdd30ccae5ac4ef511,Besst Group,besst,,TRUE
5d70658876016e49ce38ad08465fdc24,connectalents,connectalents,,FALSE
667c6b4207a7343b2f818fe96cde1ce4,My Clinic,my clinic,,FALSE
5fcfa7c7043e79501d1088307c03c7a6,Savills Middle East,savills middle east,,FALSE
f28b4dabd1e32cb537a724c9399b8abf,شركة المعلم المتحدة,المعلم المتحدة,,FALSE
1bd6bb5cf1c35c8d111400f3b85728f6,Lucidya,lucidya,,FALSE
ff56ba93fcd5d455f3be6dd41bceffe2,Siham International Trading,siham international trading,,FALSE
1bab463fc3ba5004b200722f322f61e2,SEWAR GROUP,sewar,,FALSE
c81a271eceb3371b123e772ed18764e6,StrongYes,strongyes,,FALSE
08b3459b2a12bce5e661118840c05a63,Siemens Mobility,siemens mobility,,FALSE
f307ce1b57782d4b98b68de90a2ed2b2,Asmacs,asmacs,,FALSE
5af0cd726725586d11b807c2cead993a,Trans Industrial,trans industrial,,FALSE
e10d80cd77bdb0a622ad3d755dc0358f,Positions Abroad,positions abroad,,FALSE
8188813adced8614a8025120b5ea6308,Hilti Careers,hilti,,FALSE
d5462f73b0fe1bd64f2b39d5bde006d4,Uniting Holding,uniting holding,,FALSE
725399edda9b74e17db5e4d221ad0093,Dar Al Hekma University,dar al hekma university,,FALSE
2ef4d613a5cc85d9e2217a295b003815,SAB,sab,,FALSE
277a8d588ca2acf17f619a53e8edc4a7,California Greens,california greens,,FALSE
8a171a9067dd7ca90b796b8e26521201,Alsubhi Clinics,alsubhi clinics,,FALSE
73b2fbfa33735e70dfd8e06ed5678d26,Tenaris,tenaris,,FALSE
ba0d4481c616dfea0395989cd38355d2,Kristina Zanic Consultants,kristina zanic consultants,,FALSE
2981eaee9cf9179f8bdc606e87825fb5,Hijrajob,hijrajob,,TRUE
ff635fbbc461e41109dde7bf1544e3ce,Lincoln College International,lincoln college international,,FALSE
71b212af1117f700561a63f3a3f5d23e,Salt Digital Recruitment,salt digital recruitment,,FALSE
ed62d6b19722e478c0a2ea2604b5d475,الشركة العربية الماليزية لمنتجات الزيوت النباتية المحدودة,الشركة العربية الماليزية لمنتجات الزيوت النباتية المحدودة,,FALSE
f3fb4ca70ef9ecd840ae21cd8a9a81e2,PrimeLedger Associates,primeledger associates,,FALSE
6b217f377caa5fb1c7cd7b7b689a0772,Abisco,abisco,,FALSE
0af39a6c6baf8297fd306c54e1474c1c,Gulfcapitalintelligence,gulfcapitalintelligence,,FALSE
9618290115325ca224dddf7360c6c31b,Stranger Soccer,stranger soccer,,FALSE
a64c099616ef0b924b437aca76d44600,HASN ALHAMMADİ,hasn alhammadi̇,,FALSE
a2c674e49b658ea91e052d9822f184ad,Client of AIQU,client of aiqu,,FALSE
5169e576d8a51e7dbfa4cf52e037b958,burger valley,burger valley,,FALSE
caab56cae6a0b0fb6583a6773e0b80d9,Altron,altron,,FALSE
14d55a39c9504c8ca7598a4253b95a9d,Novotel,novotel,,FALSE
91863d83e9dc38eab9d10ac57ea97a36,Midana Exploration Company,midana exploration,,FALSE
00449a17d59c9e379d62e2c9555e789b,Malmaison Hotel du Vin,malmaison hotel du vin,,FALSE
4a55bf2c6628bd213feaca36eabaa1d2,Commvault,commvault,,FALSE
1f3870be274f6c49b3e31a0c6728957f,Apple,apple,,FALSE
0647343e2657f50b60b345b48ecaf0f2,neproplast,neproplast,,FALSE
4045fa5becd21723b89b7a5df768838f,Keden International,keden international,,FALSE
58b399f041f08d52cf7f8ead60045138,Technical Time Consultant Engineers Co.,technical time consultant engineers,,FALSE
670953b82dbd48b8d55d69e44ff77ba7,NAMAA,namaa,,FALSE
c584990949514a6594b115f02d655a06,OpsSense,opssense,,FALSE
3595202fd57a4910e5dbef2e6747ed02,Stellar Co.,stellar,,FALSE
d59934a25238109208b3f0e45dff1bbf,Worldteachers,worldteachers,,TRUE
2aeeee06f7618bfd5feb69eee5c34c73,Innovative Solutions,innovative solutions,,FALSE
4b33407d3d7dafcac3ff8628f1439cf7,Tilal Real-Estate,tilal real estate,,FALSE
bca44dd9c285f5529b9c829960dad464,RecruitMe Plus,recruitme plus,,TRUE
99fb8fb4eec945a67506a89e9e18b756,abdelfttah alashri,abdelfttah alashri,,FALSE
973a67f5f9e09f256b69b0a561b6c5b9,LocalEyes,localeyes,,FALSE
4358b98f3a2ea388d870075d62c93606,Infoblox,infoblox,,FALSE
6997c667cb443b39a36664178e5f5d80,Nathan & Nathan,nathan nathan,,TRUE
593bad2935eff6c64806619b8a124df4,كيتو هاوس,كيتو هاوس,,FALSE
77f4de0c4db55dec736561ac64c7ea6b,SPICE,spice,,FALSE
4ba071abd52bccba1f93add2a6c1776f,Union Technical Foundation for Refrigeration and Air Conditioning,union technical foundation for refrigeration and air conditioning,,FALSE
f19838ee6906fdc46c53d19fc7a54508,FamilyFirst Qatar,familyfirst qatar,,FALSE
66124aaa9b39896c92d058e985281e72,Sequel,sequel,,FALSE
3f7a295411aac02b6242dc2a5397c226,Menasa & Partners,menasa partners,,FALSE
25eb3cbe2224b657aa43769729e61f01,Plat4mation,plat4mation,,FALSE
2b9a81b8a6fb714dac640a13fcddfe76,Koinz,koinz,,FALSE
d05e363cc05df22cd615f008b61a2f24,شركة مطاعم بف باكس للوجبات,مطاعم بف باكس للوجبات,,FALSE
afce7de47e9a9efb6da7e8dac2d27e24,Flip Retail,flip retail,,FALSE
7ee6d598c3f8ca81c068d3fc683da027,Alliance Recruitment Agency,alliance recruitment agency,,FALSE
c7c1872c979d3d1b8a9452e3cfd4ec36,KHI,khi,,FALSE
87e237078af5607397541f52baef3743,CG Resourcing Ltd,cg resourcing,,FALSE
139aaac3b8dc38f08b8348460f0cc053,Park Hyatt Jeddah,park hyatt jeddah,,FALSE
a8a05c401a62171b6877f7b1d83c67e9,Air Products,air products,,FALSE
885deb426222be3b6f6ff7e169eb4310,Rua Al Madinah Holding | رؤى المدينة القابضة,rua al madinah holding رؤى المدينة القابضة,,FALSE
beea944e832e83b890646147fe266b48,ByteGrid Talent Services,bytegrid talent services,,TRUE
745b7c518f57562146cad8ecb1645c4a,Baraka Investment,baraka investment,,FALSE
4fd21d225ad051895e74eba01ef62bb9,MCI,mci,,FALSE
ad006cec1f7b7d671ca2db084744fce6,Diaverum,diaverum,,FALSE
b69ee633727a30ffc827d5f30327454d,NADEC,nadec,,FALSE
d1580821ca517dac533bf10245a150ef,Next Ventures,next ventures,,FALSE
ca626a337b2c51fec60961baab19ef43,Al-Ghomlas Trading Company,al ghomlas trading,,FALSE
4396f7585f3955884d1479e7ac36cab1,"Johnson Controls Arabia, Inc.",johnson controls arabia,,FALSE
40def2daaa4be76b363de490a82e512a,Med Volve Company,med volve,,FALSE
c111c340987d5c278f1cb4bd836c99ea,ARES Security International,ares security international,,FALSE
d5da3f14601def2b3fdf13af11260bb5,Reigate Grammar School Riyadh,reigate grammar school riyadh,,FALSE
a380932a93b56f08ac260a5cdbfed514,BrightPath Engineering,brightpath engineering,,FALSE
c97ce9a5e13cfce4914b0fe262bca29b,Kings League,kings league,,FALSE
61b5365e297ecfec82413203678d2dcd,عبدالله العقبي,عبدالله العقبي,,FALSE
703ee5735741b2cbbad63e109c1459b8,Core3 Consultancy,core3 consultancy,,FALSE
be47ba80b5f4dcf0011c239801c5870c,Advansys,advansys,,FALSE
97f31521fe39925281ddae3fe95b4f0b,Tutor Perini Corporation,tutor perini,,FALSE
7bb94b5c2c65d5bdb7793c81b34dcb16,One Click,one click,,FALSE
d3556b4e5db392981cc6c0794f0e8879,Al Rabie Saudi Foods Co,al rabie saudi foods,,FALSE
9d1b4fb5cd8e02497841147cd502c715,Fairygodboss,fairygodboss,,TRUE
3841a5071459b0d8d1afd3c15c8babea,Jensen Hughes,jensen hughes,,FALSE
eadd58ab48af02b4a4b5a927c3aa97d0,سينومي ريتيل,سينومي ريتيل,,FALSE
24e206c4377bc5700074c4ef9c7beddb,ELSEWEDY ELECTRIC POWER SYSTEMS PROJECTS,elsewedy electric power systems projects,,FALSE
cfadd2dccf2517a90cecddb92fdaf3b9,Ahqsons,ahqsons,,FALSE
a7adf08192a19009a8455caf4a3f3c63,L'Oréal,l oréal,,FALSE
ce8a51a3f05002dcd3bcb48c66c1facd,ahb.sa,ahb sa,,FALSE
9050da66eec550faf947c18f87d7136a,ABANA Enterprises Group Co.,abana enterprises,,FALSE
38af2472e6cac912e79c2046d0edda51,Hamadi Khalaf Al-Hassani General Contracting Co.,hamadi khalaf al hassani general contracting,,FALSE
59ea424568c393a39971aac664b73d9f,Somewhere,somewhere,,FALSE
07f9dc79aeaab99c8f62395cdc6dea4f,Etio Global,etio global,,FALSE
efaa9c621aae74454180a2c213c2d319,Arkad Engineering & Construction Company,arkad engineering construction,,FALSE
a56723fe2ccb6397be5d43e9839aa841,Tadawi Medical Group,tadawi medical,,FALSE
56a515fe69f2d4c3eae6be646f39e924,Jeeny,jeeny,,FALSE
aa1dbe526558cacb9cc61c0d389a91ed,LG Slovenská republika,lg slovenská republika,,FALSE
bcb1fb1438864636f2df97b57b96be1d,Weglehner Ges.m.b.H.,weglehner ges m b h,,FALSE
2017e98f95819ef08c1609daaaf3d9d6,Workinvirtual,workinvirtual,,FALSE
6c8670b4731ae09bbdbf9d1d797730ac,Cohesity,cohesity,,FALSE
1ca15266b4defb4423e0c0752615f259,Americana Foods,americana foods,,FALSE
c8b3cb01710ce6f5b8acc6d1f7d64d3a,Madar,madar,,FALSE
eaee99c7f3d6f11167b344cf366ad7ae,Grand Hyatt,grand hyatt,,FALSE
3edc5c8bbad970fe9ef5eaefec241300,Consulture Search,consulture search,,TRUE
2e619237c81b3c9283213ab7adea522d,Tech First Gulf,tech first gulf,,FALSE
dac722c22498c58b4666af75d7836892,S&P Global,s p global,,FALSE
22811dd94d65037ef86535740b98dec8,Wood,wood,,FALSE
6758e6cbe13774275728e1b1ce814e49,TradesApp,tradesapp,,FALSE
fcfee789178736fd211bd7e6b03d3f35,Helen Ziegler and Associates,helen ziegler and associates,,FALSE
1bfc532c62f171f0d935cd5902c27027,Dayim Equipment Rental,dayim equipment rental,,FALSE
9717b9071f23875595e02007fd3b1f14,Dolce&Gabbana,dolce gabbana,,FALSE
8c7202e28d6d7e364bcc8d413c83c048,Salem Balhamer Group,salem balhamer,,FALSE
4892da3851b3d37ffacac59df331c9c1,Combuzz HR Solutions,combuzz hr solutions,,FALSE
25b8de38c475e94422de38ff3290942a,MENA Consultant,mena consultant,,TRUE
233a2699c36418d9819783e35d58981a,Betop Inc.,betop,,FALSE
99b7ac7973196650cd593b6b7d4cd4e8,MillerKnoll,millerknoll,,FALSE
b249fd0c583cbf38010eee0ff715d2dd,"Jeddah Knowledge International School
Jeddah, Saudi Arabia",jeddah knowledge international school jeddah,,FALSE
3cf24c9f6f5446a7a5ccbddac80b1fe1,Qimmat Al-Takatouf,qimmat al takatouf,,FALSE
7e4e183c4d97a70e800f4ff90c8db917,Fineglobalhr,fineglobalhr,,FALSE
2456788880af3136405340662bce7901,Kafou Group,kafou,,FALSE
bc12a87a517f2921e3e87335ffa11fee,Besco Arabia Company,besco arabia,,FALSE
01a652038ed675de46004b4e98eba6ee,Valleysoft,valleysoft,,FALSE
9b663fb86782209529a6c74bb4cc8ca7,Zoomcar,zoomcar,,FALSE
9008bff606a5ece900772d0489323dc2,Oivan Group,oivan,,FALSE
88a3a83d33d7903ed410d615a890cbd6,"IRISS, Inc.",iriss,,FALSE
f8fb251efbd6a21f9308b8d347f5da9e,Jobskey Consultancy,jobskey consultancy,,TRUE
76a5c9d6b935829177204decf1481193,Robusta,robusta,,FALSE
9fb5224bc082356559b48b44f482024a,The Cigna Group,cigna,,FALSE
9e402fa42d0b71b6c3fdaebb3f158301,tsmg,tsmg,,FALSE
151bb619ebb03b4ef0314ed13aaca3ea,enKontact,enkontact,,FALSE
e3132da213d42a76fc89f9776b8d9567,SET Europa,set europa,,FALSE
e667cd7d9b37bc3a6b96d3cb5ace39df,Info Resume Edge,info resume edge,,FALSE
8968003a7c9ebf7be85fce9045ffbee2,MANTIS,mantis,,FALSE
11ca2a07a48aad83a6d13dbd74714f1f,ClearGrid,cleargrid,,FALSE
718dbffdc77e81816e23229355c06bc7,Medical Staff Talent,medical staff talent,,TRUE
0e7bea25dc5c292d307769cdc8f57bc2,Tony Blair Institute,tony blair institute,,FALSE
3c612ed67c316993f7f208cef8dba62d,Independent Food Company,independent food,,FALSE
95e04b81a84c16d7c76afec4123341a0,Kone México,kone méxico,,FALSE
b55524cd320c63b91875728783f72181,STYRO 3D,styro 3d,,FALSE
c616827db04debdb52286b1b5c31439d,Infosys,infosys,,FALSE
2806e983447617c401ca2fd66877ff7d,Black Pearl Consult,black pearl consult,,TRUE
6b324558e8182a957288eb41c22d6503,Antler,antler,,FALSE
da220470a966eed6e62921b3a358d928,Talent Blueprint,talent blueprint,,TRUE
6d8568448aa4f30a657bc68f18794219,Democrance,democrance,,FALSE
f46600e40b79f14fdfb57c0e1f82705e,Unipal,unipal,,FALSE
d64944e6850414041b3c13ccf38ba569,Ready Resources,ready resources,,FALSE
9d05febf152e225d0be138e34c1c9666,SoftwareOne,softwareone,,FALSE
3c07da46b5c6dab0d96f4647811dd488,ALPLA,alpla,,FALSE
ca0c26565c1dff29039dd3a288d91b98,FieldCore,fieldcore,,FALSE
c257dc98269247eac3dfeacc4e518925,Larsen & Toubro,larsen toubro,,FALSE
0d8f3640e4afc5a8922fc45605bbf158,AJEX,ajex,,FALSE
a5cc758b4bf69cb129de3bc4693c554d,European Institute of Policy Research and Human Rights,european institute of policy research and human rights,,FALSE
c96267ee8f81c308778bf02fd30fb23f,Love Recruitment,love recruitment,,FALSE
96c0941268db3a206c3f550629001b1b,شركة عجائب فلو,عجائب فلو,,FALSE
a8ff6c9514c35c853b350382534fb624,Salesforce,salesforce,,FALSE
1b4e808afe9f9adeb095337cc1e84bdf,SAFINA Contracting Co.,safina contracting,,FALSE
afbe107dc16565080f04c28ca3653f12,أورجينال للمصاعد | Original Elevators,أورجينال للمصاعد original elevators,,FALSE
4723013439a401633544688321b6d04b,Falcon Multi Services,falcon multi services,,FALSE
b028b14108180dd96fb49e4edcc1693e,SellAnyCar.com,sellanycar com,,FALSE
dce60ed2af2a2c545c076fee23edc949,JEX Personnel,jex personnel,,FALSE
979e0dc7035b69ff46940b9670f1692a,L3Harris,l3harris,,FALSE
3d21a98e581d2f8b77c41b2927dc74c7,Segula Technologies,segula technologies,,FALSE
bfdff54810ca20a63e8db9fa2e15ea4b,Khatib & Alami,khatib alami,,FALSE
63ad9d34f3503826e5f649ae6b7ac92c,SYNC,sync,,FALSE
142df23ba71305a1fe40e441d27d60f7,Majoris Training And Consulting,majoris training and consulting,,FALSE
1b3c13b3726d5ed453e838d85b06ad72,AtkinsRéalis,atkinsréalis,,FALSE
3b3f51631c39908dea223fe1cc1fef0a,Veeam Software,veeam software,,FALSE
fbc766d56c868ce7cb2860d2fc96a6b1,QNB Group,qnb,,FALSE
049cf40a78cf31480c193b57ffcb1356,Hudson Manpower,hudson manpower,,TRUE
846eefbfb7081448c43e3b934b6585de,Al Khater Group,al khater,,FALSE
c390e1554159521e8b6f5dc5e822b43a,CS & Clarks,cs clarks,,FALSE
52da1840dceff8084f6a2825631dc214,Abdulaziz Mohammed Zainalabdeen General Contracting,abdulaziz mohammed zainalabdeen general contracting,,FALSE
8d46fc91126bd0602eed2c67f45f84cd,Idea Nest,idea nest,,FALSE
d01336806d10e2345ce3557d34e26c8e,Esnad Contracting,esnad contracting,,FALSE
6a482ebb1425fbb83d4e4155e5e2dad6,atkcareers,atkcareers,,FALSE
9151f44746fb405f17514767d5085021,Solventum,solventum,,FALSE
03feac3cf15da5a32101546745974fad,Ruijie Reyee,ruijie reyee,,FALSE
da67e11805f3a7cad142f97d7095a5c2,Four Seasons Hotels & Resorts,four seasons hotels resorts,,FALSE
db5f814506715482afbdb67da7303fae,Richemont Iberia SL,richemont iberia sl,,FALSE
10aacb9881ef8ebbde2444a47a759ee3,Datahash,datahash,,FALSE
5e9e5424abfcafed2c4c44bca9fb5ad5,Osama ALFAKIH,osama alfakih,,FALSE
2d2080bc0949a89cadb26ee5da5d92a6,Saudi Emar,saudi emar,,FALSE
e4b8ed7ef65fb5e991abcfa497837755,Playmirai,playmirai,,FALSE
e16ddaf4f91df524b27bf4f2e4b1ac09,Elastic,elastic,,FALSE
ff8c204d2b62b9b38215082941bc6ee0,Innovaccer Inc,innovaccer,,FALSE
de3de013422252c455fc49bfd4af2121,Lakeora,lakeora,,FALSE
cd3e478e1fb92aef95961d138529f52c,Hyatt,hyatt,,FALSE
a5155dc8f88bcdd33b061c3d00f028d4,Balazs,balazs,,FALSE
7a948c5878c06e51ab8aed8fffcd59ff,Lubrizol Corporation,lubrizol,,FALSE
51552946d5b6a5f7f301dfbdfdb20276,Verainterior,verainterior,,FALSE
a9253740a0b0976cbda6c4230a76b4e0,ABM,abm,,FALSE
119f2c6f7d491d755c944a41356dd9db,Expeditors,expeditors,,FALSE
cd19fa00757df08266cf097de2a9caec,ENGIE,engie,,FALSE
c02a98ff467205e8c3601ebb9786876a,East Magnetite,east magnetite,,FALSE
289d0fbd31fafa494db6605bad555eda,Lalamove,lalamove,,FALSE
2e65fe12a7f1beb5ff0cb50266b6ea93,iHorizons,ihorizons,,FALSE
881b553a119add1ff3fd391fd77efea8,EZTreks LLC,eztreks,,FALSE
638f45f2b422033cee1c68c299751b53,Alnafitha International for Information Technology,alnafitha international for information technology,,FALSE
8e4848917f0c14dda80ed2a323af435a,Amentum,amentum,,FALSE
629641617f684a1e9199963c90b8ab26,Trispec Design & Build,trispec design build,,FALSE
7107b1556fb064deb47571f968cb0242,TacoStars,tacostars,,FALSE
ef755d5d4bf52b0934953c4f6b411177,Fichtner Consulting Engineers LLC Saudi Arabia,fichtner consulting engineers,,FALSE
1010423d1498c0befb726b7127db52ee,PERI,peri,,FALSE
a46719f81ff58165a039eddd983999ac,Dar Al Hekma Hospital,dar al hekma hospital,,FALSE
1fca19963a4ce554d94c15c2d0a3af24,EngRadar,engradar,,FALSE
f418c78515b4ebe8dea73acfd2c55a4c,VirtualWorks Hub,virtualworks hub,,FALSE
76b86deae58d8e9fdb6b90dd65eab68a,Baas International Group,baas international,,FALSE
c077c0c45590a6cedfd965f6479541a6,Hays,hays,,FALSE
27ece132dccf450edf9647caeb5f6cfd,Schweitzer Engineering Laboratories (SEL),schweitzer engineering laboratories sel,,FALSE
b23ef3926ca85589fae996b3a1701436,Core Team General Contracting Co LLC,core team general contracting,,FALSE
6f30dec98e02eb026aeccb4d5b520cac,Massaraa,massaraa,,FALSE
67e116b2eed6f19c46c27af8be49a464,Energy and Infrastructure Company,energy and infrastructure,,FALSE
f55c85ad10e467b9ba75dc5606228e91,ewi Recruitment,ewi recruitment,,TRUE
12d34812df2f37197ee50b7dc37c8716,Hill International (Middle East) Ltd.,hill international middle east,,FALSE
5264ebec8d68293ad19ea7addcf988dc,Sheraton Hotels & Resorts,sheraton hotels resorts,,FALSE
2916b1ac5a750af6d89c43cb026a13aa,Asmacs-Qatar,asmacs qatar,,FALSE
50561a2b3d4bdfdba313ea9ec658e8b7,Abdullah A. Al-Barrak & Son Co.,abdullah a al barrak son,,FALSE
25cb16e82a5777b46284f0d61aebb261,Nudooj,nudooj,,FALSE
c8086dfd18f0144fa3b271fa93c60d7b,VERVE Pakistan,verve pakistan,,FALSE
0c906ad8f7eaa481ea3e929fa3dbd7ef,Amdad,amdad,,FALSE
52c6252b082ede74be0db8b3078bb604,Dynamic Personnel,dynamic personnel,,FALSE
f31ac220006024cbe16b2767ec3603e0,Alyne,alyne,,FALSE
7d72232681d114cb688e2e57ce1c8eed,Datamatics Technologies,datamatics technologies,,FALSE
65e427ced39e7954ca8a33c088618b08,Saudi Networkers Services,saudi networkers services,,TRUE
36143bc34e3a68d4a1813177911de876,Systems Arabia,systems arabia,,FALSE
775379bef9d8ee33e4ba305f0ded98c3,Bin Quraya,bin quraya,,FALSE
649388e3db1a8435044d80546f0a1559,Mövenpick,mövenpick,,FALSE
690ebb25f36b1e07d3d645b6583e2522,Arabs Startups,arabs startups,,FALSE
2ac9a7be6d6f0ef2a49cb53593d26044,Parker Connect,parker connect,,FALSE
53d57eb4bc4145d5a9ac219be09bdea5,bTranz,btranz,Computer Software,FALSE
c68b0a49abcde562b6fd3ed6716a35c4,Bosch Group,bosch,Mechanical Or Industrial Engineering,FALSE
b708847561a04de6698a6036cf26f9e0,Jobs for Humanity,for humanity,Staffing And Recruiting,TRUE
18a2f0d0fac7440974ddb2c40fd6b7d8,RM Staffing,rm staffing,,TRUE
52ce2881186bad5e7709ff5ab75fb179,1226 Amadeus Regional Headquarters Ltd - Saudi Arabia,1226 amadeus regional headquarters,,FALSE
88f2786370bf6723e5dc3872c5472224,Quant Data & Analytics,quant data analytics,,FALSE
3a941837c67f79597d534d7a03c1a9a7,Saudia Cargo,saudia cargo,,FALSE
16dfba14481ba8b67fd1c1d9e0f32d2a,NetApp,netapp,,FALSE
0bf1801f2f88e49bc4363c4ddfc40e41,Almosafer,almosafer,,FALSE
87160969090b58ea673fe39abdd822a9,Nahdi Medical Co.,nahdi medical,,FALSE
a418a00417d5528cfc9ba6c8fa675658,Client on One95 Global,client on one95 global,,FALSE
d9be8dacc34375b56ac0a93a46a014c8,Alpin Limited,alpin,,FALSE
7dd2a6a851561e1114c3902e969fd466,Client of Eram Talent,client of eram talent,,FALSE
27b104d889be7a9577f6f4e790cc7aae,Al-Wujoud,al wujoud,,FALSE
04b0c45cc5cb7e724351b5969f08626a,COFE App,cofe app,,FALSE
cf580e9542d0dec857a0681a841f2090,Promedjobs,promedjobs,,TRUE
fa8dcf53df51cb8678e32423c0eb4da6,BESIX,besix,,FALSE
3eae1a58bdeb046fa282330340fb5d6e,Anotech,anotech,,FALSE
1a1408bf2caa5cec4d267910e79c2ac9,Axis Aviation,axis aviation,,FALSE
ff3dd0437e09ec4704025eed4bb26502,Ceer,ceer,,FALSE
9417b4aa56d5b23e869da3e0761bf449,ACI Worldwide,aci worldwide,,FALSE
2fba4e782b90a66828d93e996b2204ad,HMS Sweden,hms sweden,,FALSE
89fa577970628045dfdb9d12c2124d7e,Al Muzain,al muzain,,FALSE
d1ac83500f10112f8598e813264bf7d8,AGS International General Trading LLC,ags international general trading,,FALSE
5e319735ad19e30cb9017a33c2d35062,Abdul Latif Jameel Enterprises,abdul latif jameel enterprises,,FALSE
33cba6c0fc4046404dacb4dd70cd19fc,Seesaw,seesaw,,FALSE
34cd082871525ac5feab5568bac6e715,STRAGO,strago,,FALSE
d746328931ddb2f59854e7ae17abdcc5,Military Hospitals,military hospitals,,FALSE
c8365620ee94aadec1d8d4a9abc6bd56,Galileo Global Education,galileo global education,,FALSE
ff5252ba36407d7503897564e843cda8,Chedi Hospitality,chedi hospitality,,FALSE
585d4ab2ef9ee060ad47734a3028ef35,AT HOME,at home,,FALSE
2d103e2811726f8650de169a4c2b9d6d,"Hexagon Mining, Inc.",hexagon mining,,FALSE
471d5d8ad1de875405cddad9939b1861,Acwa,acwa,,FALSE
ddee07e219a58be98efeaec244d450d2,International Schools Group (ISG),international schools isg,,FALSE
769bc917b5c8be9b0a935a546e1d6277,Golden Elite catering services,golden elite catering services,,FALSE
373ebf271a2269d233afe97dcde85bac,MASQ World,masq world,,FALSE
044a6400d7237800f4c92691b92cc95d,OMODA JAECOO KSA,omoda jaecoo,,FALSE
822859cfb9f8b3ddb49bf1077e56d5c3,Gulf Workforce,gulf workforce,,TRUE
92440c3c0b34b0e5fc57a1c531da106f,Home Care Association of America,home care association of america,,FALSE
1c79ee30992ae150cae2980ed66dafd5,Awaredh General Contracting,awaredh general contracting,,FALSE
3459510a9878bcc330412f18dc8017b6,Private family,private family,,FALSE
babb973ce207cd555b875663d39182c2,AlJammaz Technologies الجماز للتكنولوجيا,aljammaz technologies الجماز للتكنولوجيا,,FALSE
f1d8bc577879f12a949732d3ef9ed492,Enjaz Com Ltd,enjaz com,,FALSE
08d3367df820fa196f520d5af51fd2cf,عمل حر,عمل حر,,FALSE
255b5d2dc4c8d93c4ac6648ac0799286,Riyad Bank,riyad bank,,FALSE
3c4489456c4c2148d3ae9199ef66c376,First Gulf Company,first gulf,,FALSE
cfb336fd52e2ef213338707664cfb8b0,Zofeur,zofeur,,FALSE
881f65e54a8aa74f43c0a981fb052965,Eman ALAzhary,eman alazhary,,FALSE
4c9aae7d6b981cfe4704754600b306e9,SPIE Turbomachinery,spie turbomachinery,,FALSE
4a57407519e7d52fc9ab413dc536825c,Oivan Group Oy,oivan oy,,FALSE
9558174b1e24ee16528a6c497add4620,StarFoam,starfoam,,FALSE
441f345a6024cc77d361d41384036c26,Expatriates jobs,expatriates,,FALSE
596a35660eb3e5b38a93b7ac900ef213,Addar Group,addar,,FALSE
c6dbcd9f145dd296409c864554704ee5,Qeiest,qeiest,,FALSE
09db27e798c28a5b93a7586f411ba6ec,TechBiz Global,techbiz global,,TRUE
575bb37e790a3302cba09a0d6d1c5c27,The Saudi Investment Bank (SAIB),saudi investment bank saib,,FALSE
c36e60737e73a75e8867a98645aeeaf1,Qatar Airways,qatar airways,,FALSE
81cf5838304ab5491f90300264895455,Smart Life,smart life,,FALSE
5b203658f1b0da1596db00ba59ee753f,HALA,hala,,FALSE
1b12517d47f652923653b1f198dc9d78,castolin,castolin,,FALSE
c83f57708c4e6fb1b7beeabc5d06d25c,Syarah,syarah,,FALSE
95d7b46c903aa2254c8ba7857a8f2246,Big Fish Recruitment,big fish recruitment,,TRUE
0e204e282e8ad62da60b7a23917425b0,Saaki Argus & Averil Consulting,saaki argus averil consulting,,TRUE
c1a8b0d0e505939fc201cc4f0e3d67db,Parcelat,parcelat,,FALSE
841d806fd1f9758dbbed5b4dbfcccfe3,Agility,agility,,FALSE
16bb4e07ccaec48ce6316c7e648ea844,شركة المشورة للمحاماه,المشورة للمحاماه,,FALSE
bf3cb33cb01eb9456c55f1f2519e1885,Fusion Medical Staffing,fusion medical staffing,,TRUE
2b8f4cfc154621162311e090eaf349b8,Creatio,creatio,,FALSE
096f791ee27fb863ef5cb462bacd938f,gopaco,gopaco,,FALSE
63cc209b56d89677ec63d986533eefa7,Fircroft,fircroft,,FALSE
9c7e736b2321014d2481ff78fa0d4976,PetroApp,petroapp,,FALSE
5faf05ea6db708621ed888208563d71b,BR0423 Branch of GE Vernova International LLC - Saudi Arabia,br0423 branch of ge vernova international,,FALSE
761028f5d4d99ff46123536e42a62589,ADES - Advanced Energy Systems,ades advanced energy systems,,FALSE
d9dc8203b21e526f9a9bf741a78f54e9,CleanLife,cleanlife,,FALSE
e1671797c52e15f763380b45e841ec32,e-Careers Limited,e,,FALSE
47227fa916bcee9dc64962254157528d,Gulf Chemicals and Industrial Oils Co,gulf chemicals and industrial oils,,FALSE
a79dc75a13b584baa37f8ec20d944410,Shade Corporation Ltd.,shade,,FALSE
c5c44433df54a6cfdbfdaebf016c1be1,MAWREF Logistics Solutions,mawref logistics solutions,,FALSE
493617b0f6c5869263a57039ea3f169f,HungerStation,hungerstation,,FALSE
1424ce7f1c3f50c70d8fb7d4db6db359,Indian MNC,indian mnc,,FALSE
ae4215ae3b53f82b24b53264a71390e0,Mozn,mozn,,FALSE
f2304819e1e0fb96af7087a1eb266492,InterContinental 62s Group plc,intercontinental 62s,,FALSE
f86a8ef4ef66101ed226f563421e8ebe,BAE Systems,bae systems,,FALSE
0fcf2c6a2c8a75f9cb8d95c2293419cd,Solenis,solenis,,FALSE
3b7383531fba37ff976400055c302a24,PayTech Group,paytech,,FALSE
23e65ec3f55f1fd463c3a9083ab447b6,Alwedad Charity,alwedad charity,,FALSE
4395df825d52f8a2421e9b5b4c0942f6,Nayla Finance,nayla finance,,FALSE
f613b39ae1f2ee1d1ff9944a6193ea63,GWR Consulting,gwr consulting,,FALSE
11d3f7ac04778c69c4d7819569e63270,Autobia,autobia,,FALSE
99fc8d7ca14bfdea331703c67c79217d,Saudia Technic,saudia technic,,FALSE
087f2027cadb11b74a284ef2212864e7,The First Collection,first collection,,FALSE
74df0c1562bb1d6214f57a1a3a585609,Muller's Solutions,muller s solutions,,FALSE
c78d335ee8caa88a17260805c1ab6115,Urbandesignlab,urbandesignlab,,FALSE
8fd01aa64cac865151e249fde8a9fed5,AHTARAFION,ahtarafion,,FALSE
8765036f39737523f26db508aa15f561,Smiths Detection,smiths detection,,FALSE
58565e58da8dde0ef036b524ba2177ee,Segadty,segadty,,FALSE
c9a17dc2fa2129e1e5754a9dc875db6b,Abunayyan Holding,abunayyan holding,,FALSE
5ebece4d5f18d2133f99bd2ae94eba8f,AS+P Albert Speer + Partner,as p albert speer partner,,FALSE
d18928fabad59ca8760b9b81dae6a71c,Dragos,dragos,,FALSE
ecc4b905e248c0e6951830dc07e1427c,Global Human Capital Group,global human capital,,FALSE
8439694c2dfc09429b48222fad88ef1e,AFRAS,afras,,FALSE
9f69c121f6bdc341d70bd391e9c0011e,Glow Beauty On Demand,glow beauty on demand,,FALSE
2527087954fc6a96b039caabdbe91155,iSolution,isolution,,FALSE
0487bb4d80947bc085017984ab86aad1,Inabia Software & Consulting Inc.,inabia software consulting,,FALSE
1783f21990aa9abdaf852f5f2dec4eeb,Vanderlande Industries,vanderlande industries,,FALSE
1e4bd9537cd25d4d17f0b0c628f0044d,Pacific ocean for contracting co,pacific ocean for contracting,,FALSE
492c312d7b7d7676b60cc6342226cb3b,"Lazard, Inc.",lazard,,FALSE
18591bbd9eda36cbef84dc3ce97d21fd,National Blood & Cancer Center - NBCC,national blood cancer center nbcc,,FALSE
365d9b6db856fe1c60286d643aaace72,Arrow Food Group,arrow food,,FALSE
e66b905c57e0bba82db8626686cb48da,PepsiCo,pepsico,,FALSE
3dabcada6a5a83f22a1e84084159d301,Isam A Masoud,isam a masoud,,FALSE
143e847aaa78ff29873664715dd290b3,And More Event Management Co,and more event management,,FALSE
60a3c7e0040ef3ff9fa56aaff86d42db,Supersub,supersub,,FALSE
6b7078114adea4d329ac7cebc18b4675,JD Logistic Services Company,jd logistic services,,FALSE
cfe0c066bd91cf2383d050b626564ee5,Landmark Group,landmark,,FALSE
e65c9c9e6a0d5440b84b5d6c63ec2c75,Saipem,saipem,,FALSE
8495001b6c09a74d74103a5ba81145a5,Reams Builders Co.,reams builders,,FALSE
80ff54f07f4031604f1b1ae894f712e7,Bab Al Rida Technical Services,bab al rida technical services,,FALSE
a51da579a6bfff12795b2152474d4ced,NEOM Green Hydrogen Company,neom green hydrogen,,FALSE
c807d44f82254236ff9ac4cf21c000cb,Knight Frank Group,knight frank,,FALSE
3ef11beee2457f95c5e2eb0bbb2330cb,Sprinklr,sprinklr,,FALSE
70009f5d5be59e659b67164d06195a12,Mada Properties,mada properties,,FALSE
9e86d2e3a8ab0060954dfa5d58de20be,S&K Technologies,s k technologies,,FALSE
8f170dc114dcf9f112bda70633e67612,"Greenberg Traurig, LLP",greenberg traurig llp,,FALSE
723aabf81cbbdb53c841543289c3a967,5Y Technology LTD,5y technology,,FALSE
d4d868d7cf7d4a27f69a1579e7a40d94,Prattwhitney,prattwhitney,,FALSE
a6e48f358baeb2fd8035c1bae3fbab7a,سفن تيمز,سفن تيمز,,FALSE
218362e2c5f963a82756748713baf661,Monks,monks,,FALSE
70736703c213031031348008a7c2213c,Ugec Eg,ugec eg,,FALSE
1d68060d184c8a610e69cc4aaa41bf05,Crown Holdings,crown holdings,,FALSE
0b2ddca1b62d16220ae70cac8ba15eab,Globus Travel And Tours,globus travel and tours,,FALSE
2139b5432be141e3e83c4a77c0c6e14f,Argo,argo,,FALSE
72aae47df19ab4330bdb83110094ebab,GDI,gdi,,FALSE
6fb42c6edcb7665ea72962b85200828a,UE SYSTEMS,ue systems,,FALSE
8fdb22a5dfce2d0a23d23d43778048ab,Incorta,incorta,,FALSE
1b2afcf73c4bde6740f24b29ee435f6c,Avensys Consulting,avensys consulting,,TRUE
cee1cba23585189d6a623abf21e98889,Kayishha.com,kayishha com,,FALSE
45fe9f79e122f214dcbe2004ccf9b9d8,Gulf Shade,gulf shade,,FALSE
11c7476d2897cbfa25b29ac95f94a9c9,Al Naseem,al naseem,,FALSE
f5ad59c5401fea3f2df0703d958fdc97,Crc,crc,,FALSE
946c28f72272e09d162a79cd6f496ab4,Sweater,sweater,,FALSE
583d25cc8271148f2a23b9c3f74351bc,NACBA,nacba,,FALSE
ca03ee0d0598876fdf596705417349c2,Elite project,elite project,,FALSE
6a3f13a5599b6b256d9ced709a841e74,Paymob,paymob,,FALSE
2d565ca79cb4139c3dbcf10093fd884b,Baytak w Maskanak Real Estate,baytak w maskanak real estate,,FALSE
ecc0727e30178ee618a482ad50a9151f,Dar Al-Hekma,dar al hekma,,FALSE
7ff901b8c59f00dea38d1d64ab82c9ee,Le Méridien Hotels & Resorts,le méridien hotels resorts,,FALSE
ee624612c2abc3507675c5c02a23cffc,King Abdulaziz Medical City - Riyadh,king abdulaziz medical city riyadh,,FALSE
b643dffd311e2a844f06b097730feb15,faal@2020,faal 2020,,FALSE
9b679bb0aa5f5bc90f0803b04bbfa346,Zahran Facilities Management,zahran facilities management,,FALSE
8ba82e93a6aef6485ec2516c54781a4e,AbbVie,abbvie,,FALSE
dd585ec0b1794b7c979cbc5d3a4784ae,ConFlip,conflip,,TRUE
c3ec6a4629fd5ab46027c0648de4508f,EnergyCare,energycare,,FALSE
bd6a8e01e352a1f8cb968fb4e3202f5c,Alumni Ventures,alumni ventures,,FALSE
9bf32848849e400081b3c4790748b442,OPSWAT,opswat,,FALSE
70db3a12348e1d41cd4a049aadff0800,Saudia Dairy & Foodstuff Company (SADAFCO),saudia dairy foodstuff sadafco,,FALSE
f8d19cf920004c20ea42623f36b51ffd,Esolglobal,esolglobal,,FALSE
46a99ec67e4da2b57a4ea725f43c166f,Alghad college For Applied Medical Sciences,alghad college for applied medical sciences,,FALSE
fd501221107944d1af9f3e363490635e,JCA Associates,jca associates,,FALSE
5dcf095c3c6b11d8f5e1e895575be765,AQUA Dent Clinics,aqua dent clinics,,FALSE
ee292b2f840c22f7f568e9d7c0b211bd,DataPatrol,datapatrol,,FALSE
ba937fdf008169186e82a47b58f19e54,Universal Employment Center (Licensed OEP),universal employment center licensed oep,,FALSE
ffa1f10ac3b2703d33ac2e7d2006e9e0,Zeeco,zeeco,,FALSE
f428a7ddae052558ac6b7a74d256d87c,Entoss Technologies,entoss technologies,,FALSE
6a68e618dbaede0f20acdb5d5a49a758,Teltonika Ltd.,teltonika,,FALSE
d4eae05a9ca91343d7266a724d969ff4,Mina Entertainment,mina entertainment,,FALSE
473a1db3e15336b869c1d3efd780a42c,Bayut,bayut,,FALSE
f58fea09c66fadea45b4f777ebb8aeee,Mina Excellence,mina excellence,,FALSE
2ffdb9e28404219dff0fabb0ba7979f2,TGP International,tgp international,,FALSE
fd287442e01d77a68f5779e4e792896b,Al-Qadsiah Club,al qadsiah club,,FALSE
da7be9dbd1352d5e5a0c4018f2bb01fe,SARC CO.,sarc,,FALSE
6ac3ca3f19a38a3409b8c8d35020bd14,Pipecare Group,pipecare,,FALSE
bbd6b36edede66edd14834889a894300,JobLeader,jobleader,,FALSE
ea4d4304ace9225626b1e11f39abb8d7,Dussmann-Ajlan & Bros,dussmann ajlan bros,,FALSE
9fbde9c85f8fc045c9369392d610873d,2COMS,2coms,,TRUE
544e035cc1b0509ccce9e8280a235086,Global Management Solutions (GMS),global management solutions gms,,FALSE
2f99b4971ba0ece279b087562bc8e408,One Stop NDT,one stop ndt,,FALSE
d7a2b23d99cbf9c14b07a0c15c97fc32,Exiga Solutions,exiga solutions,,FALSE
22213c395b9ac8253dd859648f85e5dd,Mace,mace,,FALSE
c0caef3f87963985e78a219eafcd09e1,Daniel J Edelman Holdings,daniel j edelman holdings,,FALSE
df464ee8389b3a548933a76f502ea6a7,"PeopleAdmin, Inc.",peopleadmin,,FALSE
88c4bf69d6037d4d93e02a555b2fd440,Dana Rayhaan by Rotana,dana rayhaan by rotana,,FALSE
5a31ffd0422d7f2319df60e7b0fac5d8,Taeyen,taeyen,,TRUE
06d7c832d6f36e57493e30e4d41c3bb9,Capilano Mall,capilano mall,,FALSE
05f5ce6cfe6a1a98f925d37c75406a0b,iXceed Solutions,ixceed solutions,,TRUE
da907a1b8f74e6922d93b025eecfb852,Future Group,future,,FALSE
bc13f8743ed61741e79b0ebab4809c65,ValueMentor,valuementor,,FALSE
f819d896957be4b03db4bf61a367be6f,SA Zohocorp,sa zohocorp,,FALSE
5693e4171855bdd810382f97bb80d83c,Nqoodlet,nqoodlet,,FALSE
54b9419be7af48d0e76f61cf6514e0c8,MRSOOL Inc.,mrsool,,FALSE
c589d7a8ee4e426206af9b1367cd6280,Emirates International Consultancy,emirates international consultancy,,FALSE
64a8cce5ec4888097343d6f4ba9f0f88,Aventus,aventus,,FALSE
d9d53da8d9efd42e2773201ab6d7b182,Giesecke+Devrient Currency Technology Saudi Arabia,giesecke devrient currency technology,,FALSE
dd8d90b39bd1d06708ff1f82bfc36518,Domo Ventures W.L.L.,domo ventures w l l,,FALSE
f18d15c2ba14f3465448ceb339c4f7fd,Robert Walters,robert walters,,FALSE
d2f37e66aaf8cc1a3b532392408a62de,Boon earth,boon earth,,FALSE
da5156851489f41275a33273e379c0d4,Wardat Almashreq,wardat almashreq,,FALSE
04642e00317d897d51e21515c12009c6,Future Pipe Industries,future pipe industries,,FALSE
d031454d386af1b9a7afa2e93482fab0,Robusta Studio,robusta studio,,FALSE
f39f418b86b6ba18202981b277ae6f60,Al Jazirah Vehicles Agencies Co. Ltd.,al jazirah vehicles agencies,,FALSE
aca139ef1f46c183c916b724137b9f2c,Seez,seez,,FALSE
6707f09b48796210d667df94c37094ba,Taqaton Arabia,taqaton arabia,,FALSE
36b056d4b87a1a9d4094b83abc8e15d3,تكامل القابضة,تكامل القابضة,,FALSE
105bcad7237ca3266a07daaa335beef5,Optimiza,optimiza,,FALSE
a608b9c44912c72db6855ad555397470,LG,lg,,FALSE
fcd4d72262bca0fbd90013c2d3fc3e0c,Ithemba Recruitment- Sourcing Top Talent,ithemba recruitment sourcing top talent,,FALSE
0dfc29c6e7a64117692d1bfe559d4151,Advanced Education Company,advanced education,,FALSE
207aa07716ae739bf7446689ec04592c,Dhofar Global,dhofar global,,FALSE
13261d1bb474f5ca6648017e638f91a0,اسم الشركة محجوب من قبل صاحب العمل,اسم الشركة محجوب من قبل صاحب العمل,,FALSE
dbc728e0df9e63bfdc918ae7d5833be2,Petrolife Co.,petrolife,,FALSE
056e8d8250d6eeb19fe008283186ed07,Yusuf Bin Ahmed Kanoo,yusuf bin ahmed kanoo,,FALSE
47cd98357219b72cee53ab485948d12b,Ahmad Abu aterah,ahmad abu aterah,,FALSE
6339affab4cb0602139fc0d97ed96d4c,MACNA,macna,,FALSE
ee14c7b364e05a7bf8e6425dccedafae,Global Exchange Group,global exchange,,FALSE
2ff3ec9c89ae9044529914851f5bea05,Takamul Projects Consultancy,takamul projects consultancy,,FALSE
9bb4c09140be8b8c966ab62eec19c6dc,FARI - Finest Asia Resources Inc,fari finest asia resources,,FALSE
132b6c5fc9193d6ae58027ae302ab67b,MinIO,minio,,FALSE
3903a3f92e6b435192dc3812fd9efeab,Hdhd Jhhh,hdhd jhhh,,FALSE
ab1d4e8da79ecbb21db82f9b538ec6be,duruper,duruper,,FALSE
520a10bdc12a2d0370d5d8c8bd7dba43,Mandarin Oriental Hotel Group,mandarin oriental hotel,,FALSE
aca47649735abd8dbe28abda1a251014,Arabic.AI,arabic ai,,FALSE
151112920856d3b979655e4b67be17c5,IDOM,idom,,FALSE
9d6a122deff26ada334177e81eb60c83,English Path,english path,,FALSE
fd50cf239015f361c39a33f06bef0a14,DTEX Systems,dtex systems,,FALSE
6b852fdf2108cf8c309bbdd72f64790a,MapleGroves,maplegroves,,FALSE
1b87ca0fecfc40d13c0ce66d765fd289,Tamimi commercial,tamimi commercial,,FALSE
b019b4b628a4d92e37a521f511e36ae8,Bayt AlTawabel,bayt altawabel,,FALSE
29c832883920286d93750624556575d9,Al Falak Recruitment,al falak recruitment,,FALSE
730453ea1d257728628b7d73f9a90d8d,ALEC Holdings,alec holdings,,FALSE
53487a07ee5a6216041406dcc781848c,Six Angles,six angles,,FALSE
4e1e0a7fa48520d1d04c7b48e79885f1,Tas'Helat Marketing,tas helat marketing,,FALSE
d1947c7bc5a3356582dd786d813b8e8f,Duru Cooperation,duru cooperation,,TRUE
28786b274fb5274aeee560cfa6ca55d0,MSD Malaysia,msd malaysia,,FALSE
55510d7d13898f886ff143f6c5ae6fe4,Changan MEA,changan mea,,FALSE
57f8927c6e4ec6a333a413b8f1c067d0,Hill International,hill international,,FALSE
ecf762a2cc826fbbd3e0efd07fca196c,AL Sadid Mir Group Ltd.,al sadid mir,,FALSE
fca1c72585177d623c83743fd72bf8c1,Grey Lines Company,grey lines,,FALSE
bc2a481cfc474b6455ad0cb3771abda9,Asmacs Contracting Est.,asmacs contracting,,FALSE
fbd0413c38f1608e422f888b247ad09f,Gilead Sciences Ireland UC,gilead sciences ireland uc,,FALSE
fd5e73f5ad009da82c8e7b24798f372e,TrendMicro,trendmicro,,FALSE
42375e361e5a29cf55f1f1d336aa7bcd,Crown Arabia Can Company,crown arabia can,,FALSE
33d77785252c29f747ed42abc949fc69,Water Technologies,water technologies,,FALSE
128d9af752605f503e021d804427aca9,Acorn Digital Strategy,acorn digital strategy,,FALSE
546b07e918eac7fc7cf3e66cc5d42845,Norconsult Telematics,norconsult telematics,,FALSE
5e0072e38571c3abc728be7f793cc91a,Saudi Ground Services,saudi ground services,,FALSE
25f1785be1619c5bc722286302efe790,Dubai Holding,dubai holding,,FALSE
aa67c25a87960e7fdd423c9ded4b1d0c,شركة تقنيات القمم,تقنيات القمم,,FALSE
0cf66e289956106f83e2d0e4db0ea128,Swissôtel,swissôtel,,FALSE
67078a8a150c37d1fd03040eaa91fac6,Mukoun,mukoun,,FALSE
b1babdc6d118456bcb2b3b7e7b45c52b,SALAM INTERNATIONAL,salam international,,FALSE
7cc9f766e772902c2e08e10a56b727b0,مؤسسة حامد سعود العتيبي للمقاولات,حامد سعود العتيبي للمقاولات,,FALSE
35eab019b70d130219d0cebe93f03e5c,Ahmed Attia,ahmed attia,,FALSE
fbbd472a5df218b8aecc061cee2d6e5f,"Pace | Architecture, Engineering + Planning",pace architecture engineering planning,,FALSE
57cb773ae7a82c8c8aae12fa8f8d7abd,Maintenance company,maintenance,,FALSE
c1fda2c3565916f948fd89dde32889a9,Lucid Motors,lucid motors,,FALSE
48e7f859897d762eaa1f75cddc6da5d8,Buruoj Engineering Consultant,buruoj engineering consultant,,FALSE
cec192fe500c51527e2ec4b5a518b9c3,Tarmeez Capital,tarmeez capital,,FALSE
f7aac92ec5c46d8ebaf4d7ffa78c8f7a,قطاع خاص,قطاع خاص,,FALSE
8a2fa9292906834823a624cbe0cd0887,Mastercard,mastercard,,FALSE
571d1811bd39d8cbf5ab5f205e30073f,Dr. Saud Alsaif Polyclinics,dr saud alsaif polyclinics,,FALSE
470f67373b5114503481913df3d90eda,Bain & Company,bain,,FALSE
1653efecd385499e1abf0d96b354d589,Tayseer Trading Company,tayseer trading,,FALSE
47acc2ebea7165b7a3cd7281e22fbbe5,Mourjan,mourjan,,TRUE
6b917e9742bc996dba372c38e137a8f1,Employer #100424,employer 100424,,FALSE
97b49c155839e13f07b8416c52eff000,FedEx Express México,fedex express méxico,,FALSE
f104dbf9dc98cd2d7f0f75633c5cd3dd,الشركة السعودية التطويرية,الشركة السعودية التطويرية,,FALSE
d2d4383dd938b5a0531ec00396e5bfcd,SANY Saudi Arabia,sany,,FALSE
d9f0aaec11db9282b7ef920ac1e679ff,HirePlans,hireplans,,FALSE
02558a70324e7c4f269c69825450cec8,Alan,alan,,FALSE
f622f4e90434c629cb04ca0c2853635f,Covenant Health,covenant health,,FALSE
39b6046c0b155cb9ee7451b926d6bd7c,Danaher,danaher,,FALSE
85b300ccfe171efd2a948fe0158adc48,talentdiamond,talentdiamond,,FALSE
2e7f0a2ed15cf068e6b499e6e6c6605c,Luxoft,luxoft,,FALSE
d90d8aa0dc0d21bc032ddb807147fb2c,VertexGlobal,vertexglobal,,FALSE
afb2f397ef4fe9ff2b61163cf763d8b3,Ahmed Mohammed Abdul Wahab Naghi & Sons Co.,ahmed mohammed abdul wahab naghi sons,,FALSE
a3ff5aad70ac08ba8c6ea50c82b16924,Hempel A/S,hempel a s,,FALSE
9a4d043214a67c5c1b4ee36f113c4a9f,SEA Ventures,sea ventures,,FALSE
2cd2ab9a49fac9e8d1445077a2865f44,EtonHouse International Education Group,etonhouse international education,,FALSE
aad27791f9f747619751fb917b21ce98,Sameer Al-Marzouki Engineering Consultants,sameer al marzouki engineering consultants,,FALSE
5d9f804b6c98002a4c7996973098b88a,Infinite PL,infinite pl,,FALSE
08bbe1a22d2c5abacaa14cea949556de,Stellar Hunters,stellar hunters,,TRUE
d263d702e129335a447440fbcd3d98ec,Toby's Estate Coffee Roasters,toby s estate coffee roasters,,FALSE
ee662f655c3b666f2b564ccf748e2836,HI - Riyadh Al Malaz (RUHRA),hi riyadh al malaz ruhra,,FALSE
36126f059c1952368618bc5cb66d726e,Top Notch Consultancy,top notch consultancy,,TRUE
38f018950dd34cdb1e4dac258cac3de5,Smiths Group plc,smiths,,FALSE
74ce2e1a498f2fa27b5542040be774dc,F5,f5,,FALSE
5adc677ade3aa0af324daa91150142be,AlphaGlobal,alphaglobal,,FALSE
d3a1e7f22ea2d80f313f24bbee97bba3,alqimma equipment compny,alqimma equipment compny,,FALSE
cc9eb4ae89d49d169e1e8508e94a32b4,Jubaili Bros,jubaili bros,,FALSE
6d2aeac48f688b3afba2c2878a497d45,Tafaul,tafaul,,FALSE
aecfb92fabd211504b269e6af240e9af,King Salman International Airport,king salman international airport,,FALSE
301d540140910bac15eefdbce221557a,RLDatix,rldatix,,FALSE
f2e39cd5e9e472507a2ff13a5014c18b,BRAVO Genset,bravo genset,,FALSE
7d378184605a33ba0a56c0782db69d80,Salma security system,salma security system,,FALSE
5ed4138187cb92bd35a108d1d1c53d54,Downe House Riyadh,downe house riyadh,,FALSE
77c29fec59a2f6fe8cc7490e266d7c2d,Artefact,artefact,,FALSE
3ba8de19772bb667ff1254fcc6b7327b,SWATX,swatx,,FALSE
e9d52502c0f777b988dc485a3c829d38,Sarj,sarj,,FALSE
751442e78dba9ade7261aabf5ac084da,Alnafitha IT,alnafitha it,,FALSE
114dd41c62126c6ff3656a08d0db74f2,BM Academy,bm academy,,FALSE
6fbecd6e83b848b1caafee02a6f8ee59,Cloud Nine Human Resources Consultancy,cloud nine human resources consultancy,,FALSE
339954f26fc843dc265a62e9669e09d3,Deloitte,deloitte,,FALSE
76ecfc733b1c0c832f2f43e470902115,BCG X,bcg x,,FALSE
ebe2dabac7770a0e30106269e9e83ebc,Squadio,squadio,,TRUE
6a929eb28829f9d20757bef99f7503a6,Monglish International Academy,monglish international academy,,FALSE
4bda4216e1e679d58153b0538c698612,KBR,kbr,,FALSE
7bdfeefbc1920b6fad8e5c9e147d8017,UNIMAC - United Maintenance and Contracting Company,unimac united maintenance and contracting,,FALSE
b0397db4069f7b7c1cf4d28c74122cbc,Supply Tech Nexus,supply tech nexus,,FALSE
7d583a24c2edab7dfd994653d906bb53,Al-Rashed Group,al rashed,,FALSE
34163d8b62831ac9a782afa71b201ad5,Pulse Infra Analytics,pulse infra analytics,,FALSE
1ebf3011a3d9fa170252cd8cb9fd6fd0,Adree,adree,,FALSE
533ce52493cb4672a1fc2d6a29aa1208,CareerQuest Ltd,careerquest,,FALSE
3433bd75cd8595232907f46ffb043f5e,Work Force,work force,,FALSE
0988c1e7fe9c17e878df029d8ed34fc2,Maleen Consultant Center,maleen consultant center,,FALSE
53f607b57abe3453d0616a85ae34f7af,S-Chem,s chem,,FALSE
d83ffbdf6f05496175f1186ea8eb3c53,"Cozymeal, Inc.",cozymeal,,FALSE
1900bcbbd447f8e0b7b6ff9e5a88d226,شركة أنظمة تتبع,أنظمة تتبع,,FALSE
a5fe5706f30421959ddbf3db45a45c0e,Nestlé Waters,nestlé waters,,FALSE
7e0b36c4dffb81b7e952c4e8b01128c2,GDC Middle East,gdc middle east,,FALSE
b34ac81c8ddcf14a43ca81fd52eaa148,WadiWalk,wadiwalk,,FALSE
913f7cd19063b9fc9a74ae9c2d61650d,Dirah Development,dirah development,,FALSE
57b61e7a8b256eea4f1eabbae6232cbd,Al Taef Recruitment Company,al taef recruitment,,FALSE
07d9664bbc4cc70a5554e8c4701b8d24,Youssef Lewiz,youssef lewiz,,FALSE
46a2f55f2f72c3a74829cb95cfbe0a51,انس محسن,انس محسن,,FALSE
e8b7aee8c9518ca64392bdb14e0f7b5a,Ebbot,ebbot,,FALSE
7366620869fd041bf3502c42a5da7731,T&S,t s,,FALSE
72d8f5d23b7c9450950f2d8d80d4b30d,Sycomp,sycomp,,FALSE
f8a7b90c1e45bbbfa60736790bd3e859,Colgate,colgate,,FALSE
4b5aab651ce97f31edeec159dbce7ecc,Devoteam Alegri GmbH,devoteam alegri gmbh,,FALSE
ec8ce0c7640f47f116173c2cdbf1fd3f,نبراس,نبراس,,FALSE
5429fe51e4d31bdaa5784d2e04963e77,Core Medical Group,core medical,,TRUE
f3830ba3d24521c4d19c996d14388131,LuxGuard Solutions,luxguard solutions,,FALSE
0a08993b0db87a5c162dfb901c69b30c,Four Seasons Hotel Riyadh,four seasons hotel riyadh,,FALSE
7bdb2b9efc76648a4c0ec30ad69359bb,Saudi Business Machines,saudi business machines,,FALSE
f01717dd7a00f8c70a26663066af51fb,Pronto,pronto,,FALSE
bb251768bca4783ac645d820daf7faea,Project Equity,project equity,,FALSE
419f450e5692de7a8f404f57a988f924,شركة زهرة المجد,زهرة المجد,,FALSE
281fb5d1bf9149998cb21f3d3b7f4080,IMAKER,imaker,,FALSE
b949b847660b1c355bb18e55a95865e7,Novo Nordisk A/S,novo nordisk a s,,FALSE
b999a7c3bcc5535b4c8e277e18b7b6e1,Dash-,dash,,FALSE
3f49204efe41e9a4f7f34c46ad203f93,Ramz United,ramz united,,FALSE
0afffe23ba73900382d1f3699465095b,Careermine,careermine,,FALSE
f64a67c646bd80f6b9ae25c96f784fab,First National Human Resources Company,first national human resources,,FALSE
f4a8985090f54656189f3ef73388f277,Edvectus,edvectus,,TRUE
012e0afa8fdf51bf2ebe4eca3f2568e2,Accor DE/DE,accor de de,,FALSE
ab769af5679cb4323194e72c0f5f0968,Aujan Interiors,aujan interiors,,FALSE
ea792e5223a88b2ad1178691d88c392e,شركة رائدة,رائدة,,FALSE
8c319f28d81d1527a9428e9a5c2195f5,Smart,smart,,FALSE
afbdb87fd517742f8044d5d6f094264d,Surbana Consultants Pte Ltd – Kingdom of Saudi Arabia (KSA) branch,surbana consultants pte – branch,,FALSE
73efe5bd5493344c33aeac8bca1cd43e,Electron Trading Company,electron trading,,FALSE
f24c24ec6775208049e6bb57b827b927,King Salman Specialized Hospital - Taif,king salman specialized hospital taif,,FALSE
c0828e0381730befd1f7a025057c74fb,S3-KSA,s3,,FALSE
911043ae80333a56b878eccb313946ee,Hamco Arabia,hamco arabia,,FALSE
0861bc57da97fbe3ed2cb9f5c07b6f87,Stratos Asia,stratos asia,,FALSE
9ac2993ea63d4c7eaa9b1cb5f40fdeca,Bridge Talent Solution,bridge talent solution,,FALSE
bbd984cd81a62a1d6cb3d116f35fd883,Lemon Recruitment,lemon recruitment,,FALSE
1a4fee19cce99d6a2b3e747f0a43e6cf,El Seif Engineering Contracting,el seif engineering contracting,,FALSE
8e0766a77a93b74b25176f9c13bb700a,Mindrift,mindrift,,FALSE
578ff89734832dcd8ea88647967e1f1e,Saudi Desert Control,saudi desert control,,FALSE
88e0b8533935bac4a606f10eb25be9e5,Foodics,foodics,Information Technology and Services,FALSE
64bc9b7e5cb757140d91ff33e57c0f73,Tawantech,tawantech,Financial Services,FALSE
fda8da37eddb2c3f7200ef739d132996,iPS Powerful People,ips powerful people,,TRUE
1161406799267c28b623a347b2a4c657,Byte Bridge Inc.,byte bridge,,FALSE
2086de20adc8a082c8399b7f11938c65,F. Hoffmann-La Roche AG,f hoffmann la roche ag,,FALSE
97f0d5b29854ec7ec3b58a6f301bcb15,Protectol Health,protectol health,,FALSE
c58301c3d01a479997aa9a09c7b180b7,Appletree Global Consulting,appletree global consulting,,FALSE
221b3737f37c542a2383e4b72c819c0a,MSIH Ventures,msih ventures,,FALSE
a2d06a55a11eedf386737acb40746c33,Dr. Abdulaziz Al Ajaji Dental Clinics,dr abdulaziz al ajaji dental clinics,,FALSE
808ea32a491994b2d205a1a32837ba23,NES Global Talent,nes global talent,,FALSE
866088b056b68eb87b94370a9da52a78,Kidde Global Solutions,kidde global solutions,,FALSE
b9ebf453385d9af182d96b4fa8cf4f3d,Fast Fit,fast fit,,FALSE
efbeadeaee3243095451c03c03e15ecd,Expertise Recruitment,expertise recruitment,,TRUE
1d49edaa72fde15e1fe8356f2a9312f4,Burjline Builders,burjline builders,,FALSE
6cbf68e258a8223509384ed4424ab390,U.S. Renal Care Saudi Arabia,u s renal care,,FALSE
b1cfaf4007f9b2621603d39555759b64,Acuative Middle East,acuative middle east,,FALSE
3a0d3d1d5ac4164f412401844f1fbb8c,Neom Digital Pvt ltd,neom digital pvt,,FALSE
a1d7bf212641d7e608f572f5456dfac3,Faena,faena,,FALSE
3a8913c6501e2a9efd29f1a823a11f39,Kaspersky Lab,kaspersky lab,,FALSE
c7fb67368c25c29b9c10ca91b2d97488,Crossover,crossover,,FALSE
8b99cc762c28d2ed7939857f56cd1310,Yas International Gen. Cont. Est.,yas international gen cont,,FALSE
58a5af2cd7c8ca3dd6e732e39421761f,BenKhan & Associates,benkhan associates,,FALSE
25893c2054bdba7e6653b314374c0325,Primera Projects,primera projects,,FALSE
ce966c68bde76167206323c34eec88ff,GEMS Saudi International Schools,gems saudi international schools,,FALSE
1712099e5d76a3227b162f26cab10659,Hooves Equestrian Club,hooves equestrian club,,FALSE
6abcd8c76ace8b0036ed91194d448fc8,Johns Hopkins Aramco Healthcare,johns hopkins aramco healthcare,,FALSE
00bb6fba71666496c8e3eae96d0efed8,"STS Systems Support, LLC.",sts systems support,,FALSE
d4871511e9fa36b36bc8a2cf410a224f,Tashweesh Agency,tashweesh agency,,FALSE
08b8b70065e74d9e35b45bdc57233e82,Outreach Recruitment Agency,outreach recruitment agency,,FALSE
4f06bd16043a9126ba1afad2b3184a7c,King Abdullah University of Science and Technology (KAUST),king abdullah university of science and technology kaust,,FALSE
1f1ea7374f20b10fcb83bb910bc7dc74,Wiskots,wiskots,,FALSE
a2965842797081cb9fd89b68bae6460e,Cynet Health,cynet health,,TRUE
17af6b184e2fdd2afdd912d83e0d76e3,Power Saving Systems Co.,power saving systems,,FALSE
fca2e5894ff9c934e5b06d5c412b2ca0,Riyad Capital,riyad capital,,FALSE
e90f315eed464ac888b2aa5f7b6ee6e9,China Harbour Engineering Co. Ltd. (CHEC),china harbour engineering chec,,FALSE
1293998c9ea0de842b6f2ae611250590,Baraya Extended Care,baraya extended care,,FALSE
432237bdf1bd1b0f00ed1856ff02cd1a,Alaryaf Recruitment,alaryaf recruitment,,FALSE
2ad43510943ba78fe32424ec25c2f375,Naqarat,naqarat,,FALSE
790e3ae1d717cf6cc245a73c7293d89d,IKEA Alsulaiman,ikea alsulaiman,,FALSE
113ffbb012dafc9db8a08f2a5c40cd83,360 Solutions,360 solutions,,FALSE
9c65fc6daa42eca311816c6c230380b7,Marriott,marriott,,FALSE
678003e1891fb844b7911300323767db,Gulf Truck Office For Trading Services,gulf truck office for trading services,,FALSE
858e315dbf7f485f586185bd7659e834,Career Land Center,career land center,,TRUE
cba024964534578facc50ca2feadc37c,Ees Jo,ees jo,,FALSE
8557e3bd652d6bb574c04d39036d84d6,HELP AG,help ag,,FALSE
50b62d88096147bec80d99af853708f4,Tabuk Pharmaceuticals,tabuk pharmaceuticals,,FALSE
972208d45a16b50df7b9e6fc359feca2,Franklin Templeton Investments,franklin templeton investments,,FALSE
95b36f437e18308733de18b39719f60b,Sultan Al Mashawi Trading,sultan al mashawi trading,,FALSE
a805c528d459e6ccc74ed2b3521ca351,"A10 Networks, Inc.",a10 networks,,FALSE
17b33068637ca9ac4562ab6441bdcd15,Socotec,socotec,,FALSE
7054d422e90d5cd7e94d870a16a4a112,Dubai Parks and Resorts,dubai parks and resorts,,FALSE
3a347c2939ec43a4060054df1526348f,Guardian Industries,guardian industries,,FALSE
356acb80d9b40ba148961854d39a8cfb,Bal qees,bal qees,,FALSE
1cc00d92417e9eaa47567dd61a3c8990,Medtronic,medtronic,,FALSE
15cdee57398ba71d861076d38eee91e1,WTW,wtw,,FALSE
e76252004c107d5a212640abf044338f,Raffles Hotels & Resorts,raffles hotels resorts,,FALSE
8b5ea27404819d8eda3ad33ab3e36c38,Welspun Pipes Company,welspun pipes,,FALSE
9945ee9cf2ae42096368ad34d1c3f665,Netcon Enterprise,netcon enterprise,,FALSE
4f8837297020f8ce8cb6fcb725a8bf5a,EPSA Group,epsa,,FALSE
d8b15dfe47ca79d7a601f4834391395c,Hitachi Energy,hitachi energy,,FALSE
f2089e07346f296bc4aa63e2f4c6b6cf,TalenAxis Arabia Company,talenaxis arabia,,FALSE
0be000e6c4d747d9dfa9ba1e8b20a072,Essilor International,essilor international,,FALSE
81f24dffdfa50d0990fbc1f4cb8585e4,AkzoNobel Corporate,akzonobel corporate,,FALSE
24f47354338a1886071ae5c13bb00c24,Cobra Coffee,cobra coffee,,FALSE
9b98fa20d6efab053a3099d42d16d311,Transmed,transmed,,FALSE
b495e83114c1999db41b6656c702c2bb,SnapReach Media,snapreach media,,FALSE
fd944e9adfe91682f25257e2cf4028f4,PwC Middle East,pwc middle east,,FALSE
b98274f8dcdebb2f22757a296771ed1f,GMG,gmg,,FALSE
99ac2ddc8efc425f760663667e215844,Leading Edge,leading edge,,FALSE
b134491f554428de26fcbcdcd41cef8f,SiFi,sifi,,FALSE
c65285d782847becd246f61b7f9c5049,"Budget Rent A Car, Saudi Arabia",budget rent a car,,FALSE
95aeda47e5b0ac54a319bb6603eff06b,india abroad,india abroad,,FALSE
9409708c9d803a800a5714478872a194,International Monetary Fund,international monetary fund,,FALSE
8dd95691bde72e888c3c0a56e9dcc2b4,Mosaic.tech,mosaic tech,,FALSE
113ab55c013e63779da559ff1a4fcfc9,Saiid Kobeisy Fashion House,saiid kobeisy fashion house,,FALSE
0ccb5184cd68f243b7545e3e35e4d5c4,SOLGulf,solgulf,,FALSE
76385109857eccd3f3b010cd28f517c8,SEDER GROUP,seder,,FALSE
d53bb62c9c20b507dc9682aba182000d,Soum,soum,,FALSE
ad48236a922bd29b44e79c1cfae6d066,Nakhla,nakhla,,FALSE
f03194e2140292a2d218efa14bedca0e,ABIS,abis,,FALSE
8e6f683062a302b776f1f1b5a943ad30,Skatch inc.,skatch,,FALSE
c8b392aac1b1478e64c4ec91a2de7892,Jamjoom Pharma,jamjoom pharma,,FALSE
ab5363a0b78a67e74f07b6d1e24c4f07,Frasers Group plc,frasers,,FALSE
dea47414c779a9e8d55678fe23f0b99e,UNHCR (United Nations High Commissioner for Refugees),unhcr united nations high commissioner for refugees,,FALSE
bf7bc1efc3a00173b0757100ecacb299,TKMiND Consultants,tkmind consultants,,FALSE
11a16f5e8d6f0dd1734ae6ef32e598e1,Specialized Technical Services – STS,specialized technical services – sts,,FALSE
000587abae0e67c8212f3e521e6f20d2,899 SA10 Global Blue LLC,899 sa10 global blue,,FALSE
d1cd6e549ab60b728497f73aeeccc9ba,ServiceNow,servicenow,,FALSE
88d9e8cf85885da8be58bf558af790ed,SPIMACO,spimaco,,FALSE
c1d83ef8ff15c94ffb0e29109f80e965,Mannai Corporation QPSC,mannai qpsc,,FALSE
dcfcf8c120c1ccede02fc4e16007c3d7,DallahHealth,dallahhealth,,FALSE
2cdb98f8264d1398e79993267e6c25d8,Abdullah Al-Othaim Markets,abdullah al othaim markets,,FALSE
a568e4d03c0c04dc1b2f24d6b1a0b18c,Petrolube Oil Company,petrolube oil,,FALSE
b819e80ea82eb03665c14c12263b08d3,Motorola Solutions,motorola solutions,,FALSE
96bab3b892d3df220057401270ca6f25,Maveninsights,maveninsights,,FALSE
ba5e99d571de21ba423f35304c4df6e5,Mogi I/O,mogi i o,,FALSE
c137a37ad1929f517c71b2c0740fd515,NTU International A/S,ntu international a s,,FALSE
88361a4d0eaa0577215df396f237d407,Azdah,azdah,,FALSE
ccb3669c87b2d028539237c4554e3c0f,NTT Limited,ntt,,FALSE
6da6ceef17b0eeef3d18694a0f7356a2,Takara Hospitality Group (THG),takara hospitality thg,,FALSE
0272d0049395da2d631ae9bc69cd6d8c,VITAL Agro industries,vital agro industries,,FALSE
189bb2693a078e2b29e0895a760ad9a2,Sulzer Chemtech,sulzer chemtech,,FALSE
6f57cc8ee0847e75b9bfa93a8823164a,Mercury Sols,mercury sols,,FALSE
2a51eb4ca4fe28adcc2c766a139536f6,Millennium Hail,millennium hail,,FALSE
c0291ca780509865329f7a8748cf0ba7,ITP Media Group,itp media,,FALSE
9951112f8dd2b0e52597c27197f1121c,The Chain,chain,,FALSE
79e84ac90417bbeffdeff3824f2e94d6,Danfoss,danfoss,,FALSE
ec8891cec7d951aef077a21dd6e13740,Quest Oracle Community,quest oracle community,,FALSE
54341cc4542089e94e0db8c1426dda38,CC Staffing International,cc staffing international,,TRUE
2aafbdd9491d386308d4e2ec503228f9,Waad Education,waad education,,FALSE
d5161edd50dd91b2ee0f1482713d5cf9,Afaq Q Tech General Trading,afaq q tech general trading,,FALSE
74470124a895008a674313be0be1d047,Ingram Micro,ingram micro,,FALSE
4d2b728fc950026fd79a2d8961025a07,شركة ديار الأولى العقارية,ديار الأولى العقارية,,FALSE
4961022e4ad033c8cc23860f4e15d5e1,Kaizen Firm,kaizen firm,,TRUE
3d19c39ce3730eb23b186c2521381a57,SIAS,sias,,FALSE
7ea12d156bac760046774361de9d1b03,Burson,burson,,FALSE
9f05266fb4fd1da9f41cc41e8b96ed0b,Ghobash Group,ghobash,,FALSE
e82f088d9ae798642d4b7741597b5fd1,IDea HR,idea hr,,FALSE
b96080db2cc0e4e79b2e96d4c634edeb,Idemia,idemia,,FALSE
0685e2d3946c3590edbe0a6715dc8ad5,BRKZ,brkz,,FALSE
f4ea7c23501c8d51397e1a7f52bf9a27,Bureau Veritas,bureau veritas,,FALSE
5d31bf09c310aa92d8af8dd87da7c12e,GoldenArea Development,goldenarea development,,FALSE
b9cf01b77117eae901f31d20ea919574,Camox Philippines,camox philippines,,FALSE
eb7e3ba86f07c6bc91a4a55e44dfe9de,PPOAR,ppoar,,TRUE
2eea85ba21faa273c3f204e967a96f27,Castolin Eutectic,castolin eutectic,,FALSE
8591294e5616ecd5261bf3b6a6eacf2c,Obsidian,obsidian,,FALSE
6e50d1715f30e385d00ec9aa6d443dd3,JobTailor,jobtailor,,TRUE
cc0333fa5ada25d1034b31478db8e7af,Vanderlande Industries GmbH,vanderlande industries gmbh,,FALSE
e26e7e2bfc89cda1bae9fd3450442aa8,Mohammad Al Habib Real Estate Co. | شركة محمد الحبيب العقاري...,mohammad al habib real estate محمد الحبيب العقاري,,FALSE
7bc27f3e529bc23d7f8c12199cd9798d,GeoWise AI,geowise ai,,FALSE
f970958801033c5742fc8b1da99e2eb8,Globant,globant,,FALSE
47b1239c7b13b4ad4e6ed21157b28031,Amazon Web Services (AWS),amazon web services aws,,FALSE
2de276ba648a1291b3688b221aedff6b,Dubai Branch,dubai branch,,FALSE
b14a01427bd6d140ef3e9037f72d1e11,Lanco Group,lanco,,FALSE
6638070bc99321b316adbd95e6951f5b,Canon,canon,,FALSE
0af847fb229b91c6e654843d47db544d,SeaLink,sealink,,FALSE
6886e4fba86a19959383ad1d289efed8,Qlub,qlub,,FALSE
04a8f40dcf7c508250d79229fad346fa,WPP Media,wpp media,,FALSE
55b0bb7780fa0cb82a5c28beb0d5ede6,Tamasuk,tamasuk,,FALSE
01261b8321bb448a35188d9c10d4f4f5,MOBCO Group,mobco,,FALSE
ca1e634febad34c0c770bc34a834d488,AZAR,azar,,FALSE
26f74940d542e06136bfe5768e18dfa3,Henkel,henkel,,FALSE
1727ed3e158e9e3fd0906169f1402c59,Mondelez International,mondelez international,,FALSE
071931c0f79e043e513ce177d255d586,Richemont,richemont,,FALSE
847dfc03daba853072d8f4918e5d99a9,Gulf Marketing Group,gulf marketing,,FALSE
e9eeaf849a71a14c2b78c4565a6876a7,TechnohandZ Global,technohandz global,,FALSE
a56ee0c7cf18aafccce3c2916e57d5dc,Urban Tech,urban tech,,FALSE
fafb0bd4a05b172aaf617027a90d70bd,Soar,soar,,FALSE
a350f431c1347dc0cb486e5abb30bdb0,baja,baja,,FALSE
122da6a95e0a6e0c2db5165eaea9ceb0,UpChef,upchef,,FALSE
c73f7fd622852ca49650c6ff58ead694,L&T Hydrocarbon Engineering,l t hydrocarbon engineering,,FALSE
10336223bca59e02567633c757addb55,Realigns Inc,realigns,,FALSE
73b87ae2f29ac369805e658c89a320c1,Sika,sika,,FALSE
5da0e0c31e0a28dd20c1f067e5f25be1,ANDRITZ,andritz,,FALSE
6c49b1d0bf3223eddba9bc15011f237b,Tuwaiq Academy | أكاديمية طويق,tuwaiq academy أكاديمية طويق,,FALSE
e876f3bc25ec61937eada3847365a5fa,Green Recruitment Company,green recruitment,,TRUE
cf68715f02abbc30e4673a3c7314480f,"Misk Schools
Riyadh, Saudi Arabia",misk schools riyadh,,FALSE
67bee2e4c4d6074fbc97d7caeecd8873,Techno Air Gate,techno air gate,,FALSE
bd4af2e01e534e57db7d11dd39b39d69,Clyde & Co LLP Lawyers and Legal Consultants,clyde llp lawyers and legal consultants,,FALSE
1a590ea082fdb974f138d6ec32f2d0cd,ALBAIK Food Systems Co.,albaik food systems,,FALSE
9088b1659613fad8a50c2ead6fb04acc,dLocal,dlocal,,FALSE
8574cef76d4ec28af36ac46e4bfb6149,Team Yamama,team yamama,,FALSE
a311dd4dc6c33901f9c3a2ffd33c27dc,Teneo,teneo,,FALSE
d6e219a4b3e564c9606043e8ec67790b,City of St. Louis,city of st louis,,FALSE
0f2a06682d5a2b494362c43cfe655965,"Accenture Infrastructure and Capital Projects, LLC",accenture infrastructure and capital projects,,FALSE
146906991705258832def1fbdb9cb7f3,GRC Technologies LLP,grc technologies llp,,FALSE
0a2c7076581c57addc91f447def8b5d1,My Little Kingdom International School for Girls (MLKIS),my little kingdom international school for girls mlkis,,FALSE
1ba8d2f4aa138dafc9c20671356b47f4,Solution Leaders Fayez Engineering,solution leaders fayez engineering,,FALSE
b4c34fbe86e4efd388b9161ea04ce059,Magnet Medical,magnet medical,,FALSE
6620a203707b664d7b63b2efa1f819dc,Kimpton Hotels & Restaurants,kimpton hotels restaurants,,FALSE
1a2a0eabc39439588b7dcc7c30595117,Cyient,cyient,,FALSE
983d5ddbc51e5c83a1be4e4c037c691f,Exequt,exequt,,FALSE
ae3d051f44f5b3174fff18571c502b17,NADEC Foods,nadec foods,,FALSE
78cc4599565ae8d657eb367a918c2f0f,Pranam Recruiters,pranam recruiters,,FALSE
7d03716676955df13071fd9c0c8dd09c,CrowdStrike,crowdstrike,,FALSE
8b825674ab8cfe71d0450787f3464984,Alqotr,alqotr,,FALSE
b3ea76f8d925c8e3f539c2fda560c0e9,First Access Consulting,first access consulting,,FALSE
f196eaac3b40449bbaf19d873b494128,Tabby,tabby,,FALSE
51178c86864e8e8edd43b0bbc8ae36d5,Astek,astek,,FALSE
70c80ace880f2b85015249d7ef1518d1,ENGIE Solutions Middle East,engie solutions middle east,,FALSE
decec68c368c79206efb7f27851bf671,Dutco Tennant Llc,dutco tennant,,FALSE
5b0ce5ce2da2479253359a16181e752f,NAS Human Resources,nas human resources,,TRUE
3e18431fcacee0bcb2089e6a27c4cae5,The Global Zone,global zone,,FALSE
3c3ba754f9eba66a546e37c41fe9b0ae,Akbar Khan,akbar khan,,FALSE
d398174754d83dbc22a750ad6633a14d,Zhende Middle East,zhende middle east,,FALSE
908a4ce92399a1c273de986662ae6815,Star Services,star services,,FALSE
80dc07eb333b80b191420a3fde489831,Yougotagift.com,yougotagift com,,FALSE
00532177df0224cfdcc004966bcf5301,Intertec Softwares,intertec softwares,,FALSE
70e9f682a4531d33f899138d67f43744,Tharwah,tharwah,,FALSE
80fbca7375e52b4ca2eea9ff466a0a83,Gulf Cryo,gulf cryo,,FALSE
8378e9035e03b50d6b1bbc552e82dac2,Palo Alto Networks,palo alto networks,,FALSE
541e42b4b5535361dab5ad9de09db988,TRS Middle East,trs middle east,,FALSE
564f10260067a9b0c8d8e206ecdb49c6,Kent,kent,,FALSE
59fac9c1c7f9c67b9352c3b1c396231d,Hyatt Regency Riyadh-Olaya,hyatt regency riyadh olaya,,FALSE
f70d041db505a33affe1fac7bdfb0bc1,Sahm Capital,sahm capital,,FALSE
6f61924695bee393771882cc1e0e3096,Tamara,tamara,,FALSE
7cd6fef502f091fce19b2eeb262d5f94,United Nations,united nations,,FALSE
b6f93129b99b7d2893fbd1294436f404,Steel Force Trading,steel force trading,,FALSE
fb59c993ac0c7e912f67085db5ae144e,Ciencia Puerto Rico,ciencia puerto rico,,FALSE
3a9f9241f42e41f45642d106212eec45,Future Placement Company,future placement,,FALSE
0a4ee08bd020e0eb29036db0d9beeafc,"Al Gosaibi Services Co., Ltd",al gosaibi services,,FALSE
9d91712bd1417f3e62cb94af6a990408,FutureHire,futurehire,,FALSE
a81fc38b6b55c534547e077a70cdb595,Productive Playhouse,productive playhouse,,FALSE
138b89128f80914dfe3e632f33aef7c2,Abdul Latif Jameel,abdul latif jameel,,FALSE
e6a28712641fb3255d06ed2709fc2bd7,Engg,engg,,FALSE
67fc0a109d8838893b64f86dbd67988b,Qadir,qadir,,FALSE
7c6045bb23ea2fc29a0d9c66e7eb73c2,AYK Overseas Recruitment & HR Manpower Agency,ayk overseas recruitment hr manpower agency,,FALSE
855c80344b5821b06e1fbf9e8ee93186,Secure Shield Solutions,secure shield solutions,,FALSE
4729eaf7a48054966a0c7ab85f8c17cf,el Grocer,el grocer,,FALSE
2ea8102776c89e64234711f18baef64a,Big Fish Consulting,big fish consulting,,FALSE
fd69ffb454be89f70a9cc482b663525d,Agility Ventures,agility ventures,,FALSE
d325b431ba4975def2c0edd0ea05ddda,Emerson,emerson,,FALSE
67e92c8765a9bc7fb2d335c459de9eb5,work corp,work,,FALSE
017af061ecd22b213edd6f00c6e162b8,Danube Properties,danube properties,,FALSE
61a1c6fdd060113a4cbace098e3b8cb3,Ethikos,ethikos,,FALSE
27fc1f06099812e90491c2fa8a1d01dc,Al Safi Danone | الصافي دانون,al safi danone الصافي دانون,,FALSE
8afc2b49b1667323fcd96286cf8618e8,Excellences,excellences,,FALSE
a189c633d9995e11bf8607170ec9a4b8,Oracle,oracle,,FALSE
51aaf3fb0f5cda535a95aadc05884da8,Coordinating Council of Domestic Hajj Service Companies,coordinating council of domestic hajj service companies,,FALSE
3660188d380995cac91b633fb57bdf39,Egis,egis,,FALSE
1d4387af4d271e9c948e8c020084789a,ConnexR Solutions Pvt Ltd,connexr solutions pvt,,FALSE
929d95fe0f6587f280dc4a461d573a61,Al Layan Logistics,al layan logistics,,FALSE
14a1140bc93f53f3c3248d51bf5e157c,Infobip,infobip,,FALSE
74f3215b67fd2333ec276f6b8d2c6c01,MHT Est,mht,,FALSE
a1febef08fe163485c077d497e209192,Dar wa Emaar,dar wa emaar,,FALSE
8e6e0bfaf3487255c1ce3251294752b7,Eaton Corporation,eaton,,FALSE
df88608671e983600cfc8ded546140e6,JBS Global - Jaffer Business Systems,jbs global jaffer business systems,,FALSE
11b43858ee1f9439791a86c5376cfec8,S&K HR Consulting,s k hr consulting,,FALSE
5bcfef17333686e8d1e5d5f38a08199e,Bawan Al Memar Co.,bawan al memar,,FALSE
2697f3b8d6e06e3f58e17b0095a88a37,Swisslinx,swisslinx,,TRUE
82bbe166cf3ef63a4b636d8669c4ad77,Whetstonez Software company,whetstonez software,,FALSE
998eba51ea9c5a804f9147b8f3a591d4,Aggreko,aggreko,,FALSE
b52a8479754d75bc2500fd46fc79fb47,Decima International,decima international,,FALSE
886a9f9edb12bdd4ac1d58f0283b6855,Boutique Group,boutique,,FALSE
6e71cd91f793cc9b085916a985bc8b4f,blocksgroup,blocksgroup,,FALSE
7723885c08e1c7a058e5fa2e2060592a,King Faisal Specialist Hospital & Research Center,king faisal specialist hospital research center,,FALSE
6d2dc8e4cced6b70b33ef2c208101a00,SPIE,spie,,FALSE
9d409b75625b18c4fefcf7486f3f2e2a,Elm Company,elm,,FALSE
4fbd036f5a0f9522c5ee606c26018efd,brioche,brioche,,FALSE
ffcec9bf4f74890670988890f62fa8af,LEORON Institute,leoron institute,,FALSE
d9fcbbfddcd2daba1fd478b112d22beb,Client of Pulse Media NL,client of pulse media nl,,FALSE
e725df0794b817f84db1e813c3512b21,stc,stc,,FALSE
508f62705c3dc1f374585f1d713377e7,Gartner,gartner,,FALSE
053e0bbedf7da7e2dd3559250c70e237,Fresme,fresme,,FALSE
d461050ee900eb31721b043ecacbebf6,MABconsult,mabconsult,,FALSE
e7e214a301611b7b79a83bc423091a7b,Zutari,zutari,,FALSE
81a085752d28d31cf27331d16b59cc8a,REEF GROUP | مجموعة ريف,reef مجموعة ريف,,FALSE
b0189277997d8cd50d7ff10855fd5ebc,Dalmine SPA,dalmine spa,,FALSE
d6b5a0c67e95e4a838ec0270c2495e4c,Chelsea Consulting,chelsea consulting,,FALSE
6d1e5e8ee525d5fe92666afe5be029d0,Thehseleader,thehseleader,,FALSE
d20089fcc824131a2cbabcfa2d731551,SMANDI Group,smandi,,FALSE
0690ef546bf96611c2013b5aba28e670,Bouygues Construction SA,bouygues construction sa,,FALSE
5d5b5fec21d37868a28341c41ec1b456,Fhbc G,fhbc g,,FALSE
b31df235e8aee38fd08600c353af2b52,Systems Limited,systems,,FALSE
47306a607433010dd9ccb9b12fcc5b91,اوقاف للادارة والخدمات العقارية,اوقاف للادارة والخدمات العقارية,,FALSE
144e3728c642084d682fdcc036ab7c15,Dr soliman fakkeh hospital,dr soliman fakkeh hospital,,FALSE
62068a75f10cddeac1bbdb4b306dce00,Llotor Arabia LLC,llotor arabia,,FALSE
370d690686c9c1b1c5804aa2f9af69ac,Lamprell,lamprell,,FALSE
daa55629b0e11d55c457fd831a0bbd8c,Ebdaa Al Shahama Gen. Cont. Est.,ebdaa al shahama gen cont,,FALSE
6f259ae7a1a38b259214d1d915d420f4,AIM IT Services & Manpower Consulting,aim it services manpower consulting,,TRUE
7cacb4403ecdfdfee65efa49aa55bb2d,abstract resources inc,abstract resources,,FALSE
060f398f33e353ce1144bc1796935373,Zaintech,zaintech,,FALSE
65f396eb553ceba563a2f1084887c38b,ilmi - عِلمي,ilmi عِلمي,,FALSE
82acb7c0b05ecd5c877b7f02c762a261,JODAYN,jodayn,,FALSE
e84271cee0041f4d15ea622427ab76af,ERC International,erc international,,TRUE
0a5a3b09268bb6521d8d43ed2a1ead3f,JPMorgan Chase & Co.,jpmorgan chase,,FALSE
4a52a45cc29830fc0f431faba6e5b890,"CreditNinja - KMD Partners, LLC",creditninja kmd partners,,FALSE
e5209808d52275bcec9036af62999a8e,Atkins Realis Group,atkins realis,,FALSE
db5b2e1cde7306c66e6a206064c05092,IFS,ifs,,FALSE
aa55097cc36f3a9c1b04b5f47ea76256,Bayut | dubizzle,bayut dubizzle,,FALSE
f124d52f44f9140d28a52abf8dcfc9e4,MINDFREE Consulting | Insurance Talent Hub,mindfree consulting insurance talent hub,,FALSE
829aab609277b818bed8ea5e448c445f,Floward,floward,,FALSE
57f26d2d299f8ce34d48ad138a182eb5,The Saudia Dairy and Foodstuff Company,saudia dairy and foodstuff,,FALSE
bbccffb583190b1bd41c39272bc60ad0,Wolters Kluwer N.V.,wolters kluwer n v,,FALSE
e8a97f942ef9f787675ed38d2fe50182,Akima,akima,,FALSE
eeac4ec3a05bd7b55afe88fd1ac862a0,Takamol Mobility Services,takamol mobility services,,FALSE
15798722ae354781c21f62c7b9394b44,INTECH,intech,,FALSE
702e91c8527877115be2db1b7d0d1fa3,AFRY,afry,,FALSE
b23815a2966deb5990e8e6dcceba1127,Career Nest Academy,career nest academy,,FALSE
67f7c7e9910b322960a5b8763b2d1b50,Petromin Corporation,petromin,,FALSE
d1651003d8531846b0d2e520c80ef3ff,Shangri-La Hotel,shangri la hotel,,FALSE
8bc003b68aaff00d1094957c4d0cb118,SupportFinity,supportfinity,,TRUE
318b3e720b128c39a8834dc23ad108ca,Al Qaryan Group,al qaryan,,FALSE
ae6188f91574fa5ac18e8ada9ef3848e,Elite Fancy Food Co.,elite fancy food,,FALSE
cd1b7f71870571388c5859f570752f87,Work Place Doctors,work place doctors,,FALSE
85bb119577da757c36365590ce09f165,Alsaaie Group,alsaaie,,FALSE
0761e53b49ad441c0836f52f373743b5,Flowlife,flowlife,,FALSE
3ee76372ca41c2f02910ca2d4f6a9876,PricewaterhouseCoopers,pricewaterhousecoopers,,FALSE
25dc9f48da61d28fb6b3c7c98ff2921c,Creative Cube,creative cube,,FALSE
c91a4e08e020a2d22671084fcd677a25,Dammam Airports Company,dammam airports,,FALSE
215ddd5e5a8fd31f9978a5cdacada351,Abdullah Faleh Al Dossary Sons Contracting Co. Ltd.,abdullah faleh al dossary sons contracting,,FALSE
1f6de9cb9e97c6516d288c898e5c0cda,"City of Shakopee, MN",city of shakopee mn,,FALSE
ff70e1353743dbc5c9cfe6601d565e97,Awj Media Group |  مجموعة أوج الإعلامية,awj media مجموعة أوج الإعلامية,,FALSE
e8c8ec6ac0b2e1af51f7efac0e2712b1,Radisson Hotels,radisson hotels,,FALSE
561b0463f12fa35fda90b7c4c7c74096,Alsaleh Enterprises,alsaleh enterprises,,FALSE
d450c5dbcc10db0749277efc32f15f9f,Prof,prof,,FALSE
5dc7e14d8cd951aa71e8fe67d4bb92fb,Tata Communications Transformation Services (TCTS),tata communications transformation services tcts,,FALSE
b9db81a3b1750203110640ca54694bc9,Darkstone Arabia Ltd.,darkstone arabia,,FALSE
5931d7e8af333f9baac6bca4b88e6402,HelperPlace,helperplace,,TRUE
b5a9db123fd5e8ba704dbf3efffc8731,Almarai - المراعي,almarai المراعي,,FALSE
a7b0ce86687ed4ea923bf1eb9f39ac90,Arabian Founders,arabian founders,,FALSE
16dad297e28818234fc545059f84c503,dmg events,dmg events,,FALSE
8ccec48d5bf9f66f7a1ce86c71c4bf6a,Job Care,job care,,FALSE
0775d9ebd2109428d76069aaf769518e,Gulfjobfair,gulfjobfair,,FALSE
16d21d4794ac61ded00516aeb46db25c,Rider Levett Bucknall,rider levett bucknall,,FALSE
562430176278002fa4f123f2f8a81bd0,Keld,keld,,FALSE
63d970ec4e2ad200ba465f11ac03c2b4,United Nations Development Programme,united nations development programme,,FALSE
1f3d357b3559201fce0b702022ee6c8c,Avanceon,avanceon,,FALSE
e6356bb116a0e9d8ff0800ce5b167fee,Awtad,awtad,,FALSE
b0ee931d4f184dd7fd2a9c8b8a6d8859,Kesarishalya Industries India Pvt. Ltd.,kesarishalya industries india pvt,,FALSE
5a0e9138995a6e4023d4f5460850473a,First Executive Recruitment,first executive recruitment,,TRUE
00a72cfe8ec9656f4937d914e7869acf,Red Dune Contracting Co.,red dune contracting,,FALSE
ab3e3e9177d68884e65f31f5a91285b6,محمد رزق شوشه,محمد رزق شوشه,,FALSE
1776fca54ebaf709e7d9539855c41cee,Environment Fund | صندوق البيئة,environment fund صندوق البيئة,,FALSE
701575cb12fb07229e4f9ab949cf14c7,Salehiya Healthcare,salehiya healthcare,,FALSE
38f39ca176ec6e9fbbdb8b852ae85009,Advinov Contracting,advinov contracting,,FALSE
af877246c3caac29b75e43757f61ae12,Medmart,medmart,,FALSE
9a337386498e6ff157fe9f0ed7106362,SANKYU Saudi Arabia,sankyu,,FALSE
cfdd192656810f190b7a43c505dbc39e,Mintskill HR Solutions,mintskill hr solutions,,TRUE
30d171c0fd33b1f06c08e970602cd433,شركة طرق الجزيرة,طرق الجزيرة,,FALSE
0e9a6fd7722cd2073d3332b8e14e5624,Atlas Teachers,atlas teachers,,TRUE
1b732fc6290e36dcc9f9e294856a8ea6,Khatib & Alami International,khatib alami international,,FALSE
b36d81818630af3f7414360fb62f169d,ApplyMint,applymint,,TRUE
a92a32e57568ece3b2204daa0f336245,BADRI Management Consultancy,badri management consultancy,,FALSE
4a95d2cf9f1d6c58669f0eeb24ad7e49,Justlife Home Services,justlife home services,,FALSE
6f31759ccb28ba7c06c8ec653a51146a,"Kearney Italia, Inc.",kearney italia,,FALSE
cbdd4ba894c252e19c7558e39a17baa0,madinans,madinans,,FALSE
449494e4dc137455412ff57793c2f64e,PayTech Nexus Ltd,paytech nexus,,FALSE
a5d502e66f116d4bd040613df88e074b,GRG,grg,,FALSE
d2b02c0e483181bf9bbc52d994c610c7,National Initiative Human Resource Company,national initiative human resource,,FALSE
e0af64a6eb35398ce2102db750b1c4f5,Kanz,kanz,,FALSE
1427e98c3764f374ec650475e451c018,Servier,servier,,FALSE
85e5eae941f02137a7ecb9e04c2c0e2f,اسماك المرجان للمأكولات البحريه,اسماك المرجان للمأكولات البحريه,,FALSE
df9ebc29ffbbc44decb4287c92223113,Starmarkets,starmarkets,,FALSE
ad3737487fb0b881f1098afa94a7c08e,Americana Foods - National Food Company,americana foods national food,,FALSE
1477669eee8153d1d4baa902377a7815,MEEM (Middle East Electrical Motors Factory Company),meem middle east electrical motors factory,,FALSE
a74816eb2ccc736d292003626754f450,Pinsent Masons,pinsent masons,,FALSE
5fc685faa53475ba3cdb84bb3cab833f,Optimal,optimal,,FALSE
30b88b067baac0e2650c17a701b2740d,Target Engineering Construction Co LLC,target engineering construction,,FALSE
c056aa7067ffcc432e879b159d5dd658,Lawazen,lawazen,,FALSE
fbb45ec16f0fa24c866e33898d46ee4d,Coca-Cola Bottling Company of Saudi Arabia,coca cola bottling of,,FALSE
f1f5691fe8a00bbcd7213f891cd180f8,Hamilton Aquatics Swimming Training L.L.C,hamilton aquatics swimming training l l c,,FALSE
ffd537a4df5262f754e8d304a39a8cc5,Cody Software Solutions,cody software solutions,,FALSE
3b53bf9f547e81f02cb4429b881016fa,Hopper,hopper,,FALSE
8db60f407591d47a224b3961e1c09474,Jac rijk al Rashid,jac rijk al rashid,,FALSE
8c1f46bd4c9cb13e21f36fc7d20f4a4d,SAJA Pharmaceuticals,saja pharmaceuticals,,FALSE
ca6b2b68cce34629bde56bcc0f5fb1f5,ADIB ALI AL ZAMIL ENGINEERING CONSULTANCY CO.,adib ali al zamil engineering consultancy,,FALSE
cc43264706fcd9c76a45be3321f3a195,Alyasra Foods,alyasra foods,,FALSE
714facee5bf0f23a42565963f188330b,King Faisal Specialist Hospital and Research Center,king faisal specialist hospital and research center,,FALSE
3b53856883faf02981863ef308761ca6,Al Buraq Holding,al buraq holding,,FALSE
f859261376e362c3a2ddf91e0ce169b8,Droon Khan,droon khan,,FALSE
956118a742dd807b0dff40e34ba38e4c,Edina Public Schools,edina public schools,,FALSE
8c464f1f773bc1c129cf501a0d357591,Re Lytics HR,re lytics hr,,FALSE
34ddaa8fdb3b33e12dedf7a26f780289,Apex Operations,apex operations,,FALSE
b5f41e9474cbcf150cc1777be18abb2f,أحمد أبوالدهب,أحمد أبوالدهب,,FALSE
cb23bb8e9d0a3b1811cdfd306226c259,QatarYello,qataryello,,TRUE
754b1d1b2237430a23f27de9573d3611,Atlas Copco,atlas copco,,FALSE
e446012dbf285bc4bc02ab163e45950e,Boston Consulting Group (BCG),boston consulting bcg,,FALSE
72720b73771fe36ee4365961d23aa79c,SOAB FATT,soab fatt,,FALSE
03265faca14f06be8156135b57d4ccf9,Enhance,enhance,,FALSE
653d3a8561ef78019091148648a4d01f,Grid Solution Arabia,grid solution arabia,,FALSE
198c7a2c3f8b6c632888f671900f4e0c,Altivate,altivate,,FALSE
e7883017a4fa4d640b795a91eb486e36,NDT.net GmbH & Co.,ndt net gmbh,,FALSE
5ea3c1cb9e366223f6293e5db619cc1a,Saudi Professional League,saudi professional league,,FALSE
40ac9ca087c46ff3c1c94dd3b32b6898,Sealy Mattress Middle East,sealy mattress middle east,,FALSE
80c73e50324e9bdd16ddced448d6f3a2,Gulf Payments Company,gulf payments,,FALSE
c4cee21f931cd6e15efa9782e9bee1d0,Legacy Hotels Holding,legacy hotels holding,,FALSE
8d59f491fbbcc838fe5d76921eba156f,Alliance International Consulting Firm,alliance international consulting firm,,FALSE
f5d759713730e79fbdf2e1568e07d471,IDEMIA Public Security,idemia public security,,FALSE
6e605c468227ce8701bfecba4e08607b,Altakassusi Alliance Medical LLC,altakassusi alliance medical,,FALSE
9d2456d341a78837831ed8345abe4c11,Wise Insight,wise insight,,FALSE
c9495df393c60caa1c4f4ffc26f884c2,"Vectrus, Inc",vectrus,,FALSE
7fe4a78d811f60f21bc457dd6d590478,HanmiGlobal MENA,hanmiglobal mena,,FALSE
4827eb19834f40b46afc1265c0dbbb3b,3C Metal,3c metal,,FALSE
95350c105a8138e2d4323f7beb37a0c3,Al Rouf Lighting Technology Co. Ltd.,al rouf lighting technology,,FALSE
1b1bfb9fce699cd94bd7c71d47d5f7da,MedDeviceJobs,meddevicejobs,,FALSE
69586efa7ed50bd52ee348f434822ea5,Jeddah International School,jeddah international school,,FALSE
38baa26c71f9990fe408232b77327187,Everhires,everhires,,TRUE
8fd086f80e788952c5b8830bcb4b6994,Smit Lamnalco,smit lamnalco,,FALSE
2dc6f57ef223bad2cf16fe82703a5776,Trinity Consulting Services,trinity consulting services,,FALSE
06e640993aebf5bdd54c6cc8bedb3285,MIS Tracking,mis tracking,,FALSE
17caff0d76774e2a6ab3e922e9e7ccd4,Mudiad Meithrin,mudiad meithrin,,FALSE
276ea0c188648414dbfc0181b39eb19c,Referral Board,referral board,,FALSE
986ba55747f4fbb38c399090079facc9,Galderma,galderma,,FALSE
50be3229b681f5fb11410e593f86e583,Grfn,grfn,,FALSE
0087c54e95208dc7925e7f4ae09b36f3,MasterFix Solutions,masterfix solutions,,FALSE
1784d4b85c4172fddee66c7900404dac,Cerebras,cerebras,,FALSE
70bcc5780ce65bcf186b2e92f1f8cd3c,Fuku,fuku,Computer Hardware,FALSE
68296958c9478cfca3017a2dc2f790fa,Quality Education Company,quality education,Education Management,FALSE
39acd084f1cf41727f606573ccb30d4c,International Hospitals Recruitment,international hospitals recruitment,,TRUE
6197a4fcd1f3957aead60ec4d657611a,Manha Service,manha service,,FALSE
4019f538260fa527200f471583430791,United Distinguished Medical Company - UDM,united distinguished medical udm,,FALSE
abb7df7557c5af6e024ab85c39342abc,King's College Hospital London - Jeddah,king s college hospital london jeddah,,FALSE
34ba3a1d9d087c19ff60918b7c85d8d1,Databorn,databorn,,FALSE
314c4dc1ad113e12189097baaa6f5806,techgenies,techgenies,,FALSE
e854c3ce2df259869d0edc072833793c,Virtucruit,virtucruit,,TRUE
27bef0079c89f9f92a93224d362adba6,Aster DM Healthcare,aster dm healthcare,,FALSE
cc8a91428a1a6fd5a16b35817826d5ca,Horizontal Digital,horizontal digital,,FALSE
b215eb1d69704c7fbc2b83be9808b299,Albadr Company Materials and Hospital Supplies,albadr materials and hospital supplies,,FALSE
858c60820d05f0b8d8bf696df46e5bd3,Azeus Systems Limited,azeus systems,,FALSE
42da4cc5dc930890b0a836c64b0b418f,Xapply,xapply,,FALSE
645e1c36507d32f2f6a7fc218371c756,Kafou Energy,kafou energy,,FALSE
09c43092b5c65109582edbe1b520f151,ABBA Personnel Services,abba personnel services,,TRUE
0a5c98301c51ade2a91a7c9a8c975f8d,SAAD NEW,saad new,,FALSE
ae8d149e15beeceaf0e5c4f577561cde,Propel Consult,propel consult,,TRUE
e6ba8fb4ae08707591a798e53c72ae7d,Job Leader,job leader,,TRUE
8851fea1d0477de52aee9ab92b3cf2dd,Crowncork,crowncork,,FALSE
ebfbd4ab61b184467c5f6f2dc3be5946,Manar Rass,manar rass,,FALSE
ae76cde3b45f8c8626faf3269f399e5f,Boeing,boeing,,FALSE
6a7f245843454cf4f28ad7c5e2572aa2,Elements,elements,,FALSE
a6a176c685ae75387f4e93dbd75ab176,Jazeera Paints,jazeera paints,,FALSE
01c6ff3d1df89bacb6b5a5f1dc94299e,SamaWave Solutions,samawave solutions,,FALSE
a315fa2178f2d92307099b8ec4febfed,"Viatris Arabia Limited ""Llc""",viatris arabia,,FALSE
5cda39b23c89f11b845e18b6f230bbe4,Ankura,ankura,,FALSE
303c8ebdb6e5d8d142e93e01c1318e95,Solidgroup,solidgroup,,FALSE
24e12b9dc6c0699ca0e0a212efca6056,FluidAI Medical,fluidai medical,,FALSE
4c13d1eadcd49fc5cc7563136c39da1d,CLUB GOLF SAUDIA,club golf saudia,,FALSE
6b70b1e6ab983c575ae1ac0d4e3c23eb,Hilton Luxor Resort & Spa,hilton luxor resort spa,,FALSE
2e3b617073bec513ac0c7a4bb9723309,Azar Human Resource Solutions,azar human resource solutions,,TRUE
11929a57d325b67ec4d01b626d7fee05,Dachstiftung Diakonie,dachstiftung diakonie,,FALSE
8a731c19788e8db1a54d723877662c31,Hewlett Packard Enterprise Development LP,hewlett packard enterprise development lp,,FALSE
f8defcbfcfc04088cd3cf22593cbffa1,Al-Watania Information Systems,al watania information systems,,FALSE
6cb5811bcfb20b4a31ff910866cdbfc5,Woodston Personnel,woodston personnel,,FALSE
2617785657dd19bf624df23297ceb914,Schneider Electric - UAE,schneider electric uae,,FALSE
0ffcd2aafaf92585fef12cb9fd047854,UCC Holding,ucc holding,,FALSE
d47fedd78fbb9500fee8b2efd200dcd1,Internetwork Expert,internetwork expert,,FALSE
c7fe1eb64b48fe63330c10e4a7e979f5,JobCubby,jobcubby,,TRUE
f4cedb372c869ab9c6bce9e667826f0f,Futu Holdings Limited,futu holdings,,FALSE
43d4811ca9b096ca100e91baca91f354,Sigma Paints,sigma paints,,FALSE
4f4fa0f48675b423ddcf586b6d53d10c,NES Advantage,nes advantage,,FALSE
f41a1e99462ea238ec736a0302f95c74,Alfa Laval,alfa laval,,FALSE
0ba9757be11d2fc37849680fd29f4349,Mantiqi,mantiqi,,FALSE
d3ea2d2c1acdd3293c975dd011f4bc3d,NOZOM,nozom,,FALSE
2be1a2d8b7ff45a67102771f2557e12f,CommScope Inc.,commscope,,FALSE
4297559f8c65909fbf259b71b1ecaf77,Stafford Lawrence,stafford lawrence,,FALSE
a0b9a4445e09fd1c00a0094bd60281a6,Jacobs (KSA),jacobs,,FALSE
e277c3492f92a6efb74cb4c3a5ea2551,Vanderlande Industries B.V.,vanderlande industries b v,,FALSE
be57e2124941f78fe813ce2056df5a27,Beat Sphere Solutions,beat sphere solutions,,FALSE
d5057a753cc168ab2754b07bf5968c8c,Allergan,allergan,,FALSE
be16a0291a43f34353e8bb450d6fa294,Primasg,primasg,,FALSE
144d564c2e48dbe234f2bcf5ee9e553f,Alfanar Projects,alfanar projects,,FALSE
7d4c5c2746bbb4c3ce0c4a4928cb2977,Hilton Hotel,hilton hotel,,FALSE
c0499b73804fb8e571c7de64ebbe70cd,Movandi,movandi,,FALSE
9d903ccd68212f85fc2e700e4733e52f,Adobe,adobe,,FALSE
46f1e2d56523e4f8fe607f0972cc3c26,Your ITeams Sp. z o.o.,your iteams sp z o o,,FALSE
db3f480c17c5a9398f220932833c2b25,Compunet Connections,compunet connections,,FALSE
e4727cf4262c499b8fdbbdb391cd658e,Rawasi International Contracting,rawasi international contracting,,FALSE
fec0f709fabb9f88236d025881e146f1,flyadeal Airline,flyadeal airline,,FALSE
9f608aaed334be3b7c0cc481b86458ad,Wonderful Ltd.,wonderful,,FALSE
42a61425cf575a35094bf34fea7b5932,Veolia,veolia,,FALSE
36f577145a4da12546f1c6260e09b568,NCR Atleos,ncr atleos,,FALSE
295217ce6ba75afb2f3ebc6c3d77afa6,KAAB Modern Contracting Company,kaab modern contracting,,FALSE
d8eae6c69ba61bdc1b4bd01b3de43d65,شركة خدمات الملاحة الجوية السعودية,خدمات الملاحة الجوية السعودية,,FALSE
9178624458b665ac6ca877449c7601de,Facade Today,facade today,,FALSE
a4ec7d3459f8ba7e2c302d9fe70e21ee,Informa Group Plc.,informa,,FALSE
5c5c10c57726aff00fab7bc64f90a79e,Sigmapaints,sigmapaints,,FALSE
e4c27ec53c8d375cdd372b686b47673b,شركة سبيسميكر العربية السعودية,سبيسميكر العربية السعودية,,FALSE
cb706d1f75e6ab90193bf5bca214beb2,Kanr for plastic industries,kanr for plastic industries,,FALSE
eb5aff5781eebb31f414b24a7ecc69c3,Control Risks,control risks,,FALSE
a917fdff4a1b430e2049d2b0f8b5cb23,Credx,credx,,FALSE
91a995c24757ae636532ecdc543a3a40,Sulzer,sulzer,,FALSE
73b8a16e538d8363ad740014a340b76e,Alamcosa,alamcosa,,FALSE
e8657856409a0769a558e93c529fbf8e,One Identity,one identity,,FALSE
772e328e0284381b8e00a28352cf5d94,Riyadh Cables Group,riyadh cables,,FALSE
a56f1e1c7d91dda7297365aa0b6f4ed5,BasharSoft,basharsoft,,FALSE
1432500e5304093b5ae3aa8346a17334,مدارس المدار العالمية,مدارس المدار العالمية,,FALSE
34dd77add7a4f7ad249fe920ac9aafcd,M Hotel Al Dana Makkah,m hotel al dana makkah,,FALSE
f92f8eb205b140a21f1c0b6b0cb322fc,BeWunder,bewunder,,FALSE
8052b6f119a405dfb40bff7c99bb26d1,Hire Resolve,hire resolve,,FALSE
33b8659fa3b3a65bad69db6ed9806004,MM Management Consultant,mm management consultant,,FALSE
c629631daeb5adaa4ec8b76429dfe884,Project One & Co.,project one,,FALSE
fb0ad8de75b2780d57806c5997d63326,DB Financial Services,db financial services,,FALSE
cbe94d89ecb0a12ecf1b8a61e651f561,Wabtec Careers,wabtec,,FALSE
deddbbc6816674d177170f621035eb37,Globalhrs,globalhrs,,FALSE
5ef00a2f5261d99130f348a9e86784bd,مطعم في الدمام,مطعم في الدمام,,FALSE
b675d9982b98367fc1e945dae2619599,Doist,doist,,FALSE
7a4ff647276f858bcb01f856726a065a,Ma'aden Aluminium Company (MAC),ma aden aluminium mac,,FALSE
6ee869fad6b8edb692fa7ef21f99be04,Suknai Hotels and Resorts Group,suknai hotels and resorts,,FALSE
d96fa6bc4188723a038bbf5bcc097364,FLS Al-Rushaid,fls al rushaid,,FALSE
ec2cc80c15031e3daab843113a5e8401,شيلسي لاستشارات الموارد البشرية,شيلسي لاستشارات الموارد البشرية,,FALSE
f9ba68f93de9635d46cf34e08310b6eb,Al-Rajhi Company For Cooperative Insurance,al rajhi for cooperative insurance,,FALSE
30b04f985c5965c526ecf857eb6d113d,Abduljawad Trading & Contracting,abduljawad trading contracting,,FALSE
d56d523b5a5bc35142b2fca97a5f2365,BrightHire,brighthire,,FALSE
7a7137f36a4230d08c111c8fd1097e91,The First Autism Association,first autism association,,FALSE
b964c0ee687de12ac62e17ad82c170c8,مشاريع الترفيه السعودية,مشاريع الترفيه السعودية,,FALSE
ed37541db37ed2d6734dc1bf9cf7de8e,Azizia Panda United Inc.,azizia panda united,,FALSE
2adafcd8057330a422656e8bad3ffd92,Estithmar Holding,estithmar holding,,FALSE
6670333e4aae950ee85ab0a74762bd5b,F5 Networks,f5 networks,,FALSE
350bde1202c0a32d04191fd142e64d33,Zamil Industrial,zamil industrial,,FALSE
f7d6a5aafab84141dbe843c86af2ae3d,National Medical Care,national medical care,,FALSE
3454b5ed3e6386d86032ecc31509798a,Khazna,khazna,,FALSE
a05621f77cd8755808fd64bceb63d1b7,Discovered MENA,discovered mena,,FALSE
21eabbfe05c20d7ac1e2a4957346c53a,Client of Taj HR,client of taj hr,,FALSE
239d95b5e0a30b278c9672af973063cc,Wesco,wesco,,FALSE
df0893220c993ffbeb28b75726e081f7,nrf,nrf,,FALSE
6444f1df5c4749a8263db62031a18239,CWT Farms,cwt farms,,FALSE
2ee10a5cddab419f7a9090344ec3981e,Techsure Inc,techsure,,FALSE
8c128b55b36eba94410186bdc3268da6,flynas,flynas,,FALSE
3165cecfce584c51e706af3e63fe0375,TransPerfect,transperfect,,FALSE
5b9bd37ae194bce2d53666bcb9d99b01,jobs finder,finder,,FALSE
a2608b3aae76f9416fd11ac9a900fe4d,Thrive Management Services,thrive management services,,FALSE
5853f06cad7c7f6f5081314985353728,ATCOM,atcom,,FALSE
3b9572fe2fca65ef31aefbdd84283787,Alturki Holding,alturki holding,,FALSE
c765bfd90b9ce815d6d4419d5f856763,Abonar Group,abonar,,FALSE
c4ae1e4c67e75b9b835d0d34f5d917b6,Zuma Restaurant,zuma restaurant,,FALSE
fa9bc6313dcebc16019ab4bc4bc27aac,Alsadara,alsadara,,FALSE
b957630948cfe1973842a5f97af4357a,BUNA,buna,,FALSE
659767f44ca539bfb7610c8808af4c66,Interim Innovation Co Ltd,interim innovation,,FALSE
cdfa98d1eb87906746b20eb6255cadad,Daves Hot Chicken Jeddah Branch Kingdom of Saudi Arabia,daves hot chicken jeddah branch,,FALSE
526a017db9742bb94e413d0d67ca8b5c,SmartChoice International,smartchoice international,,TRUE
81e52042d98fac0f94b60f3381a7ae9b,Duncan & Ross,duncan ross,,TRUE
6aefad7d11f3a1ba14f6a8d16025cd04,SABIS KSA,sabis,,FALSE
5ae1d3a2691ea506dd091b9fa656e746,Rawaj HCM,rawaj hcm,,TRUE
ac5c7f3aeaaafd176d911c1148f55ec2,Foreground Consultancy,foreground consultancy,,TRUE
932b1612299d12d88e0e99c1265624c7,Im Here,im here,,FALSE
1928461fe9ba0154a9519e82522d32f0,Dozan,dozan,,FALSE
9a187b81a7495aafd4cad390c85602d1,Huspy,huspy,,FALSE
65ae3ef3f2b1f53a0e9b0de033b17b7d,مصنع الرؤية المثالية للصناعة,مصنع الرؤية المثالية للصناعة,,FALSE
2039418d5e5a30463542fa8c201a1244,Elliscoxo,elliscoxo,,FALSE
b6a6737ef0ccfbf6d4d1afddc7829b33,HSBC,hsbc,,FALSE
a7fde05220dcd34f9b61379db5900feb,AL-KHALEEJ COMPUTERS & ELECTRONIC SYSTEMS,al khaleej computers electronic systems,,FALSE
5cabde555fe8cee4ccbb440c491018c0,Advantage Medical Staffing,advantage medical staffing,,FALSE
cfeb5e3bfb692cec76e7d315f8eb57b1,Seeds Renewables,seeds renewables,,FALSE
b2630601978aebd649c15b5a5fcd2c32,Nesma & Partners,nesma partners,,FALSE
48fd1f033920ec28129a445e7193dc5c,Navartis,navartis,,FALSE
5c503515c2f91bb01bee564f1d2c4c95,TGC Middle East,tgc middle east,,FALSE
c48a2c16e1023e5889b157d5fbae506c,Helmerich & Payne,helmerich payne,,FALSE
8b2ef1089ed7cade306c7ab1d533f0dd,Aujan Coca-Cola Beverages Company (ACCBC),aujan coca cola beverages accbc,,FALSE
8077ee4f4c933e7b9623dca2b5bcc25c,Gulf Medical Complex,gulf medical complex,,FALSE
cb1ff0f9a9073116d06ab74f2a48e431,eyouth,eyouth,,FALSE
d1ea35f781dc68a8d0aff75d24f69655,Water Transmission Company,water transmission,,FALSE
e7b53fb7bf75363e3f28e2fdbce8cbc5,MOYASAR,moyasar,,FALSE
f7a148d38c203541dbf125d939e69f36,Immensa,immensa,,FALSE
b4ba557b9778eeee0bd775754269aa79,Egis FR,egis fr,,FALSE
841b7fd3e04789ce0e40889e267168c0,MBR Recruitment,mbr recruitment,,TRUE
0b4e5bbd4b068703711fc4e6e4791bed,مؤسسة اميوكوام لتنظيم المعارض والمؤتمرات,اميوكوام لتنظيم المعارض والمؤتمرات,,FALSE
15fa45d5bd2cf39fd75ec0ba740effcf,Buro Happold,buro happold,,FALSE
07952f195795a66da7f04f9d2123bb6e,GIS and RS Opportunities,gis and rs opportunities,,TRUE
c62f062080304ed2712deab9fa469ca9,Tamer Healthcare,tamer healthcare,,FALSE
03c01e58610752c08e57c24ac3f58ff8,Dammah Consulting,dammah consulting,,FALSE
19c0385f4dc1e95233671faa0e10d550,TAQA,taqa,,FALSE
843968b9edc01d6caf1ad69b5b16753f,join solutions,join solutions,,FALSE
98defd6ee70dfb1dea416cecdf391f58,SITE,site,,FALSE
6b9f3f633db63084a7175978a9ae34eb,XAD Technologies,xad technologies,,FALSE
810d8ef00792d5c66264a8bbf9f89d2e,Hjem,hjem,,FALSE
1d76cf1d6b0bdb153b5403d4ec571929,Praxis Consultants,praxis consultants,,TRUE
3aa4cee39db2eae99220949e26058a41,Aspen Pharma Group,aspen pharma,,FALSE
c825dcdb974baf681d3caae7e3e138b6,إتقان,إتقان,,FALSE
9a0f37f355df5ac9a3439fbe6da5e67a,Nashaa World,nashaa world,,FALSE
322699d7a0d31ab3211776a63f589845,Qualcomm,qualcomm,,FALSE
9d7605d06aee9ce0fd58928faf9bde51,United Distinguished Medical,united distinguished medical,,FALSE
29ba12fa332d7a9d2fcbccc5516998fe,Mohammed alghamdi,mohammed alghamdi,,FALSE
a502ea6555cc239414184b8c34102db1,Sofomation FZ,sofomation fz,,FALSE
26bd3ad9bc92f0c802cf5c497a079afb,الخزامى التجارية,الخزامى التجارية,,FALSE
084b6674fdd4df349f452b477304f165,Dentsu Inc,dentsu,,FALSE
fb04d43ab0444a7d40c42067d84f5179,Atlas Copco Holding GmbH,atlas copco holding gmbh,,FALSE
406b66d8809306aa9176c69db2604fd5,Aloha Consulting Group,aloha consulting,,FALSE
8634eb77385598de67bb3e33bd2c459d,Majid Al Futtaim,majid al futtaim,,FALSE
646ea72c850081dc761067a3e3961613,Raytheon,raytheon,,FALSE
5cc82f8ef292a865c0aea3f474164a3b,Candidzone,candidzone,,TRUE
2ec8caca9d161fe068e2994d9b8ca258,Blue Limits Group,blue limits,,FALSE
4ab5ad880153b40bbed1497a9ad34f57,Melon Digital Insurance,melon digital insurance,,FALSE
bb3068fcf9f04401241eac3a18699f3b,Asas Training,asas training,,FALSE
e934459a27b4d57910472e6064b317e6,TELUS Digital,telus digital,,FALSE
4119b94c249a4782f2229af1c29055bd,Tkxel,tkxel,,FALSE
5f553bf8622b14e3e1c57e80caf4b3cd,APM Monaco,apm monaco,,FALSE
0ec40fd484a8384130e26e9c29ef5f65,Sisco Jobs,sisco,,TRUE
1355e7a1feb13f77a4464845a39fa933,Breathe & Buff,breathe buff,,FALSE
54c84b40e9ff5a31472904a0cd2f0a17,think,think,,FALSE
49039d4c31c7868fad2ec8eea0ff9e34,Express Food Company,express food,,FALSE
de6474771b37171b150ca386b79756b3,Albawani,albawani,,FALSE
65a202f3e86ee0d2a9d321c795a14d25,Técnicas Reunidas,técnicas reunidas,,FALSE
d432f0016584d10326fd79cf1a120434,Assetara Limited,assetara,,FALSE
8522a473dfc40e2c1fde4b0a8cb41101,Seerah,seerah,,FALSE
20a4cb300b4af8d2dffb310a613749e3,Nawras Power Company,nawras power,,FALSE
c5dec113dc0eb668105a0a8568772af3,Sener en Ingeniería,sener en ingeniería,,FALSE
d85362faae75ddbec33d4870191c72e9,Guardian Jobs,guardian,,FALSE
cff5497121104c2b8e0cb41ed2083a9b,Flow,flow,,FALSE
a8d2d0dcb1c46a04edd9422690d3e2b2,Devoteam Middle East,devoteam middle east,,FALSE
19b961b5df14cdac752b679a008c48b3,TMC Middle East,tmc middle east,,FALSE
63ce5df4a6b95d049b47c7d6b67e7c4b,Visa,visa,,FALSE
8f33cfae863623b34548161bb3fe613a,AlBalad AlAmeen for Development and Urban Regeneration,albalad alameen for development and urban regeneration,,FALSE
acddcb1547640f3e0fada149bdebb6a6,Al Manar Arabian Contracting Company,al manar arabian contracting,,FALSE
12e3eb45126e685c06f293541629874a,Big Fish Consult,big fish consult,,FALSE
2942c466ae985c4fe2d8cc9d0c801501,BETWEEN Group,between,,FALSE
5d557ecad2a7c2a0c8be1ab2ea3e73d6,Wellbees,wellbees,,FALSE
7d77efedf51b7fb887e9362dcdb62870,RTL2 Fernsehen GmbH & Co. KG,rtl2 fernsehen gmbh kg,,FALSE
5e003dfd8746c04bbaee0239173b5fa0,PE Global,pe global,,TRUE
d28fb991e7d04b5bda1304d2d6eb5010,Riyadh Air,riyadh air,,FALSE
25595b99dfdf734a2d4b6cc4a5861c78,Nexturn Advertising Company,nexturn advertising,,FALSE
a1f2d15ce04a63d7d9c86af8b35edaac,Semi Government company in Saudi Arabia,semi government in,,FALSE
f848987a916a563d5280c6341877c3c0,LIPTON Teas and Infusions,lipton teas and infusions,,FALSE
ac638a13498ffe51c65a6ae0bf7089fd,Dar,dar,,FALSE
a7e362f71e89339bc52f1d6cd3729e2a,Business Tribune Global Company Ltd,business tribune global,,FALSE
9a450d7d2578bbed9e34aef8e7ab3c3d,Selective Touch Recruitment,selective touch recruitment,,TRUE
8a1292a6e3e1dec18fc8a72e092e2c33,Summit Power Company,summit power,,FALSE
62b2b4b303264f138ba96ea3de80d1cc,Dyana,dyana,,FALSE
ead8042e5d1c25d04b06273d23c97256,Shipa,shipa,,FALSE
9eb4dc03445a25aa5cf0f50a5c108a29,Business Umbrella,business umbrella,,FALSE
a5958df402c969d1eda5b4d08ca3acbf,Cartier,cartier,,FALSE
65549bed972fb6d7145aad67489d4aa4,AdventureRecruit UAE,adventurerecruit uae,,FALSE
96f8a557fc9b668b3e4869732405f87f,Extendicare,extendicare,,FALSE
b6bb43df4525b928a105fb5741bddbea,AE Jobs,ae,,FALSE
4045dc4b183f160fadd0af78a0aa8afd,Protag,protag,,FALSE
d5a1883d1019dbeb4db73a7696ca8f77,Amlak,amlak,,FALSE
6ce84e827c96f3bc2c9f6b2c98f2a6d4,COGELEX Jeddah Branch,cogelex jeddah branch,,FALSE
369d3fe92a3cdf0c52a434b6c4e0ef60,Dia Pro,dia pro,,FALSE
13bd8a65c017f08e063c81ae763df1d8,Algihaz Holding,algihaz holding,,FALSE
639ec1dbbebe4e968b8261f7d050376a,Dallah Albaraka,dallah albaraka,,FALSE
3aef465465f68041b81ecb7326c0fe82,Bühler Gruppe,bühler gruppe,,FALSE
37b6177143a7fab25158b4db5375be08,Aquarabia Qiddiya City,aquarabia qiddiya city,,FALSE
3343e380a747e051b41f01f3cfd5ec9f,Diaar Real Estate,diaar real estate,,FALSE
03b0f1caf102d01b1b4c188e51ba79d2,Arabian Metal Industries,arabian metal industries,,FALSE
0cc1cbed165367614e3f49b1af433438,Hitachi,hitachi,,FALSE
acca1f170585e1402138ac6dc80d5fd5,Qureos,qureos,,TRUE
ac969326a008990c859f89b5daff305a,Diversey,diversey,,FALSE
cf00eaf2c8d2c7d6f5b8a15215fc9f19,Rotana,rotana,,FALSE
d39ef203a0077008176bb2a8b49c6a99,Gathern | جاذر إن,gathern جاذر إن,,FALSE
b2c03103db67a65967db9dbb7b64e293,Alkaffary Group,alkaffary,,FALSE
4abf9a6bf5a670875c6fcee9d75900fc,agap2 Italia,agap2 italia,,FALSE
bd87193fc128c304a7afe4a759ce4eee,Taj HR,taj hr,,TRUE
1a0b6b037c7e3f01f75edb07aa7e33c0,Peergrowth Consultancy,peergrowth consultancy,,TRUE
f223e0ff44388c70d9321ce572635dba,GlobalProcure,globalprocure,,FALSE
800b8f2b4b9f8a890d8b2655811acf96,Imdad,imdad,,FALSE
8a10f071091b7a763f08047b70158ed5,Khalid Ali Alturki & Sons Company (Alturki Holding),khalid ali alturki sons alturki holding,,FALSE
70475904f424432d2f4ab049cd48496a,BEUMER Group,beumer,,FALSE
21f8fe1ab60e8df68ef8a4815d5b1d9f,Zohorecruit,zohorecruit,,FALSE
6de825d3dd2adb023cff74d909744d73,Verta Hotels,verta hotels,,FALSE
9ad4ae90ba2d9c8c8ed0ae09cd033a57,Tasnee,tasnee,,FALSE
edd1f6c713f210328ce76f1a9705313f,PACC Offshore Services Holdings Ltd,pacc offshore services holdings,,FALSE
1a912ca20fb31005b507b92247b881f6,Baxter,baxter,,FALSE
989da7ef7c16a5d8497040cffc5b4d10,Talent at,talent at,,FALSE
14974f8eed435f594de307c71ed324e0,IQVIA,iqvia,,FALSE
0f1314cfe82bd86ab4f347f56db1d845,DataPlus,dataplus,,FALSE
a72a347b31e770e0d0b564903ce4cc6e,Emdad Al Sharqiyah Gasket Factory,emdad al sharqiyah gasket factory,,FALSE
d6452c19fdde9e689dc434cb59075f42,Haleon,haleon,,FALSE
ac04142db91932e9114a1592e67c5481,SELECTED RECRUITMENT,selected recruitment,,FALSE
60055c3a7447f4123a56b15192c55442,Jeddah Airports,jeddah airports,,FALSE
1e367ec9357f3db12c955570a5076298,Enwan Events,enwan events,,FALSE
b8132f05894602bb17a81dbbd5d8d592,Siemens Energy,siemens energy,,FALSE
d45ec3c4af38967de454f9e45bb1cef4,Carrier,carrier,,FALSE
9755d25798e3f6971fe7ff7ea4ec898d,CyberArk,cyberark,,FALSE
eb320b5b52f0a6f82ce438b809a26218,Air Products (Middle East) FZE,air products middle east fze,,FALSE
fcb484abe950135bd6ef9552f7909c8d,Client of Michael Page,client of michael page,,FALSE
45384a00fe1f3f18a8cb81f94b892f31,Emdad eastern supply,emdad eastern supply,,FALSE
4aff16ad09367e4332c8c4177eade72f,Klanik,klanik,,FALSE
7868026332fc05ac2c2f22b5ef480b91,"ForceShield, Inc.",forceshield,,FALSE
efebaec0d2668c54c7772c596bda1388,سرعة التعمير للمقاولات,سرعة التعمير للمقاولات,,FALSE
d835b7c3ce7c441345b58edde98a8f1c,Kalsoft,kalsoft,,FALSE
461bf683b53412b8e31e0a08d6a89cff,Aitomic Jobs,aitomic,,TRUE
c5e67b9b4e90b1c825332049a865fc94,Zahid Industries,zahid industries,,FALSE
90e2c7687e473244d1c0b3400973cd55,Saudi Arabian Trading and Construction Company (SATCO),saudi arabian trading and construction satco,,FALSE
9baff586370b02cf68af123e68f3406f,Laverne Group | مجموعة لافيرن,laverne مجموعة لافيرن,,FALSE
f91cdbe5c1c99d708e1ee381cec7f083,Work&Co. Family,work family,,FALSE
6ee350080cb80498cb88e727d077598c,CMA CGM,cma cgm,,FALSE
ddbe18f9e817f99576a6b19f4ef7ea11,Amplitude,amplitude,,FALSE
ed254dc71cfdb13aa43411e3375938df,Saudia,saudia,,FALSE
8f9b59e7453e19acab73fb6dcf22507e,Nice One,nice one,,FALSE
1d03342db9ea8cf60f49c8211420b9a4,Rommaana,rommaana,,FALSE
37cb32462b6f4884a1d6a8afa6043348,Ultimahub,ultimahub,,FALSE
dca8d1699f580e9b0a924ed4a59dc375,Starhold,starhold,,FALSE
462bee80b1c01893161359791476edda,ManPower Global,manpower global,,FALSE
3439c4b1710174a7879b248f58754507,Core Code io,core code io,,FALSE
0d6e63867454e157d4d481561a763999,Cutting Edge Recruitment,cutting edge recruitment,,TRUE
37488fc673891caa3d68e5ced9b184b1,Bupa Arabia for Cooperative Insurance Company,bupa arabia for cooperative insurance,,FALSE
73bfad23a57f1f54ebc1a159a591b9f2,"Redesign Health, Inc.",redesign health,,FALSE
5c13f1139c6bcc60756cb8032fd5d3ee,Devoteam,devoteam,,FALSE
8985c1d64f80ced7c310f668021976ca,ARX,arx,,FALSE
acf47d3dc5ec6b7518ad0184b72ebb50,ALRwad International Academy,alrwad international academy,,FALSE
0e4e679f95f14f953731cbd150890e00,Celcom Solutions Global,celcom solutions global,,FALSE
bc7afcb7eef3ccfc1fc6547ed5fcde34,HUDSON,hudson,,FALSE
82c6d59014612f3753ec84de6277f957,MEFITPRO,mefitpro,,FALSE
989ffb472aa8afeb127c56ac93bf3f0c,International Water Distribution Co. (Tawzea),international water distribution tawzea,,FALSE
e7727d894fba6e9d8f91839950b3271e,ocean food,ocean food,,FALSE
0c6c6f231d36082ad5fd156b3b99ef8e,Gulftekarabia,gulftekarabia,,FALSE
618abe1d75ae023776b0cede8d50266b,Alsalam Aerospace Industries,alsalam aerospace industries,,FALSE
e4a64dff9bcd5b5c311f052be7c2dfaf,Boundless Consulting,boundless consulting,,FALSE
54b3ddfdee973f61dd83ab08c1afce39,Boud,boud,,FALSE
b106835198b6412d6c13bd250ffae157,Centro Olaya,centro olaya,,FALSE
9f80bc7475ca09294179adbdc813fa55,Millennium Hotels and Resorts MEA,millennium hotels and resorts mea,,FALSE
c4ac8f147b6c724746b622bb4deafa69,Luxottica,luxottica,,FALSE
295545cf992b794d34ebb9833166d04a,Hexagon AB,hexagon ab,,FALSE
3773cd5eaae1df60d74a2c5bfc23ebc4,Hatch,hatch,,FALSE
638736937546c199c8448cfc9418f47e,Gulf Power & Marine,gulf power marine,,FALSE
7c7384349484c6657fe0169c9893dfac,Solaiman A. ElKhereiji (SAK) Engineering Consultant Company,solaiman a elkhereiji sak engineering consultant,,FALSE
a648c61cb06d4e299f3de5c7efaeed43,Mehad | مهاد,mehad مهاد,,FALSE
ee0b2043561ffb55ce084f1580147b91,Cercli Tech Limited,cercli tech,,FALSE
f8c93a65b837caeb5fa59c94557c7a9f,Woopel,woopel,,TRUE
2146175e6584b7c11f026f2ec967d1e3,DHL Group,dhl,,FALSE
f18b856972fc052382302da12054a7f7,Delegación Union Europea en Panama,delegación union europea en panama,,FALSE
8d4ba1c29f8ff7cefc2f7aa6c177f486,Reboot Monkey,reboot monkey,,FALSE
6aa7100cd56c89b0c96c6dd5f55768b3,شركة ديرة السعودية للتنمية المحدودة,ديرة السعودية للتنمية المحدودة,,FALSE
a1fc2324e94d7187b652bc6f1a232ad5,Barqsystems,barqsystems,,FALSE
6c4654f23799f7e2fc95432d8c5a5078,Jersey Oil and Gas,jersey oil and gas,,FALSE
82817cc2f4d45644380a0db2a74a2ca3,Damco Spain SL,damco spain sl,,FALSE
fb307bb59b5da3d3de861fced390d24d,Absal Paul Contracting,absal paul contracting,,FALSE
4c90b4ce539be297d13308166732ff35,Malik Sky Co,malik sky,,FALSE
43f4a414126e07fd944b523ea6c744ac,Dengage,dengage,,FALSE
5e650bfdfd25b02d7b6b0ad6913b15af,Red Sea International - RSI,red sea international rsi,,FALSE
d6a6173d73109db6ca8488a5895e6d46,Clarios,clarios,,FALSE
e36fcebc4fc7d5237d311178d4e74e19,Food Basics Co,food basics,,FALSE
d95b1ffd6dd0f4f97d85206912424f0e,KAPSARC School of Public Policy,kapsarc school of public policy,,FALSE
6c7b22587a236414c21842999f6b9891,King Abdulaziz Medical City - Jeddah,king abdulaziz medical city jeddah,,FALSE
1a89981e300dbf26247eecff8bdb23f8,Doka,doka,,FALSE
67902d524be0efd0e7596604b6e31ab6,The HSE Leader™,hse leader™,,FALSE
bb71ffc560685b0ccef60a0908ab0fc7,Grand Hyatt Al Khobar,grand hyatt al khobar,,FALSE
b3b0e8552654d5fbde05a65480e5696d,Faraj Transport & General Services,faraj transport general services,,FALSE
0780b7458ef8963066d0ad5267153175,شركة نقل المياه,نقل المياه,,FALSE
9cfa83d9bb369b001f8a0dcc7b3b4a07,Total TECH Co,total tech,,FALSE
17cada50593962883cb919ee2ca38693,Dar Al Riyadh,dar al riyadh,,FALSE
108ac877c6dade5bbb22686e42cf0bec,GEN PLUS Group,gen plus,,FALSE
ddcaeab66011325d529164fd9988812f,Alkhorayef,alkhorayef,,FALSE
9f74a802947996db436f3870f01d47c3,Madar Logistics Platform,madar logistics platform,,FALSE
4abab54c00f662f03a4752f21373cd62,DHL Global Forwarding Saudi Arabia LLC,dhl global forwarding,,FALSE
468903ffac09760c63dc4ab814ae16d5,Sheba Joy,sheba joy,,FALSE
f1a907a734841e11a01d4830816963be,Abdullah Hashim Co Ltd,abdullah hashim,,FALSE
719d271ad945ff75c315d392819ea91e,Zyclyx consulting services Pvt Ltd,zyclyx consulting services pvt,,FALSE
321867a0199932504d8df2224170df3c,Masar,masar,,FALSE
06232d896a97184840a2795f2b0c1972,Abdul Latif Jameel Motors,abdul latif jameel motors,,FALSE
1e8d1da8446acb3190b6a23b5a83a090,Alfanar Precast,alfanar precast,,FALSE
9599a99c62b1943cedec16c45af87ce4,Fresenius Medical Care,fresenius medical care,,FALSE
ae3cb4bea9809e6abe5994390ab17ede,Agoda,agoda,,FALSE
823f1614613d35fc927db13af9811122,Hirestar Job Bank,hirestar job bank,,TRUE
60a2249008de1b4d6b5eaf590137a58d,Linde Sigas,linde sigas,,FALSE
e25409bc727101771da1c3f536d0f1d0,Elegancia Arabia,elegancia arabia,,FALSE
d7a3d05f9dc0ea6e65f3adf13198b54f,Client of Ethra Hr,client of ethra hr,,FALSE
a3c6393fd44ff6d20364f0fb044c041a,Ejada,ejada,,FALSE
30c35cfe06bad14ad455c018cda9b561,3i,3i,,FALSE
c34f46d850275640cec54dc7a976274b,Booking.com,booking com,,FALSE
3cca0933dc028eace864aac0b5506c2c,Trade Tech International,trade tech international,,FALSE
d648d49f15144a86e5b9f5196fc5eefa,OmanYP,omanyp,,TRUE
c1d6579c28ebf9384188b06a53b1d968,700apps,700apps,,FALSE
15f9976d7df15fca7a3b8409cd6fd195,Apex Group,apex,,FALSE
706186714ae8719dad629565468b38ae,TXM Solutions,txm solutions,,FALSE
310f09004629829dafcac0be2ab4a549,Stella stays,stella stays,,FALSE
008d2572202309112f0ed4323ccbc617,Modern Innovation Investment Company,modern innovation investment,,FALSE
58030a0aebaeb3c51067fe34e101b1c0,ashleyfrazerexec,ashleyfrazerexec,,FALSE
439edf3785396c177992606c0b98a370,NADIA Recruitment & Management Consultants,nadia recruitment management consultants,,FALSE
f34f1e5c7040cf66ab4cc00721318482,Al Bassam & Co.,al bassam,,FALSE
b6be0fb133de3084a8d453bd4e63e724,Vhr,vhr,,FALSE
